﻿Date,From,To,Flight_Number,Airline,Distance,Duration,Seat,Seat_Type,Class,Reason,Plane,Registration,Trip,Note,From_OID,To_OID,Airline_OID,Plane_OID
- -,MAD,ACC,Iberia Airlines (IB),Iberia Airlines,2416,05:19,,,,,319,,,"Direct",1229,248,2822,
- -,MAD,ACE,Ryanair (FR),Ryanair,977,02:27,,,,,738,,,"Direct",1229,1055,4296,
- -,MAD,ACE,Iberia Airlines (IB),Iberia Airlines,977,02:27,,,,,32S,,,"Codeshare",1229,1055,2822,
- -,MAD,ACE,Air Europa (UX),Air Europa,977,02:27,,,,,738 332,,,"Direct",1229,1055,90,
- -,MAD,AGP,Iberia Airlines (IB),Iberia Airlines,267,01:02,,,,,32S,,,"Codeshare",1229,1230,2822,
- -,MAD,AGP,Air Europa (UX),Air Europa,267,01:02,,,,,ATR,,,"Direct",1229,1230,90,
- -,MAD,AHO,Ryanair (FR),Ryanair,621,01:44,,,,,738,,,"Direct",1229,1517,4296,
- -,MAD,ALC,Iberia Airlines (IB),Iberia Airlines,220,00:56,,,,,32S,,,"Codeshare",1229,1212,2822,
- -,MAD,ALG,Air Algerie (AH),Air Algerie,449,01:23,,,,,736,,,"Direct",1229,210,794,
- -,MAD,ALG,Iberia Airlines (IB),Iberia Airlines,449,01:23,,,,,319,,,"Direct",1229,210,2822,
- -,MAD,AMM,Iberia Airlines (IB),Iberia Airlines,2267,05:02,,,,,319 320,,,"Codeshare",1229,2170,2822,
- -,MAD,AMM,Royal Jordanian (RJ),Royal Jordanian,2267,05:02,,,,,319 320,,,"Direct",1229,2170,4259,
- -,MAD,AMS,KLM Royal Dutch Airlines (KL),KLM Royal Dutch Airlines,907,02:18,,,,,737,,,"Direct",1229,580,3090,
- -,MAD,AMS,China Eastern Airlines (MU),China Eastern Airlines,907,02:18,,,,,737,,,"Direct",1229,580,1758,
- -,MAD,AMS,Air Europa (UX),Air Europa,907,02:18,,,,,738,,,"Direct",1229,580,90,
- -,MAD,ARN,Iberia Airlines (IB),Iberia Airlines,1615,03:43,,,,,32S,,,"Codeshare",1229,737,2822,
- -,MAD,ARN,Scandinavian Airlines System (SK),Scandinavian Airlines System,1615,03:43,,,,,73H 73W,,,"Direct",1229,737,4319,
- -,MAD,ATH,Aegean Airlines (A3),Aegean Airlines,1476,03:27,,,,,320,,,"Direct",1229,3941,96,
- -,MAD,ATH,Olympic Airlines (OA),Olympic Airlines,1476,03:27,,,,,320,,,"Codeshare",1229,3941,3776,
- -,MAD,ATL,Air France (AF),Air France,4323,09:08,,,,,764,,,"Codeshare",1229,3682,137,
- -,MAD,ATL,AeroMéxico (AM),AeroMéxico,4323,09:08,,,,,764,,,"Codeshare",1229,3682,321,
- -,MAD,ATL,Delta Air Lines (DL),Delta Air Lines,4323,09:08,,,,,764,,,"Direct",1229,3682,2009,
- -,MAD,ATL,KLM Royal Dutch Airlines (KL),KLM Royal Dutch Airlines,4323,09:08,,,,,764,,,"Codeshare",1229,3682,3090,
- -,MAD,BCN,Iberia Airlines (IB),Iberia Airlines,299,01:05,,,,,319 320 321,,,"Direct",1229,1218,2822,
- -,MAD,BCN,Air Europa (UX),Air Europa,299,01:05,,,,,332 333,,,"Direct",1229,1218,90,
- -,MAD,BCN,Formosa Airlines (VY),Formosa Airlines,299,01:05,,,,,320,,,"Direct",1229,1218,2439,
- -,MAD,BGY,Ryanair (FR),Ryanair,758,02:00,,,,,738,,,"Direct",1229,1525,4296,
- -,MAD,BIO,Iberia Airlines (IB),Iberia Airlines,198,00:53,,,,,319 321 320,,,"Direct",1229,1216,2822,
- -,MAD,BIO,Air Europa (UX),Air Europa,198,00:53,,,,,E90,,,"Direct",1229,1216,90,
- -,MAD,BJZ,Air Europa (UX),Air Europa,204,00:54,,,,,ATR,,,"Direct",1229,1219,90,
- -,MAD,BKK,Thai Airways International (TG),Thai Airways International,6330,13:09,,,,,777,,,"Direct",1229,3885,4940,
- -,MAD,BLQ,Ryanair (FR),Ryanair,805,02:06,,,,,738,,,"Direct",1229,1538,4296,
- -,MAD,BLQ,Iberia Airlines (IB),Iberia Airlines,805,02:06,,,,,CRK,,,"Codeshare",1229,1538,2822,
- -,MAD,BOD,Iberia Airlines (IB),Iberia Airlines,333,01:09,,,,,CRK CR9,,,"Codeshare",1229,1264,2822,
- -,MAD,BOG,Avianca - Aerovias Nacionales de Colombia (AV),Avianca - Aerovias Nacionales de Colombia,4987,10:28,,,,,330,,,"Direct",1229,2709,515,
- -,MAD,BOG,Iberia Airlines (IB),Iberia Airlines,4987,10:28,,,,,345 346,,,"Direct",1229,2709,2822,
- -,MAD,BOS,American Airlines (AA),American Airlines,3399,07:17,,,,,330,,,"Direct",1229,3448,24,
- -,MAD,BOS,Finnair (AY),Finnair,3399,07:17,,,,,333,,,"Direct",1229,3448,2350,
- -,MAD,BOS,British Airways (BA),British Airways,3399,07:17,,,,,333,,,"Codeshare",1229,3448,1355,
- -,MAD,BOS,Iberia Airlines (IB),Iberia Airlines,3399,07:17,,,,,333,,,"Direct",1229,3448,2822,
- -,MAD,BRS,easyJet (U2),easyJet,754,02:00,,,,,320 319,,,"Direct",1229,490,2297,
- -,MAD,BRU,AeroMéxico (AM),AeroMéxico,817,02:08,,,,,E90,,,"Direct",1229,302,321,
- -,MAD,BRU,Hainan Airlines (HU),Hainan Airlines,817,02:08,,,,,319,,,"Direct",1229,302,2660,
- -,MAD,BRU,Iberia Airlines (IB),Iberia Airlines,817,02:08,,,,,321 320,,,"Direct",1229,302,2822,
- -,MAD,BRU,Brussels Airlines (SN),Brussels Airlines,817,02:08,,,,,320 319 AR1,,,"Direct",1229,302,1531,
- -,MAD,BRU,Air Europa (UX),Air Europa,817,02:08,,,,,E90,,,"Direct",1229,302,90,
- -,MAD,BSL,easyJet (U2),easyJet,736,01:58,,,,,319 320,,,"Direct",1229,1423,2297,
- -,MAD,BUD,Ryanair (FR),Ryanair,1226,02:57,,,,,738,,,"Direct",1229,1489,4296,
- -,MAD,BUD,Wizz Air (W6),Wizz Air,1226,02:57,,,,,320,,,"Direct",1229,1489,5461,
- -,MAD,BVA,Ryanair (FR),Ryanair,678,01:51,,,,,738,,,"Direct",1229,1367,4296,
- -,MAD,CAG,Ryanair (FR),Ryanair,673,01:50,,,,,738,,,"Direct",1229,1519,4296,
- -,MAD,CAI,Egyptair (MS),Egyptair,2080,04:39,,,,,738,,,"Direct",1229,1128,2143,
- -,MAD,CCS,Iberia Airlines (IB),Iberia Airlines,4350,09:12,,,,,333,,,"Direct",1229,2851,2822,
- -,MAD,CCS,Air Europa (UX),Air Europa,4350,09:12,,,,,332,,,"Direct",1229,2851,90,
- -,MAD,CCS,Conviasa (V0),Conviasa,4350,09:12,,,,,330,,,"Direct",1229,2851,1886,
- -,MAD,CDG,Air France (AF),Air France,661,01:49,,,,,321 320 318 32A 319,,,"Direct",1229,1382,137,
- -,MAD,CDG,easyJet (U2),easyJet,661,01:49,,,,,319,,,"Direct",1229,1382,2297,
- -,MAD,CDG,Formosa Airlines (VY),Formosa Airlines,661,01:49,,,,,320,,,"Direct",1229,1382,2439,
- -,MAD,CIA,Ryanair (FR),Ryanair,844,02:11,,,,,738,,,"Direct",1229,1553,4296,
- -,MAD,CLJ,Wizz Air (W6),Wizz Air,1421,03:20,,,,,320,,,"Direct",1229,1652,5461,
- -,MAD,CLO,Avianca - Aerovias Nacionales de Colombia (AV),Avianca - Aerovias Nacionales de Colombia,5156,10:48,,,,,330,,,"Direct",1229,2715,515,
- -,MAD,CMN,Royal Air Maroc (AT),Royal Air Maroc,538,01:34,,,,,738 73G,,,"Direct",1229,1074,4248,
- -,MAD,CMN,Iberia Airlines (IB),Iberia Airlines,538,01:34,,,,,320 319,,,"Direct",1229,1074,2822,
- -,MAD,CPH,Norwegian Air Shuttle (DY),Norwegian Air Shuttle,1279,03:03,,,,,73H,,,"Direct",1229,609,3737,
- -,MAD,CPH,Iberia Airlines (IB),Iberia Airlines,1279,03:03,,,,,32S,,,"Codeshare",1229,609,2822,
- -,MAD,CPH,Scandinavian Airlines System (SK),Scandinavian Airlines System,1279,03:03,,,,,320 321,,,"Direct",1229,609,4319,
- -,MAD,CRL,Ryanair (FR),Ryanair,790,02:04,,,,,738,,,"Direct",1229,304,4296,
- -,MAD,CTA,Ryanair (FR),Ryanair,1019,02:32,,,,,738,,,"Direct",1229,1509,4296,
- -,MAD,CUN,AeroMéxico (AM),AeroMéxico,4944,10:23,,,,,333,,,"Direct",1229,1852,321,
- -,MAD,CUN,Compagnie Africaine d\'Aviation (E9),Compagnie Africaine d\'Aviation,4944,10:23,,,,,333,,,"Direct",1229,1852,11806,
- -,MAD,CUN,Air Europa (UX),Air Europa,4944,10:23,,,,,333,,,"Direct",1229,1852,90,
- -,MAD,DFW,American Airlines (AA),American Airlines,4951,10:24,,,,,777,,,"Direct",1229,3670,24,
- -,MAD,DFW,Finnair (AY),Finnair,4951,10:24,,,,,777,,,"Direct",1229,3670,2350,
- -,MAD,DFW,British Airways (BA),British Airways,4951,10:24,,,,,777,,,"Codeshare",1229,3670,1355,
- -,MAD,DFW,Iberia Airlines (IB),Iberia Airlines,4951,10:24,,,,,777,,,"Codeshare",1229,3670,2822,
- -,MAD,DFW,US Airways (US),US Airways,4951,10:24,,,,,777,,,"Direct",1229,3670,5265,
- -,MAD,DJE,Tunisair (TU),Tunisair,909,02:19,,,,,32A,,,"Direct",1229,293,4870,
- -,MAD,DKR,Iberia Airlines (IB),Iberia Airlines,1964,04:25,,,,,321 319,,,"Direct",1229,1084,2822,
- -,MAD,DKR,Air Europa (UX),Air Europa,1964,04:25,,,,,738,,,"Direct",1229,1084,90,
- -,MAD,DME,Iberia Airlines (IB),Iberia Airlines,2134,04:46,,,,,319,,,"Direct",1229,4029,2822,
- -,MAD,DME,S7 Airlines (S7),S7 Airlines,2134,04:46,,,,,319,,,"Direct",1229,4029,4329,
- -,MAD,DOH,Cathay Pacific (CX),Cathay Pacific,3309,07:07,,,,,77W,,,"Direct",1229,11051,1680,
- -,MAD,DOH,Qatar Airways (QR),Qatar Airways,3309,07:07,,,,,77W,,,"Direct",1229,11051,4091,
- -,MAD,DOH,US Airways (US),US Airways,3309,07:07,,,,,77W 772,,,"Direct",1229,11051,5265,
- -,MAD,DUB,Aer Lingus (EI),Aer Lingus,903,02:18,,,,,320,,,"Direct",1229,599,837,
- -,MAD,DUB,Ryanair (FR),Ryanair,903,02:18,,,,,738,,,"Direct",1229,599,4296,
- -,MAD,DUB,Iberia Airlines (IB),Iberia Airlines,903,02:18,,,,,32S,,,"Codeshare",1229,599,2822,
- -,MAD,DUS,Germanwings (4U),Germanwings,895,02:17,,,,,CRJ,,,"Direct",1229,345,2548,
- -,MAD,DUS,Air Berlin (AB),Air Berlin,895,02:17,,,,,32A 738 321,,,"Direct",1229,345,214,
- -,MAD,DUS,Iberia Airlines (IB),Iberia Airlines,895,02:17,,,,,32S,,,"Codeshare",1229,345,2822,
- -,MAD,DXB,Emirates (EK),Emirates,3508,07:30,,,,,77W,,,"Direct",1229,2188,2183,
- -,MAD,EAS,Iberia Airlines (IB),Iberia Airlines,219,00:56,,,,,AT7 CR2,,,"Codeshare",1229,1242,2822,
- -,MAD,EDI,easyJet (U2),easyJet,1068,02:38,,,,,319 320,,,"Direct",1229,535,2297,
- -,MAD,EIN,Transavia Holland (HV),Transavia Holland,869,02:14,,,,,73W,,,"Direct",1229,585,5039,
- -,MAD,EWR,Lufthansa (LH),Lufthansa,3595,07:41,,,,,752,,,"Codeshare",1229,3494,3320,
- -,MAD,EWR,United Airlines (UA),United Airlines,3595,07:41,,,,,752,,,"Direct",1229,3494,5209,
- -,MAD,EZE,Aerolineas Argentinas (AR),Aerolineas Argentinas,6263,13:01,,,,,340,,,"Direct",1229,3988,412,
- -,MAD,EZE,Iberia Airlines (IB),Iberia Airlines,6263,13:01,,,,,346 342 345,,,"Direct",1229,3988,2822,
- -,MAD,EZE,Air Europa (UX),Air Europa,6263,13:01,,,,,332,,,"Direct",1229,3988,90,
- -,MAD,FCO,Alitalia (AZ),Alitalia,825,02:09,,,,,321 32S 319 320,,,"Direct",1229,1555,596,
- -,MAD,FCO,Iberia Airlines (IB),Iberia Airlines,825,02:09,,,,,321 319,,,"Direct",1229,1555,2822,
- -,MAD,FCO,Air Europa (UX),Air Europa,825,02:09,,,,,738,,,"Direct",1229,1555,90,
- -,MAD,FLR,Iberia Airlines (IB),Iberia Airlines,789,02:04,,,,,320,,,"Codeshare",1229,1563,2822,
- -,MAD,FLR,Formosa Airlines (VY),Formosa Airlines,789,02:04,,,,,319,,,"Direct",1229,1563,2439,
- -,MAD,FRA,Air Berlin (AB),Air Berlin,883,02:15,,,,,32A,,,"Codeshare",1229,340,214,
- -,MAD,FRA,Finnair (AY),Finnair,883,02:15,,,,,32A,,,"Codeshare",1229,340,2350,
- -,MAD,FRA,Ethiopian Airlines (ET),Ethiopian Airlines,883,02:15,,,,,321 320,,,"Codeshare",1229,340,2220,
- -,MAD,FRA,Iberia Airlines (IB),Iberia Airlines,883,02:15,,,,,32S,,,"Codeshare",1229,340,2822,
- -,MAD,FRA,LAN Airlines (LA),LAN Airlines,883,02:15,,,,,787,,,"Direct",1229,340,3200,
- -,MAD,FRA,Lufthansa (LH),Lufthansa,883,02:15,,,,,321 32A 319 320,,,"Direct",1229,340,3320,
- -,MAD,FRA,Air Europa (UX),Air Europa,883,02:15,,,,,E90,,,"Direct",1229,340,90,
- -,MAD,FRA,Vietnam Airlines (VN),Vietnam Airlines,883,02:15,,,,,738,,,"Direct",1229,340,5309,
- -,MAD,FUE,Alitalia (AZ),Alitalia,1014,02:31,,,,,738,,,"Codeshare",1229,1051,596,
- -,MAD,FUE,Ryanair (FR),Ryanair,1014,02:31,,,,,738,,,"Direct",1229,1051,4296,
- -,MAD,FUE,Iberia Airlines (IB),Iberia Airlines,1014,02:31,,,,,32S,,,"Codeshare",1229,1051,2822,
- -,MAD,FUE,Air Europa (UX),Air Europa,1014,02:31,,,,,738,,,"Direct",1229,1051,90,
- -,MAD,GIG,Iberia Airlines (IB),Iberia Airlines,5059,10:37,,,,,342 333 345 346,,,"Direct",1229,2560,2822,
- -,MAD,GRU,Air China (CA),Air China,5202,10:54,,,,,330,,,"Direct",1229,2564,751,
- -,MAD,GRU,Iberia Airlines (IB),Iberia Airlines,5202,10:54,,,,,345 342 346,,,"Direct",1229,2564,2822,
- -,MAD,GRU,TAM Brazilian Airlines (JJ),TAM Brazilian Airlines,5202,10:54,,,,,330,,,"Direct",1229,2564,4867,
- -,MAD,GRU,LAN Airlines (LA),LAN Airlines,5202,10:54,,,,,330,,,"Codeshare",1229,2564,3200,
- -,MAD,GRU,Air Europa (UX),Air Europa,5202,10:54,,,,,332,,,"Direct",1229,2564,90,
- -,MAD,GRX,Iberia Airlines (IB),Iberia Airlines,227,00:57,,,,,CRK CR9 CR2,,,"Codeshare",1229,1223,2822,
- -,MAD,GUA,Iberia Airlines (IB),Iberia Airlines,5408,11:18,,,,,342,,,"Direct",1229,1767,2822,
- -,MAD,GVA,Air Berlin (AB),Air Berlin,627,01:45,,,,,319 320,,,"Codeshare",1229,1665,214,
- -,MAD,GVA,Iberia Airlines (IB),Iberia Airlines,627,01:45,,,,,319 320,,,"Direct",1229,1665,2822,
- -,MAD,GVA,Swiss International Air Lines (LX),Swiss International Air Lines,627,01:45,,,,,320 319,,,"Direct",1229,1665,4559,
- -,MAD,GVA,easyJet (U2),easyJet,627,01:45,,,,,319 320,,,"Direct",1229,1665,2297,
- -,MAD,GYE,Iberia Airlines (IB),Iberia Airlines,5597,11:41,,,,,763,,,"Codeshare",1229,2673,2822,
- -,MAD,GYE,LAN Airlines (LA),LAN Airlines,5597,11:41,,,,,320,,,"Direct",1229,2673,3200,
- -,MAD,HAM,Germanwings (4U),Germanwings,1105,02:42,,,,,CRJ,,,"Direct",1229,342,2548,
- -,MAD,HAV,Cubana de Aviación (CU),Cubana de Aviación,4634,09:46,,,,,IL9,,,"Direct",1229,1909,1936,
- -,MAD,HAV,Air Europa (UX),Air Europa,4634,09:46,,,,,332 333,,,"Direct",1229,1909,90,
- -,MAD,HEL,Finnair (AY),Finnair,1830,04:09,,,,,321,,,"Direct",1229,421,2350,
- -,MAD,HEL,Iberia Airlines (IB),Iberia Airlines,1830,04:09,,,,,321,,,"Codeshare",1229,421,2822,
- -,MAD,IBZ,Alitalia (AZ),Alitalia,284,01:04,,,,,738 E90,,,"Codeshare",1229,1225,596,
- -,MAD,IBZ,Ryanair (FR),Ryanair,284,01:04,,,,,738,,,"Direct",1229,1225,4296,
- -,MAD,IBZ,Iberia Airlines (IB),Iberia Airlines,284,01:04,,,,,CRK CR9 CR2,,,"Codeshare",1229,1225,2822,
- -,MAD,IBZ,Air Europa (UX),Air Europa,284,01:04,,,,,E90 738,,,"Direct",1229,1225,90,
- -,MAD,IBZ,Formosa Airlines (VY),Formosa Airlines,284,01:04,,,,,320,,,"Direct",1229,1225,2439,
- -,MAD,ICN,Korean Air (KE),Korean Air,6188,12:52,,,,,332 744,,,"Direct",1229,3930,3163,
- -,MAD,ISL,Turkish Airlines (TK),Turkish Airlines,1684,03:52,,,,,332 738 739 321,,,"Direct",1229,1701,4951,
- -,MAD,JED,Saudi Arabian Airlines (SV),Saudi Arabian Airlines,2804,06:06,,,,,320,,,"Direct",1229,2072,4533,
- -,MAD,JED,Air Europa (UX),Air Europa,2804,06:06,,,,,320,,,"Direct",1229,2072,90,
- -,MAD,JFK,American Airlines (AA),American Airlines,3578,07:39,,,,,757 330 340,,,"Direct",1229,3797,24,
- -,MAD,JFK,Air France (AF),Air France,3578,07:39,,,,,764,,,"Codeshare",1229,3797,137,
- -,MAD,JFK,Finnair (AY),Finnair,3578,07:39,,,,,757 333 346,,,"Direct",1229,3797,2350,
- -,MAD,JFK,British Airways (BA),British Airways,3578,07:39,,,,,757 333 346,,,"Codeshare",1229,3797,1355,
- -,MAD,JFK,Delta Air Lines (DL),Delta Air Lines,3578,07:39,,,,,764,,,"Direct",1229,3797,2009,
- -,MAD,JFK,Iberia Airlines (IB),Iberia Airlines,3578,07:39,,,,,333 346,,,"Direct",1229,3797,2822,
- -,MAD,JFK,KLM Royal Dutch Airlines (KL),KLM Royal Dutch Airlines,3578,07:39,,,,,767,,,"Codeshare",1229,3797,3090,
- -,MAD,JFK,US Airways (US),US Airways,3578,07:39,,,,,757,,,"Direct",1229,3797,5265,
- -,MAD,JFK,Air Europa (UX),Air Europa,3578,07:39,,,,,332,,,"Direct",1229,3797,90,
- -,MAD,KBP,Iberia Airlines (IB),Iberia Airlines,1784,04:04,,,,,737,,,"Codeshare",1229,2939,2822,
- -,MAD,KBP,Ukraine International Airlines (PS),Ukraine International Airlines,1784,04:04,,,,,738 73G,,,"Direct",1229,2939,5282,
- -,MAD,KRK,Ryanair (FR),Ryanair,1306,03:06,,,,,738,,,"Direct",1229,669,4296,
- -,MAD,LAD,Iberia Airlines (IB),Iberia Airlines,3570,07:38,,,,,333,,,"Direct",1229,951,2822,
- -,MAD,LAX,American Airlines (AA),American Airlines,5829,12:09,,,,,340,,,"Codeshare",1229,3484,24,
- -,MAD,LAX,Finnair (AY),Finnair,5829,12:09,,,,,346 343,,,"Direct",1229,3484,2350,
- -,MAD,LAX,British Airways (BA),British Airways,5829,12:09,,,,,346 343,,,"Codeshare",1229,3484,1355,
- -,MAD,LAX,Iberia Airlines (IB),Iberia Airlines,5829,12:09,,,,,346 342,,,"Direct",1229,3484,2822,
- -,MAD,LCG,Alitalia (AZ),Alitalia,315,01:07,,,,,E90,,,"Codeshare",1229,1220,596,
- -,MAD,LCG,Iberia Airlines (IB),Iberia Airlines,315,01:07,,,,,319 320 321,,,"Direct",1229,1220,2822,
- -,MAD,LCG,Air Europa (UX),Air Europa,315,01:07,,,,,E90,,,"Direct",1229,1220,90,
- -,MAD,LCY,British Airways (BA),British Airways,781,02:03,,,,,E90,,,"Codeshare",1229,503,1355,
- -,MAD,LCY,Iberia Airlines (IB),Iberia Airlines,781,02:03,,,,,E90,,,"Codeshare",1229,503,2822,
- -,MAD,LDE,Iberia Airlines (IB),Iberia Airlines,261,01:01,,,,,CR9,,,"Codeshare",1229,1276,2822,
- -,MAD,LEI,Iberia Airlines (IB),Iberia Airlines,258,01:00,,,,,CRK CR2 AT7 CR9,,,"Codeshare",1229,1213,2822,
- -,MAD,LEI,Air Europa (UX),Air Europa,258,01:00,,,,,ATR,,,"Direct",1229,1213,90,
- -,MAD,LGW,easyJet (U2),easyJet,754,02:00,,,,,320 319,,,"Direct",1229,502,2297,
- -,MAD,LGW,Air Europa (UX),Air Europa,754,02:00,,,,,738,,,"Direct",1229,502,90,
- -,MAD,LHR,British Airways (BA),British Airways,773,02:02,,,,,767 320 319 321,,,"Direct",1229,507,1355,
- -,MAD,LHR,Iberia Airlines (IB),Iberia Airlines,773,02:02,,,,,321 320 345 333 342,,,"Direct",1229,507,2822,
- -,MAD,LIM,Iberia Airlines (IB),Iberia Airlines,5915,12:19,,,,,345 346 342,,,"Direct",1229,2789,2822,
- -,MAD,LIM,LAN Airlines (LA),LAN Airlines,5915,12:19,,,,,763 346 343,,,"Codeshare",1229,2789,3200,
- -,MAD,LIM,Air Europa (UX),Air Europa,5915,12:19,,,,,332,,,"Direct",1229,2789,90,
- -,MAD,LIN,Iberia Airlines (IB),Iberia Airlines,732,01:57,,,,,321 320,,,"Direct",1229,1529,2822,
- -,MAD,LIS,Iberia Airlines (IB),Iberia Airlines,318,01:08,,,,,321 320 319,,,"Direct",1229,1638,2822,
- -,MAD,LIS,SATA International (S4),SATA International,318,01:08,,,,,319 ER4 100,,,"Codeshare",1229,1638,4304,
- -,MAD,LIS,TAP Portugal (TP),TAP Portugal,318,01:08,,,,,100 ER4 319 320,,,"Direct",1229,1638,4869,
- -,MAD,LIS,easyJet (U2),easyJet,318,01:08,,,,,319,,,"Direct",1229,1638,2297,
- -,MAD,LIS,US Airways (US),US Airways,318,01:08,,,,,ER4 319 320 100,,,"Codeshare",1229,1638,5265,
- -,MAD,LIS,Air Europa (UX),Air Europa,318,01:08,,,,,ER4,,,"Direct",1229,1638,90,
- -,MAD,LOS,Iberia Airlines (IB),Iberia Airlines,2378,05:15,,,,,319,,,"Direct",1229,273,2822,
- -,MAD,LPA,Alitalia (AZ),Alitalia,1095,02:41,,,,,738 332,,,"Codeshare",1229,1054,596,
- -,MAD,LPA,Ryanair (FR),Ryanair,1095,02:41,,,,,738,,,"Direct",1229,1054,4296,
- -,MAD,LPA,Iberia Airlines (IB),Iberia Airlines,1095,02:41,,,,,321 319,,,"Direct",1229,1054,2822,
- -,MAD,LPA,Czech Airlines (OK),Czech Airlines,1095,02:41,,,,,738,,,"Direct",1229,1054,1946,
- -,MAD,LPA,Air Europa (UX),Air Europa,1095,02:41,,,,,332 738 333,,,"Direct",1229,1054,90,
- -,MAD,LPL,easyJet (U2),easyJet,888,02:16,,,,,320 319,,,"Direct",1229,491,2297,
- -,MAD,LRM,Air Europa (UX),Air Europa,4113,08:43,,,,,333,,,"Direct",1229,1759,90,
- -,MAD,LTN,easyJet (U2),easyJet,801,02:06,,,,,319 320,,,"Direct",1229,492,2297,
- -,MAD,LUX,Luxair (LG),Luxair,790,02:04,,,,,ER4,,,"Direct",1229,629,3329,
- -,MAD,LYS,Iberia Airlines (IB),Iberia Airlines,566,01:37,,,,,CRK,,,"Codeshare",1229,1335,2822,
- -,MAD,LYS,easyJet (U2),easyJet,566,01:37,,,,,319,,,"Direct",1229,1335,2297,
- -,MAD,MAH,Iberia Airlines (IB),Iberia Airlines,412,01:19,,,,,CRK,,,"Codeshare",1229,1231,2822,
- -,MAD,MAN,Ryanair (FR),Ryanair,891,02:16,,,,,738,,,"Direct",1229,478,4296,
- -,MAD,MDE,Avianca - Aerovias Nacionales de Colombia (AV),Avianca - Aerovias Nacionales de Colombia,4987,10:28,,,,,330,,,"Direct",1229,2745,515,
- -,MAD,MEX,AeroMéxico (AM),AeroMéxico,5630,11:45,,,,,777 787 762,,,"Direct",1229,1824,321,
- -,MAD,MEX,Alitalia (AZ),Alitalia,5630,11:45,,,,,777,,,"Codeshare",1229,1824,596,
- -,MAD,MEX,Iberia Airlines (IB),Iberia Airlines,5630,11:45,,,,,345 346,,,"Direct",1229,1824,2822,
- -,MAD,MEX,Air Europa (UX),Air Europa,5630,11:45,,,,,777,,,"Direct",1229,1824,90,
- -,MAD,MIA,American Airlines (AA),American Airlines,4413,09:19,,,,,763 330 340,,,"Direct",1229,3576,24,
- -,MAD,MIA,Finnair (AY),Finnair,4413,09:19,,,,,763 333 346,,,"Direct",1229,3576,2350,
- -,MAD,MIA,British Airways (BA),British Airways,4413,09:19,,,,,763 333 346,,,"Codeshare",1229,3576,1355,
- -,MAD,MIA,Iberia Airlines (IB),Iberia Airlines,4413,09:19,,,,,333 346,,,"Direct",1229,3576,2822,
- -,MAD,MIA,US Airways (US),US Airways,4413,09:19,,,,,763,,,"Direct",1229,3576,5265,
- -,MAD,MJV,Iberia Airlines (IB),Iberia Airlines,237,00:58,,,,,CR2,,,"Codeshare",1229,1227,2822,
- -,MAD,MLA,Ryanair (FR),Ryanair,1027,02:33,,,,,738,,,"Direct",1229,1606,4296,
- -,MAD,MLN,Iberia Airlines (IB),Iberia Airlines,360,01:13,,,,,AT7,,,"Codeshare",1229,1058,2822,
- -,MAD,MRS,Ryanair (FR),Ryanair,495,01:29,,,,,738,,,"Direct",1229,1353,4296,
- -,MAD,MRS,Iberia Airlines (IB),Iberia Airlines,495,01:29,,,,,CRK,,,"Codeshare",1229,1353,2822,
- -,MAD,MUC,Air Berlin (AB),Air Berlin,929,02:21,,,,,319 320 321,,,"Codeshare",1229,346,214,
- -,MAD,MUC,Iberia Airlines (IB),Iberia Airlines,929,02:21,,,,,319 320 321,,,"Direct",1229,346,2822,
- -,MAD,MUC,Lufthansa (LH),Lufthansa,929,02:21,,,,,321 320 319,,,"Direct",1229,346,3320,
- -,MAD,MUC,Air Europa (UX),Air Europa,929,02:21,,,,,E90,,,"Direct",1229,346,90,
- -,MAD,MVD,Air Europa (UX),Air Europa,6176,12:51,,,,,332,,,"Direct",1229,2816,90,
- -,MAD,MXP,Iberia Airlines (IB),Iberia Airlines,714,01:55,,,,,321 320,,,"Direct",1229,1524,2822,
- -,MAD,MXP,easyJet (U2),easyJet,714,01:55,,,,,319,,,"Direct",1229,1524,2297,
- -,MAD,MXP,Air Europa (UX),Air Europa,714,01:55,,,,,738,,,"Direct",1229,1524,90,
- -,MAD,NCE,Iberia Airlines (IB),Iberia Airlines,594,01:41,,,,,CRK CR9,,,"Codeshare",1229,1354,2822,
- -,MAD,NTE,Iberia Airlines (IB),Iberia Airlines,471,01:26,,,,,CRK,,,"Codeshare",1229,1418,2822,
- -,MAD,OPO,Ryanair (FR),Ryanair,272,01:02,,,,,738,,,"Direct",1229,1636,4296,
- -,MAD,OPO,Iberia Airlines (IB),Iberia Airlines,272,01:02,,,,,CRK CR9,,,"Codeshare",1229,1636,2822,
- -,MAD,OPO,SATA International (S4),SATA International,272,01:02,,,,,ER4,,,"Codeshare",1229,1636,4304,
- -,MAD,OPO,Thai Airways International (TG),Thai Airways International,272,01:02,,,,,ER4,,,"Direct",1229,1636,4940,
- -,MAD,OPO,TAP Portugal (TP),TAP Portugal,272,01:02,,,,,ER4,,,"Codeshare",1229,1636,4869,
- -,MAD,OPO,US Airways (US),US Airways,272,01:02,,,,,ER4,,,"Codeshare",1229,1636,5265,
- -,MAD,ORD,American Airlines (AA),American Airlines,4189,08:52,,,,,330,,,"Direct",1229,3830,24,
- -,MAD,ORD,Finnair (AY),Finnair,4189,08:52,,,,,333,,,"Direct",1229,3830,2350,
- -,MAD,ORD,British Airways (BA),British Airways,4189,08:52,,,,,333,,,"Codeshare",1229,3830,1355,
- -,MAD,ORD,Iberia Airlines (IB),Iberia Airlines,4189,08:52,,,,,333,,,"Direct",1229,3830,2822,
- -,MAD,ORN,Iberia Airlines (IB),Iberia Airlines,370,01:14,,,,,319,,,"Direct",1229,231,2822,
- -,MAD,ORY,Air France (AF),Air France,639,01:46,,,,,738 E90,,,"Codeshare",1229,1386,137,
- -,MAD,ORY,Iberia Airlines (IB),Iberia Airlines,639,01:46,,,,,320 321 319,,,"Direct",1229,1386,2822,
- -,MAD,ORY,Air Europa (UX),Air Europa,639,01:46,,,,,738 E90,,,"Direct",1229,1386,90,
- -,MAD,OTP,Tarom (RO),Tarom,1526,03:33,,,,,73H,,,"Direct",1229,1657,5179,
- -,MAD,OTP,Air Europa (UX),Air Europa,1526,03:33,,,,,737,,,"Codeshare",1229,1657,90,
- -,MAD,OTP,Wizz Air (W6),Wizz Air,1526,03:33,,,,,320,,,"Direct",1229,1657,5461,
- -,MAD,OVD,Iberia Airlines (IB),Iberia Airlines,248,00:59,,,,,319 320,,,"Direct",1229,1214,2822,
- -,MAD,OVD,Air Europa (UX),Air Europa,248,00:59,,,,,ATR,,,"Direct",1229,1214,90,
- -,MAD,PEK,Air China (CA),Air China,5716,11:55,,,,,330,,,"Direct",1229,3364,751,
- -,MAD,PEK,TAM Brazilian Airlines (JJ),TAM Brazilian Airlines,5716,11:55,,,,,330,,,"Direct",1229,3364,4867,
- -,MAD,PHL,American Airlines (AA),American Airlines,3670,07:50,,,,,333,,,"Direct",1229,3752,24,
- -,MAD,PHL,US Airways (US),US Airways,3670,07:50,,,,,333,,,"Direct",1229,3752,5265,
- -,MAD,PMI,Alitalia (AZ),Alitalia,339,01:10,,,,,738 E90,,,"Codeshare",1229,3998,596,
- -,MAD,PMI,Ryanair (FR),Ryanair,339,01:10,,,,,738,,,"Direct",1229,3998,4296,
- -,MAD,PMI,Iberia Airlines (IB),Iberia Airlines,339,01:10,,,,,32S,,,"Codeshare",1229,3998,2822,
- -,MAD,PMI,Air Europa (UX),Air Europa,339,01:10,,,,,738 E90,,,"Direct",1229,3998,90,
- -,MAD,PMO,Ryanair (FR),Ryanair,902,02:18,,,,,738,,,"Direct",1229,1512,4296,
- -,MAD,PNA,Iberia Airlines (IB),Iberia Airlines,186,00:52,,,,,CR9 CR2 CRK,,,"Codeshare",1229,1234,2822,
- -,MAD,PRG,Iberia Airlines (IB),Iberia Airlines,1087,02:40,,,,,321 320,,,"Direct",1229,1587,2822,
- -,MAD,PRG,Czech Airlines (OK),Czech Airlines,1087,02:40,,,,,319 321,,,"Direct",1229,1587,1946,
- -,MAD,PRG,Air Europa (UX),Air Europa,1087,02:40,,,,,32S,,,"Direct",1229,1587,90,
- -,MAD,PSA,Ryanair (FR),Ryanair,747,01:59,,,,,738,,,"Direct",1229,1562,4296,
- -,MAD,PTY,Iberia Airlines (IB),Iberia Airlines,5065,10:37,,,,,346 342 333,,,"Direct",1229,1871,2822,
- -,MAD,PUJ,Compagnie Africaine d\'Aviation (E9),Compagnie Africaine d\'Aviation,4080,08:39,,,,,333,,,"Direct",1229,1760,11806,
- -,MAD,PUJ,Air Europa (UX),Air Europa,4080,08:39,,,,,333,,,"Direct",1229,1760,90,
- -,MAD,RAK,Royal Air Maroc (AT),Royal Air Maroc,660,01:49,,,,,738,,,"Direct",1229,1075,4248,
- -,MAD,RAK,Ryanair (FR),Ryanair,660,01:49,,,,,738,,,"Direct",1229,1075,4296,
- -,MAD,RAK,Iberia Airlines (IB),Iberia Airlines,660,01:49,,,,,CR9 CRK CR2,,,"Codeshare",1229,1075,2822,
- -,MAD,RBA,Ryanair (FR),Ryanair,476,01:27,,,,,738,,,"Direct",1229,1072,4296,
- -,MAD,RJL,Iberia Airlines (IB),Iberia Airlines,151,00:48,,,,,CR2,,,"Codeshare",1229,5781,2822,
- -,MAD,RTM,Transavia Holland (HV),Transavia Holland,879,02:15,,,,,73H 73W,,,"Direct",1229,591,5039,
- -,MAD,RYG,Ryanair (FR),Ryanair,1445,03:23,,,,,738,,,"Direct",1229,657,4296,
- -,MAD,SAW,Pegasus Airlines (PC),Pegasus Airlines,1711,03:55,,,,,738,,,"Direct",1229,4317,3926,
- -,MAD,SCL,Iberia Airlines (IB),Iberia Airlines,6656,13:48,,,,,346 345 342,,,"Direct",1229,2650,2822,
- -,MAD,SCL,LAN Airlines (LA),LAN Airlines,6656,13:48,,,,,787,,,"Direct",1229,2650,3200,
- -,MAD,SCQ,Ryanair (FR),Ryanair,301,01:06,,,,,738,,,"Direct",1229,1243,4296,
- -,MAD,SCQ,Iberia Airlines (IB),Iberia Airlines,301,01:06,,,,,32S,,,"Codeshare",1229,1243,2822,
- -,MAD,SCU,Cubana de Aviación (CU),Cubana de Aviación,4415,09:19,,,,,IL9,,,"Direct",1229,1905,1936,
- -,MAD,SDQ,Air Europa (UX),Air Europa,4154,08:48,,,,,332,,,"Direct",1229,1762,90,
- -,MAD,SDR,Iberia Airlines (IB),Iberia Airlines,204,00:54,,,,,319,,,"Direct",1229,1251,2822,
- -,MAD,SJO,Iberia Airlines (IB),Iberia Airlines,5278,11:03,,,,,345 346,,,"Direct",1229,1885,2822,
- -,MAD,SOF,Bulgaria Air (FB),Bulgaria Air,1395,03:17,,,,,319 320 E90,,,"Direct",1229,1194,1548,
- -,MAD,SOF,Iberia Airlines (IB),Iberia Airlines,1395,03:17,,,,,319 320 E90,,,"Codeshare",1229,1194,2822,
- -,MAD,SOF,Wizz Air (W6),Wizz Air,1395,03:17,,,,,320,,,"Direct",1229,1194,5461,
- -,MAD,SPC,Iberia Airlines (IB),Iberia Airlines,1146,02:47,,,,,32S,,,"Codeshare",1229,1053,2822,
- -,MAD,SSA,Air Europa (UX),Air Europa,4305,09:06,,,,,332,,,"Direct",1229,2621,90,
- -,MAD,SSG,Iberia Airlines (IB),Iberia Airlines,2648,05:47,,,,,319,,,"Direct",1229,891,2822,
- -,MAD,STN,Ryanair (FR),Ryanair,808,02:06,,,,,738,,,"Direct",1229,548,4296,
- -,MAD,SVO,Aeroflot Russian Airlines (SU),Aeroflot Russian Airlines,2124,04:44,,,,,321 320,,,"Direct",1229,2985,130,
- -,MAD,SVO,Air Europa (UX),Air Europa,2124,04:44,,,,,32S,,,"Codeshare",1229,2985,90,
- -,MAD,SVQ,Iberia Airlines (IB),Iberia Airlines,245,00:59,,,,,32S,,,"Codeshare",1229,1253,2822,
- -,MAD,SXB,Iberia Airlines (IB),Iberia Airlines,782,02:03,,,,,CR2,,,"Codeshare",1229,1435,2822,
- -,MAD,SXF,easyJet (U2),easyJet,1150,02:48,,,,,320 319,,,"Direct",1229,337,2297,
- -,MAD,TFN,Alitalia (AZ),Alitalia,1099,02:41,,,,,738 332,,,"Codeshare",1229,1057,596,
- -,MAD,TFN,Ryanair (FR),Ryanair,1099,02:41,,,,,738,,,"Direct",1229,1057,4296,
- -,MAD,TFN,Iberia Airlines (IB),Iberia Airlines,1099,02:41,,,,,32S,,,"Codeshare",1229,1057,2822,
- -,MAD,TFN,Czech Airlines (OK),Czech Airlines,1099,02:41,,,,,738,,,"Direct",1229,1057,1946,
- -,MAD,TFN,Air Europa (UX),Air Europa,1099,02:41,,,,,332 738,,,"Direct",1229,1057,90,
- -,MAD,TFS,Ryanair (FR),Ryanair,1132,02:45,,,,,738,,,"Direct",1229,1056,4296,
- -,MAD,TFS,Iberia Airlines (IB),Iberia Airlines,1132,02:45,,,,,32S,,,"Codeshare",1229,1056,2822,
- -,MAD,TIP,Libyan Arab Airlines (LN),Libyan Arab Airlines,1070,02:38,,,,,320,,,"Direct",1229,1157,3258,
- -,MAD,TLS,Iberia Airlines (IB),Iberia Airlines,333,01:09,,,,,CR9 CRK CR2,,,"Codeshare",1229,1273,2822,
- -,MAD,TLV,Iberia Airlines (IB),Iberia Airlines,2200,04:54,,,,,319,,,"Direct",1229,1590,2822,
- -,MAD,TLV,El Al Israel Airlines (LY),El Al Israel Airlines,2200,04:54,,,,,739 738,,,"Direct",1229,1590,2150,
- -,MAD,TNG,Royal Air Maroc (AT),Royal Air Maroc,351,01:12,,,,,AT7,,,"Direct",1229,1080,4248,
- -,MAD,TNG,Ryanair (FR),Ryanair,351,01:12,,,,,738,,,"Direct",1229,1080,4296,
- -,MAD,TNG,Iberia Airlines (IB),Iberia Airlines,351,01:12,,,,,CRK CR9,,,"Codeshare",1229,1080,2822,
- -,MAD,TRN,Iberia Airlines (IB),Iberia Airlines,654,01:48,,,,,CRK CR9,,,"Codeshare",1229,1526,2822,
- -,MAD,TSR,Wizz Air (W6),Wizz Air,1301,03:06,,,,,320,,,"Direct",1229,1663,5461,
- -,MAD,TUN,Tunisair (TU),Tunisair,783,02:03,,,,,32A 320,,,"Direct",1229,287,4870,
- -,MAD,TXL,Air Berlin (AB),Air Berlin,1151,02:48,,,,,738 320,,,"Direct",1229,351,214,
- -,MAD,TXL,Iberia Airlines (IB),Iberia Airlines,1151,02:48,,,,,738,,,"Direct",1229,351,2822,
- -,MAD,UIO,Iberia Airlines (IB),Iberia Airlines,5426,11:21,,,,,342 345 346 340,,,"Direct",1229,2688,2822,
- -,MAD,UIO,LAN Airlines (LA),LAN Airlines,5426,11:21,,,,,346 343,,,"Codeshare",1229,2688,3200,
- -,MAD,VCE,Iberia Airlines (IB),Iberia Airlines,873,02:14,,,,,321 319 320,,,"Direct",1229,1551,2822,
- -,MAD,VGO,Finnair (AY),Finnair,289,01:04,,,,,32S,,,"Codeshare",1229,1250,2350,
- -,MAD,VGO,Alitalia (AZ),Alitalia,289,01:04,,,,,E90,,,"Codeshare",1229,1250,596,
- -,MAD,VGO,Iberia Airlines (IB),Iberia Airlines,289,01:04,,,,,32S,,,"Codeshare",1229,1250,2822,
- -,MAD,VGO,Air Europa (UX),Air Europa,289,01:04,,,,,E90,,,"Direct",1229,1250,90,
- -,MAD,VIE,Air Berlin (AB),Air Berlin,1121,02:44,,,,,320 321,,,"Direct",1229,1613,214,
- -,MAD,VIE,Niki (HG),Niki,1121,02:44,,,,,320,,,"Direct",1229,1613,3661,
- -,MAD,VIE,Iberia Airlines (IB),Iberia Airlines,1121,02:44,,,,,320 321 319,,,"Direct",1229,1613,2822,
- -,MAD,VKO,Transaero Airlines (UN),Transaero Airlines,2112,04:43,,,,,738 73G,,,"Direct",1229,2988,5067,
- -,MAD,VLC,Finnair (AY),Finnair,176,00:51,,,,,CR9,,,"Codeshare",1229,1246,2350,
- -,MAD,VLC,Iberia Airlines (IB),Iberia Airlines,176,00:51,,,,,CR9 AT7 CRK CR2,,,"Codeshare",1229,1246,2822,
- -,MAD,VLC,Air Europa (UX),Air Europa,176,00:51,,,,,ATR,,,"Codeshare",1229,1246,90,
- -,MAD,VVI,Astrakhan Airlines (OB),Astrakhan Airlines,5537,11:34,,,,,762,,,"Direct",1229,2771,462,
- -,MAD,VVI,Air Europa (UX),Air Europa,5537,11:34,,,,,332,,,"Direct",1229,2771,90,
- -,MAD,WAW,LOT Polish Airlines (LO),LOT Polish Airlines,1410,03:19,,,,,734 E95,,,"Direct",1229,679,3210,
- -,MAD,XRY,Iberia Airlines (IB),Iberia Airlines,290,01:04,,,,,CRK CR9 CR2,,,"Codeshare",1229,1226,2822,
- -,MAD,ZRH,Air Berlin (AB),Air Berlin,770,02:02,,,,,319,,,"Codeshare",1229,1678,214,
- -,MAD,ZRH,Iberia Airlines (IB),Iberia Airlines,770,02:02,,,,,319,,,"Direct",1229,1678,2822,
- -,MAD,ZRH,Swiss International Air Lines (LX),Swiss International Air Lines,770,02:02,,,,,320 32A,,,"Direct",1229,1678,4559,