﻿Date,From,To,Flight_Number,Airline,Distance,Duration,Seat,Seat_Type,Class,Reason,Plane,Registration,Trip,Note,From_OID,To_OID,Airline_OID,Plane_OID
- -,ABE,ATL,Air France (AF),Air France,691,01:52,,,,,CRJ,,,"Codeshare",4355,3682,137,
- -,ABJ,CDG,Air France (AF),Air France,3044,06:35,,,,,772,,,"Direct",253,1382,137,
- -,ABQ,ATL,Air France (AF),Air France,1265,03:01,,,,,757 320,,,"Codeshare",4019,3682,137,
- -,ABV,CDG,Air France (AF),Air France,2776,06:03,,,,,332,,,"Direct",260,1382,137,
- -,ABV,PHC,Air France (AF),Air France,276,01:03,,,,,332,,,"Direct",260,275,137,
- -,ABY,ATL,Air France (AF),Air France,145,00:47,,,,,CRJ,,,"Codeshare",5715,3682,137,
- -,ABZ,CDG,Air France (AF),Air France,598,01:41,,,,,E70,,,"Direct",532,1382,137,
- -,AEX,ATL,Air France (AF),Air France,499,01:29,,,,,CRJ,,,"Codeshare",3852,3682,137,
- -,AGP,CDG,Air France (AF),Air France,922,02:20,,,,,738,,,"Codeshare",1230,1382,137,
- -,AGS,ATL,Air France (AF),Air France,143,00:47,,,,,CRJ 717,,,"Codeshare",3658,3682,137,
- -,AJA,LGG,Air France (AF),Air France,622,01:44,,,,,320,,,"Direct",1324,309,137,
- -,AJA,LYS,Air France (AF),Air France,321,01:08,,,,,320,,,"Codeshare",1324,1335,137,
- -,AJA,MRS,Air France (AF),Air France,209,00:55,,,,,320 AT7,,,"Codeshare",1324,1353,137,
- -,AJA,NCE,Air France (AF),Air France,144,00:47,,,,,AT7,,,"Codeshare",1324,1354,137,
- -,AJA,NTE,Air France (AF),Air France,626,01:45,,,,,320,,,"Codeshare",1324,1418,137,
- -,AJA,ORY,Air France (AF),Air France,563,01:37,,,,,321 320 319,,,"Direct",1324,1386,137,
- -,AJA,TLS,Air France (AF),Air France,394,01:17,,,,,320,,,"Codeshare",1324,1273,137,
- -,ALB,ATL,Air France (AF),Air France,852,02:12,,,,,CR9 M88,,,"Codeshare",3864,3682,137,
- -,ALG,CDG,Air France (AF),Air France,851,02:12,,,,,319,,,"Direct",210,1382,137,
- -,ALG,MRS,Air France (AF),Air France,477,01:27,,,,,320 319,,,"Direct",210,1353,137,
- -,AMM,CDG,Air France (AF),Air France,2099,04:41,,,,,320,,,"Direct",2170,1382,137,
- -,AMS,AUH,Air France (AF),Air France,3224,06:56,,,,,332,,,"Codeshare",580,2179,137,
- -,AMS,BOD,Air France (AF),Air France,573,01:38,,,,,E90 73W F70,,,"Codeshare",580,1264,137,
- -,AMS,BSL,Air France (AF),Air France,348,01:11,,,,,F70 E90,,,"Codeshare",580,1423,137,
- -,AMS,CDG,Air France (AF),Air France,247,00:59,,,,,321 320 319 318 32A,,,"Direct",580,1382,137,
- -,AMS,CFE,Air France (AF),Air France,456,01:24,,,,,ER4,,,"Codeshare",580,1330,137,
- -,AMS,DMM,Air France (AF),Air France,2921,06:20,,,,,332,,,"Codeshare",580,2064,137,
- -,AMS,DOH,Air France (AF),Air France,3057,06:36,,,,,332,,,"Codeshare",580,11051,137,
- -,AMS,HRE,Air France (AF),Air France,5101,10:42,,,,,332,,,"Codeshare",580,1005,137,
- -,AMS,JRO,Air France (AF),Air France,4285,09:04,,,,,332,,,"Codeshare",580,1180,137,
- -,AMS,KGL,Air France (AF),Air France,4028,08:33,,,,,332,,,"Codeshare",580,1165,137,
- -,AMS,KUL,Air France (AF),Air France,6357,13:12,,,,,772,,,"Codeshare",580,3304,137,
- -,AMS,KWI,Air France (AF),Air France,2704,05:54,,,,,332,,,"Codeshare",580,2176,137,
- -,AMS,LCY,Air France (AF),Air France,208,00:54,,,,,AR8,,,"Codeshare",580,503,137,
- -,AMS,LYS,Air France (AF),Air France,454,01:24,,,,,F70,,,"Direct",580,1335,137,
- -,AMS,MRS,Air France (AF),Air France,612,01:43,,,,,319,,,"Direct",580,1353,137,
- -,AMS,NCE,Air France (AF),Air France,607,01:42,,,,,73W E90 73H,,,"Codeshare",580,1354,137,
- -,AMS,NTE,Air France (AF),Air France,455,01:24,,,,,ER4,,,"Direct",580,1418,137,
- -,AMS,SXB,Air France (AF),Air France,289,01:04,,,,,ER4 CR7 E70,,,"Direct",580,1435,137,
- -,AMS,TLS,Air France (AF),Air France,619,01:44,,,,,E90,,,"Codeshare",580,1273,137,
- -,AMS,TPE,Air France (AF),Air France,5863,12:13,,,,,77W,,,"Codeshare",580,2276,137,
- -,AMS,UIO,Air France (AF),Air France,5931,12:21,,,,,772,,,"Codeshare",580,2688,137,
- -,ANR,LCY,Air France (AF),Air France,191,00:52,,,,,F50,,,"Codeshare",299,503,137,
- -,ARN,CDG,Air France (AF),Air France,955,02:24,,,,,320 321 32A 319,,,"Direct",737,1382,137,
- -,ATH,CDG,Air France (AF),Air France,1309,03:07,,,,,32A 319 320 321,,,"Direct",3941,1382,137,
- -,ATH,MRS,Air France (AF),Air France,1048,02:35,,,,,319,,,"Direct",3941,1353,137,
- -,ATH,TLS,Air France (AF),Air France,1239,02:58,,,,,320,,,"Direct",3941,1273,137,
- -,ATL,ABE,Air France (AF),Air France,691,01:52,,,,,717,,,"Codeshare",3682,4355,137,
- -,ATL,ABQ,Air France (AF),Air France,1265,03:01,,,,,757,,,"Codeshare",3682,4019,137,
- -,ATL,ABY,Air France (AF),Air France,145,00:47,,,,,CRJ,,,"Codeshare",3682,5715,137,
- -,ATL,AEX,Air France (AF),Air France,499,01:29,,,,,CRJ CR9,,,"Codeshare",3682,3852,137,
- -,ATL,AGS,Air France (AF),Air France,143,00:47,,,,,CRJ M88 717,,,"Codeshare",3682,3658,137,
- -,ATL,ALB,Air France (AF),Air France,852,02:12,,,,,M88,,,"Codeshare",3682,3864,137,
- -,ATL,ATW,Air France (AF),Air France,765,02:01,,,,,CR9,,,"Codeshare",3682,4047,137,
- -,ATL,AUS,Air France (AF),Air France,811,02:07,,,,,M90 M88,,,"Codeshare",3682,3673,137,
- -,ATL,AVL,Air France (AF),Air France,164,00:49,,,,,CRJ M88,,,"Codeshare",3682,4007,137,
- -,ATL,AVP,Air France (AF),Air France,713,01:55,,,,,CR7,,,"Codeshare",3682,4286,137,
- -,ATL,BDL,Air France (AF),Air France,858,02:12,,,,,M88 73W,,,"Codeshare",3682,3825,137,
- -,ATL,BHM,Air France (AF),Air France,133,00:45,,,,,M88,,,"Codeshare",3682,3811,137,
- -,ATL,BMI,Air France (AF),Air France,532,01:33,,,,,CR7 CR9,,,"Codeshare",3682,4037,137,
- -,ATL,BNA,Air France (AF),Air France,213,00:55,,,,,M88 319 738 73H 717 320,,,"Codeshare",3682,3690,137,
- -,ATL,BOS,Air France (AF),Air France,944,02:23,,,,,M90 757 320 738 319,,,"Codeshare",3682,3448,137,
- -,ATL,BQK,Air France (AF),Air France,238,00:58,,,,,CRJ,,,"Codeshare",3682,5725,137,
- -,ATL,BRU,Air France (AF),Air France,4412,09:19,,,,,76W,,,"Codeshare",3682,302,137,
- -,ATL,BTR,Air France (AF),Air France,447,01:23,,,,,CR7 CRJ 319 CR9,,,"Codeshare",3682,3846,137,
- -,ATL,BTV,Air France (AF),Air France,960,02:25,,,,,CR9,,,"Codeshare",3682,3711,137,
- -,ATL,BUF,Air France (AF),Air France,712,01:55,,,,,M90 M88,,,"Codeshare",3682,3820,137,
- -,ATL,BWI,Air France (AF),Air France,576,01:39,,,,,M90 757 320,,,"Codeshare",3682,3849,137,
- -,ATL,CAE,Air France (AF),Air France,191,00:52,,,,,M88 CRJ 319 717,,,"Codeshare",3682,3561,137,
- -,ATL,CAK,Air France (AF),Air France,528,01:33,,,,,M88,,,"Codeshare",3682,4112,137,
- -,ATL,CDG,Air France (AF),Air France,4381,09:15,,,,,77W 744 772 74Y,,,"Direct",3682,1382,137,
- -,ATL,CHA,Air France (AF),Air France,106,00:42,,,,,CRJ M88,,,"Codeshare",3682,3578,137,
- -,ATL,CHO,Air France (AF),Air France,456,01:24,,,,,CRJ,,,"Codeshare",3682,4015,137,
- -,ATL,CHS,Air France (AF),Air France,258,01:00,,,,,320 M88 73W 717 319,,,"Codeshare",3682,3806,137,
- -,ATL,CID,Air France (AF),Air France,693,01:53,,,,,CRJ,,,"Codeshare",3682,4043,137,
- -,ATL,CLE,Air France (AF),Air France,555,01:36,,,,,717 CR9,,,"Codeshare",3682,3486,137,
- -,ATL,CLT,Air France (AF),Air France,226,00:57,,,,,M90 M88 319,,,"Codeshare",3682,3876,137,
- -,ATL,CMH,Air France (AF),Air France,447,01:23,,,,,73W M88 738,,,"Codeshare",3682,3759,137,
- -,ATL,COS,Air France (AF),Air France,1181,02:51,,,,,738,,,"Codeshare",3682,3819,137,
- -,ATL,CRW,Air France (AF),Air France,363,01:13,,,,,CRJ 319,,,"Codeshare",3682,4285,137,
- -,ATL,CSG,Air France (AF),Air France,82,00:39,,,,,CRJ,,,"Codeshare",3682,4255,137,
- -,ATL,CUN,Air France (AF),Air France,882,02:15,,,,,M88,,,"Codeshare",3682,1852,137,
- -,ATL,CVG,Air France (AF),Air France,373,01:14,,,,,738 M88 319,,,"Codeshare",3682,3488,137,
- -,ATL,CZM,Air France (AF),Air France,918,02:20,,,,,M88,,,"Codeshare",3682,1800,137,
- -,ATL,DAB,Air France (AF),Air France,366,01:13,,,,,M90,,,"Codeshare",3682,3950,137,
- -,ATL,DAL,Air France (AF),Air France,719,01:56,,,,,CRJ,,,"Codeshare",3682,3502,137,
- -,ATL,DAY,Air France (AF),Air France,432,01:21,,,,,M88,,,"Codeshare",3682,3627,137,
- -,ATL,DCA,Air France (AF),Air France,546,01:35,,,,,M88 M90 320,,,"Codeshare",3682,3520,137,
- -,ATL,DEN,Air France (AF),Air France,1196,02:53,,,,,M90 757 738,,,"Codeshare",3682,3751,137,
- -,ATL,DFW,Air France (AF),Air France,729,01:57,,,,,M88 319,,,"Codeshare",3682,3670,137,
- -,ATL,DHN,Air France (AF),Air France,170,00:50,,,,,CRJ,,,"Codeshare",3682,3739,137,
- -,ATL,DSM,Air France (AF),Air France,742,01:59,,,,,M88,,,"Codeshare",3682,3729,137,
- -,ATL,DTW,Air France (AF),Air France,595,01:41,,,,,M88 M90 757,,,"Codeshare",3682,3645,137,
- -,ATL,DUB,Air France (AF),Air France,3926,08:21,,,,,76W,,,"Codeshare",3682,599,137,
- -,ATL,DUS,Air France (AF),Air France,4493,09:29,,,,,76W,,,"Codeshare",3682,345,137,
- -,ATL,ECP,Air France (AF),Air France,240,00:58,,,,,717 M88,,,"Codeshare",3682,7669,137,
- -,ATL,ELP,Air France (AF),Air France,1279,03:03,,,,,M88,,,"Codeshare",3682,3559,137,
- -,ATL,EVV,Air France (AF),Air France,349,01:11,,,,,CRJ,,,"Codeshare",3682,4018,137,
- -,ATL,EWN,Air France (AF),Air France,432,01:21,,,,,CRJ,,,"Codeshare",3682,3730,137,
- -,ATL,EWR,Air France (AF),Air France,744,01:59,,,,,717,,,"Codeshare",3682,3494,137,
- -,ATL,EYW,Air France (AF),Air France,647,01:47,,,,,73W CR7,,,"Codeshare",3682,3875,137,
- -,ATL,FAY,Air France (AF),Air France,329,01:09,,,,,CRJ 73W,,,"Codeshare",3682,5738,137,
- -,ATL,FCO,Air France (AF),Air France,5021,10:32,,,,,333,,,"Codeshare",3682,1555,137,
- -,ATL,FLL,Air France (AF),Air France,581,01:39,,,,,757 M90,,,"Codeshare",3682,3533,137,
- -,ATL,FNT,Air France (AF),Air France,645,01:47,,,,,M88,,,"Codeshare",3682,4089,137,
- -,ATL,FRA,Air France (AF),Air France,4601,09:42,,,,,764,,,"Codeshare",3682,340,137,
- -,ATL,FSM,Air France (AF),Air France,577,01:39,,,,,CRJ,,,"Codeshare",3682,3437,137,
- -,ATL,FWA,Air France (AF),Air France,508,01:30,,,,,CRJ,,,"Codeshare",3682,4041,137,
- -,ATL,GDL,Air France (AF),Air France,1467,03:26,,,,,320,,,"Codeshare",3682,1804,137,
- -,ATL,GNV,Air France (AF),Air France,300,01:06,,,,,CR9 717 CR7,,,"Codeshare",3682,3472,137,
- -,ATL,GPT,Air France (AF),Air France,351,01:12,,,,,M88 CR7 CRJ,,,"Codeshare",3682,4038,137,
- -,ATL,GRB,Air France (AF),Air France,774,02:02,,,,,CR7,,,"Codeshare",3682,3653,137,
- -,ATL,GRK,Air France (AF),Air France,800,02:06,,,,,CR9,,,"Codeshare",3682,3775,137,
- -,ATL,GRR,Air France (AF),Air France,641,01:46,,,,,M88 320,,,"Codeshare",3682,3685,137,
- -,ATL,GSO,Air France (AF),Air France,305,01:06,,,,,M88 320 319,,,"Codeshare",3682,4008,137,
- -,ATL,GSP,Air France (AF),Air France,153,00:48,,,,,CR7 319 M88 717 CRJ,,,"Codeshare",3682,4034,137,
- -,ATL,GTR,Air France (AF),Air France,239,00:58,,,,,CRJ,,,"Codeshare",3682,4273,137,
- -,ATL,HPN,Air France (AF),Air France,779,02:03,,,,,CR7,,,"Codeshare",3682,3589,137,
- -,ATL,HSV,Air France (AF),Air France,150,00:48,,,,,717 M88 CRJ,,,"Codeshare",3682,4113,137,
- -,ATL,IAD,Air France (AF),Air France,533,01:33,,,,,320 M88,,,"Codeshare",3682,3714,137,
- -,ATL,IAH,Air France (AF),Air France,687,01:52,,,,,M88 717 320 319,,,"Codeshare",3682,3550,137,
- -,ATL,ICT,Air France (AF),Air France,779,02:03,,,,,CR9 M88,,,"Codeshare",3682,3457,137,
- -,ATL,ILM,Air France (AF),Air France,376,01:15,,,,,CRJ 319,,,"Codeshare",3682,3845,137,
- -,ATL,IND,Air France (AF),Air France,432,01:21,,,,,320 M88 M90,,,"Codeshare",3682,3585,137,
- -,ATL,JAN,Air France (AF),Air France,339,01:10,,,,,717 CR9 M88 CRJ,,,"Codeshare",3682,3580,137,
- -,ATL,JAX,Air France (AF),Air France,269,01:02,,,,,757,,,"Codeshare",3682,3712,137,
- -,ATL,JFK,Air France (AF),Air France,758,02:00,,,,,319 752 M88 738,,,"Codeshare",3682,3797,137,
- -,ATL,LAS,Air France (AF),Air France,1741,03:58,,,,,757 753,,,"Codeshare",3682,3877,137,
- -,ATL,LAX,Air France (AF),Air France,1941,04:22,,,,,76W 763 757 739,,,"Codeshare",3682,3484,137,
- -,ATL,LEX,Air France (AF),Air France,303,01:06,,,,,CR9 M88 CRJ 717,,,"Codeshare",3682,4017,137,
- -,ATL,LFT,Air France (AF),Air France,502,01:30,,,,,CRJ,,,"Codeshare",3682,3493,137,
- -,ATL,LGA,Air France (AF),Air France,760,02:01,,,,,757 739,,,"Codeshare",3682,3697,137,
- -,ATL,LHR,Air France (AF),Air France,4198,08:53,,,,,764 77L 76W,,,"Codeshare",3682,507,137,
- -,ATL,LIT,Air France (AF),Air France,451,01:24,,,,,M88,,,"Codeshare",3682,3660,137,
- -,ATL,MAD,Air France (AF),Air France,4323,09:08,,,,,764,,,"Codeshare",3682,1229,137,
- -,ATL,MAN,Air France (AF),Air France,4086,08:40,,,,,76W,,,"Codeshare",3682,478,137,
- -,ATL,MCI,Air France (AF),Air France,691,01:52,,,,,M88 M90 757,,,"Codeshare",3682,3458,137,
- -,ATL,MCO,Air France (AF),Air France,404,01:18,,,,,757,,,"Codeshare",3682,3878,137,
- -,ATL,MDT,Air France (AF),Air France,619,01:44,,,,,CRJ M88,,,"Codeshare",3682,3542,137,
- -,ATL,MDW,Air France (AF),Air France,591,01:40,,,,,319 717 320,,,"Codeshare",3682,3747,137,
- -,ATL,MEM,Air France (AF),Air France,330,01:09,,,,,M88,,,"Codeshare",3682,3473,137,
- -,ATL,MEX,Air France (AF),Air France,1331,03:09,,,,,73W 73H,,,"Codeshare",3682,1824,137,
- -,ATL,MGM,Air France (AF),Air France,146,00:47,,,,,CRJ,,,"Codeshare",3682,4115,137,
- -,ATL,MHT,Air France (AF),Air France,950,02:24,,,,,320,,,"Codeshare",3682,4011,137,
- -,ATL,MIA,Air France (AF),Air France,595,01:41,,,,,M90 757 320,,,"Codeshare",3682,3576,137,
- -,ATL,MKE,Air France (AF),Air France,669,01:50,,,,,M90 M88,,,"Codeshare",3682,3717,137,
- -,ATL,MLB,Air France (AF),Air France,442,01:23,,,,,M88,,,"Codeshare",3682,3671,137,
- -,ATL,MLI,Air France (AF),Air France,633,01:45,,,,,CR9 CR7,,,"Codeshare",3682,4072,137,
- -,ATL,MLU,Air France (AF),Air France,447,01:23,,,,,CRJ,,,"Codeshare",3682,3732,137,
- -,ATL,MOB,Air France (AF),Air France,301,01:06,,,,,CR9 717 CR7 319 CRJ,,,"Codeshare",3682,3782,137,
- -,ATL,MSN,Air France (AF),Air France,707,01:54,,,,,320 73W CR9,,,"Codeshare",3682,3459,137,
- -,ATL,MSP,Air France (AF),Air France,906,02:18,,,,,320 M90 757,,,"Codeshare",3682,3858,137,
- -,ATL,MSY,Air France (AF),Air France,424,01:20,,,,,M90 M88 757,,,"Codeshare",3682,3861,137,
- -,ATL,MTY,Air France (AF),Air France,1083,02:39,,,,,CR9,,,"Codeshare",3682,1825,137,
- -,ATL,MUC,Air France (AF),Air France,4783,10:03,,,,,764,,,"Codeshare",3682,346,137,
- -,ATL,MYR,Air France (AF),Air France,316,01:07,,,,,CR7 M88,,,"Codeshare",3682,3515,137,
- -,ATL,NAS,Air France (AF),Air France,726,01:57,,,,,M88,,,"Codeshare",3682,1953,137,
- -,ATL,OAJ,Air France (AF),Air France,397,01:17,,,,,CRJ,,,"Codeshare",3682,4386,137,
- -,ATL,OKC,Air France (AF),Air France,758,02:00,,,,,CR9 M88,,,"Codeshare",3682,3863,137,
- -,ATL,OMA,Air France (AF),Air France,820,02:08,,,,,M88 M90,,,"Codeshare",3682,3454,137,
- -,ATL,ORD,Air France (AF),Air France,606,01:42,,,,,757 319 320 M88 M90,,,"Codeshare",3682,3830,137,
- -,ATL,ORF,Air France (AF),Air France,515,01:31,,,,,M88 M90,,,"Codeshare",3682,3611,137,
- -,ATL,PBI,Air France (AF),Air France,545,01:35,,,,,M90 757,,,"Codeshare",3682,3722,137,
- -,ATL,PDX,Air France (AF),Air France,2166,04:49,,,,,73H 738,,,"Codeshare",3682,3720,137,
- -,ATL,PHF,Air France (AF),Air France,507,01:30,,,,,CRJ,,,"Codeshare",3682,3633,137,
- -,ATL,PHL,Air France (AF),Air France,665,01:49,,,,,320 M90 757 73H M88,,,"Codeshare",3682,3752,137,
- -,ATL,PHX,Air France (AF),Air France,1583,03:39,,,,,757 73H 739 738,,,"Codeshare",3682,3462,137,
- -,ATL,PIA,Air France (AF),Air France,564,01:37,,,,,CRJ,,,"Codeshare",3682,4046,137,
- -,ATL,PIT,Air France (AF),Air France,526,01:33,,,,,M88 CR9,,,"Codeshare",3682,3570,137,
- -,ATL,PNS,Air France (AF),Air France,271,01:02,,,,,M90,,,"Codeshare",3682,3564,137,
- -,ATL,PTY,Air France (AF),Air France,1726,03:57,,,,,738,,,"Codeshare",3682,1871,137,
- -,ATL,PVD,Air France (AF),Air France,902,02:18,,,,,M88,,,"Codeshare",3682,3641,137,
- -,ATL,PWM,Air France (AF),Air France,1025,02:33,,,,,M88,,,"Codeshare",3682,3862,137,
- -,ATL,RDU,Air France (AF),Air France,355,01:12,,,,,M88 739 320,,,"Codeshare",3682,3626,137,
- -,ATL,RIC,Air France (AF),Air France,480,01:27,,,,,73H M90 M88,,,"Codeshare",3682,3608,137,
- -,ATL,ROA,Air France (AF),Air France,357,01:12,,,,,CRJ 319,,,"Codeshare",3682,4016,137,
- -,ATL,ROC,Air France (AF),Air France,749,01:59,,,,,M90 M88,,,"Codeshare",3682,3622,137,
- -,ATL,RSW,Air France (AF),Air France,515,01:31,,,,,M90 M88 757,,,"Codeshare",3682,3793,137,
- -,ATL,SAN,Air France (AF),Air France,1886,04:16,,,,,739 763,,,"Codeshare",3682,3731,137,
- -,ATL,SAT,Air France (AF),Air France,872,02:14,,,,,757 M90 320,,,"Codeshare",3682,3621,137,
- -,ATL,SAV,Air France (AF),Air France,214,00:55,,,,,717 M88 319,,,"Codeshare",3682,3613,137,
- -,ATL,SBN,Air France (AF),Air France,566,01:37,,,,,CRJ,,,"Codeshare",3682,4359,137,
- -,ATL,SDF,Air France (AF),Air France,321,01:08,,,,,M88 M90,,,"Codeshare",3682,4014,137,
- -,ATL,SEA,Air France (AF),Air France,2176,04:51,,,,,757 763 739,,,"Codeshare",3682,3577,137,
- -,ATL,SFO,Air France (AF),Air France,2133,04:45,,,,,763 739 757,,,"Codeshare",3682,3469,137,
- -,ATL,SGF,Air France (AF),Air France,562,01:37,,,,,CRJ CR9,,,"Codeshare",3682,4348,137,
- -,ATL,SHV,Air France (AF),Air France,549,01:35,,,,,CRJ,,,"Codeshare",3682,3609,137,
- -,ATL,SJO,Air France (AF),Air France,1632,03:45,,,,,738,,,"Codeshare",3682,1885,137,
- -,ATL,SJU,Air France (AF),Air France,1546,03:35,,,,,757,,,"Codeshare",3682,2890,137,
- -,ATL,SLC,Air France (AF),Air France,1585,03:40,,,,,757 763 320,,,"Codeshare",3682,3536,137,
- -,ATL,SMF,Air France (AF),Air France,2086,04:40,,,,,757,,,"Codeshare",3682,3817,137,
- -,ATL,SNA,Air France (AF),Air France,1913,04:19,,,,,757,,,"Codeshare",3682,3867,137,
- -,ATL,SRQ,Air France (AF),Air France,445,01:23,,,,,M90 757,,,"Codeshare",3682,4067,137,
- -,ATL,STL,Air France (AF),Air France,483,01:27,,,,,M90 717 757 319 M88,,,"Codeshare",3682,3678,137,
- -,ATL,STR,Air France (AF),Air France,4667,09:50,,,,,76W,,,"Codeshare",3682,350,137,
- -,ATL,SYR,Air France (AF),Air France,793,02:05,,,,,CR9 M88,,,"Codeshare",3682,3745,137,
- -,ATL,TLH,Air France (AF),Air France,223,00:56,,,,,CRJ M88 319,,,"Codeshare",3682,3698,137,
- -,ATL,TPA,Air France (AF),Air France,406,01:18,,,,,739 757,,,"Codeshare",3682,3646,137,
- -,ATL,TRI,Air France (AF),Air France,226,00:57,,,,,CRJ 319,,,"Codeshare",3682,4116,137,
- -,ATL,TUL,Air France (AF),Air France,672,01:50,,,,,CR9 CR7 M88,,,"Codeshare",3682,3855,137,
- -,ATL,TUS,Air France (AF),Air France,1536,03:34,,,,,M90,,,"Codeshare",3682,3636,137,
- -,ATL,TYS,Air France (AF),Air France,152,00:48,,,,,CRJ CR7 717 CR9,,,"Codeshare",3682,3676,137,
- -,ATL,VLD,Air France (AF),Air France,208,00:54,,,,,CRJ,,,"Codeshare",3682,5776,137,
- -,ATL,VPS,Air France (AF),Air France,249,00:59,,,,,319 M88 717,,,"Codeshare",3682,3873,137,
- -,ATL,XNA,Air France (AF),Air France,587,01:40,,,,,CRJ CR9 717 CR7,,,"Codeshare",3682,4356,137,
- -,ATL,YUL,Air France (AF),Air France,993,02:29,,,,,CR7 CR9,,,"Codeshare",3682,146,137,
- -,ATL,YYZ,Air France (AF),Air France,739,01:58,,,,,CR9,,,"Codeshare",3682,193,137,
- -,ATW,ATL,Air France (AF),Air France,765,02:01,,,,,CR7,,,"Codeshare",4047,3682,137,
- -,AUH,AMS,Air France (AF),Air France,3224,06:56,,,,,330,,,"Codeshare",2179,580,137,
- -,AUH,BAH,Air France (AF),Air France,280,01:03,,,,,330,,,"Codeshare",2179,2057,137,
- -,AUH,CDG,Air France (AF),Air France,3261,07:01,,,,,346,,,"Codeshare",2179,1382,137,
- -,AUS,ATL,Air France (AF),Air France,811,02:07,,,,,M90 M88,,,"Codeshare",3673,3682,137,
- -,AVL,ATL,Air France (AF),Air France,164,00:49,,,,,CR7 CRJ,,,"Codeshare",4007,3682,137,
- -,BAH,AUH,Air France (AF),Air France,280,01:03,,,,,332,,,"Codeshare",2057,2179,137,
- -,BCN,CDG,Air France (AF),Air France,533,01:33,,,,,321 32A 318 320,,,"Direct",1218,1382,137,
- -,BCN,JFK,Air France (AF),Air France,3819,08:08,,,,,333,,,"Codeshare",1218,3797,137,
- -,BDL,ATL,Air France (AF),Air France,858,02:12,,,,,M88,,,"Codeshare",3825,3682,137,
- -,BEG,CDG,Air France (AF),Air France,883,02:15,,,,,320,,,"Codeshare",1739,1382,137,
- -,BEL,STM,Air France (AF),Air France,441,01:22,,,,,738,,,"Codeshare",2526,4092,137,
- -,BES,CDG,Air France (AF),Air France,319,01:08,,,,,318 321,,,"Direct",1403,1382,137,
- -,BES,LCY,Air France (AF),Air France,289,01:04,,,,,F50,,,"Codeshare",1403,503,137,
- -,BES,MRS,Air France (AF),Air France,577,01:39,,,,,319,,,"Direct",1403,1353,137,
- -,BES,ORY,Air France (AF),Air France,311,01:07,,,,,319 CRK,,,"Direct",1403,1386,137,
- -,BES,SOU,Air France (AF),Air France,220,00:56,,,,,DH4,,,"Codeshare",1403,495,137,
- -,BEY,CDG,Air France (AF),Air France,1979,04:27,,,,,772 343,,,"Direct",2177,1382,137,
- -,BGF,NSI,Air France (AF),Air France,482,01:27,,,,,772,,,"Direct",888,4161,137,
- -,BHM,ATL,Air France (AF),Air France,133,00:45,,,,,M88,,,"Codeshare",3811,3682,137,
- -,BHX,CDG,Air France (AF),Air France,302,01:06,,,,,319 320,,,"Direct",469,1382,137,
- -,BHX,LYS,Air France (AF),Air France,557,01:36,,,,,E75,,,"Codeshare",469,1335,137,
- -,BIA,EBU,Air France (AF),Air France,329,01:09,,,,,AT7,,,"Codeshare",1321,1350,137,
- -,BIA,LGG,Air France (AF),Air France,590,01:40,,,,,320,,,"Direct",1321,309,137,
- -,BIA,LYS,Air France (AF),Air France,309,01:07,,,,,320,,,"Codeshare",1321,1335,137,
- -,BIA,MRS,Air France (AF),Air France,223,00:56,,,,,320,,,"Codeshare",1321,1353,137,
- -,BIA,NCE,Air France (AF),Air France,137,00:46,,,,,AT7,,,"Codeshare",1321,1354,137,
- -,BIA,NTE,Air France (AF),Air France,628,01:45,,,,,320,,,"Codeshare",1321,1418,137,
- -,BIA,ORY,Air France (AF),Air France,546,01:35,,,,,321 319,,,"Direct",1321,1386,137,
- -,BIO,CDG,Air France (AF),Air France,472,01:26,,,,,E70 E90,,,"Direct",1216,1382,137,
- -,BIQ,GVA,Air France (AF),Air France,419,01:20,,,,,CR7,,,"Codeshare",1280,1665,137,
- -,BIQ,MRS,Air France (AF),Air France,338,01:10,,,,,320 319,,,"Direct",1280,1353,137,
- -,BIQ,ORY,Air France (AF),Air France,408,01:18,,,,,CRK 319 321 320,,,"Direct",1280,1386,137,
- -,BKK,CDG,Air France (AF),Air France,5867,12:14,,,,,77W,,,"Direct",3885,1382,137,
- -,BKK,CNX,Air France (AF),Air France,370,01:14,,,,,320,,,"Codeshare",3885,3931,137,
- -,BKK,HKT,Air France (AF),Air France,418,01:20,,,,,320,,,"Codeshare",3885,3179,137,
- -,BKK,KBV,Air France (AF),Air France,403,01:18,,,,,320,,,"Codeshare",3885,3174,137,
- -,BKK,LPQ,Air France (AF),Air France,439,01:22,,,,,AT7,,,"Codeshare",3885,3115,137,
- -,BKO,CDG,Air France (AF),Air France,2589,05:40,,,,,343,,,"Direct",1044,1382,137,
- -,BLL,CDG,Air France (AF),Air France,540,01:34,,,,,E90,,,"Direct",608,1382,137,
- -,BLQ,CDG,Air France (AF),Air France,515,01:31,,,,,E90 E70,,,"Direct",1538,1382,137,
- -,BLQ,LYS,Air France (AF),Air France,313,01:07,,,,,ER4 AT5,,,"Codeshare",1538,1335,137,
- -,BLR,CDG,Air France (AF),Air France,4859,10:13,,,,,332,,,"Direct",3131,1382,137,
- -,BMI,ATL,Air France (AF),Air France,532,01:33,,,,,CR7 CR9,,,"Codeshare",4037,3682,137,
- -,BNA,ATL,Air France (AF),Air France,213,00:55,,,,,M88 319 320 717,,,"Codeshare",3690,3682,137,
- -,BOD,AMS,Air France (AF),Air France,573,01:38,,,,,E90 73W F70,,,"Codeshare",1264,580,137,
- -,BOD,CDG,Air France (AF),Air France,327,01:09,,,,,321 320 32A 318,,,"Direct",1264,1382,137,
- -,BOD,FCO,Air France (AF),Air France,682,01:51,,,,,E70 E90 CR7,,,"Codeshare",1264,1555,137,
- -,BOD,MRS,Air France (AF),Air France,309,01:07,,,,,319 320,,,"Direct",1264,1353,137,
- -,BOD,NTE,Air France (AF),Air France,166,00:49,,,,,ER4,,,"Codeshare",1264,1418,137,
- -,BOD,ORY,Air France (AF),Air France,306,01:06,,,,,321 319 320,,,"Direct",1264,1386,137,
- -,BOG,CDG,Air France (AF),Air France,5368,11:14,,,,,343,,,"Direct",2709,1382,137,
- -,BOM,CDG,Air France (AF),Air France,4343,09:11,,,,,332,,,"Direct",2997,1382,137,
- -,BOS,ATL,Air France (AF),Air France,944,02:23,,,,,757 M90 M88,,,"Codeshare",3448,3682,137,
- -,BOS,CDG,Air France (AF),Air France,3436,07:22,,,,,744,,,"Direct",3448,1382,137,
- -,BOS,LHR,Air France (AF),Air France,3253,07:00,,,,,764,,,"Codeshare",3448,507,137,
- -,BQK,ATL,Air France (AF),Air France,238,00:58,,,,,CRJ,,,"Codeshare",5725,3682,137,
- -,BRE,CDG,Air France (AF),Air France,388,01:16,,,,,E70,,,"Direct",353,1382,137,
- -,BRU,ATL,Air France (AF),Air France,4412,09:19,,,,,76W,,,"Codeshare",302,3682,137,
- -,BRU,JFK,Air France (AF),Air France,3655,07:48,,,,,76W,,,"Codeshare",302,3797,137,
- -,BRU,LYS,Air France (AF),Air France,358,01:12,,,,,ER4,,,"Codeshare",302,1335,137,
- -,BRU,NTE,Air France (AF),Air France,378,01:15,,,,,ER4,,,"Codeshare",302,1418,137,
- -,BSB,CDG,Air France (AF),Air France,5437,11:22,,,,,772,,,"Direct",2531,1382,137,
- -,BSL,AMS,Air France (AF),Air France,348,01:11,,,,,F70 E90,,,"Codeshare",1423,580,137,
- -,BSL,CDG,Air France (AF),Air France,248,00:59,,,,,AT7,,,"Direct",1423,1382,137,
- -,BTR,ATL,Air France (AF),Air France,447,01:23,,,,,CR9 CRJ CR7,,,"Codeshare",3846,3682,137,
- -,BUD,CDG,Air France (AF),Air France,774,02:02,,,,,318 321 320 319,,,"Direct",1489,1382,137,
- -,BUF,ATL,Air France (AF),Air France,712,01:55,,,,,M90 M88,,,"Codeshare",3820,3682,137,
- -,BVE,LCY,Air France (AF),Air France,451,01:24,,,,,AR8,,,"Codeshare",1278,503,137,
- -,BWI,ATL,Air France (AF),Air France,576,01:39,,,,,M88 M90 73W 717,,,"Codeshare",3849,3682,137,
- -,BZV,CDG,Air France (AF),Air France,3756,08:00,,,,,343,,,"Direct",883,1382,137,
- -,CAE,ATL,Air France (AF),Air France,191,00:52,,,,,CRJ M88 319 717,,,"Codeshare",3561,3682,137,
- -,CAI,CDG,Air France (AF),Air France,1993,04:29,,,,,332 343,,,"Direct",1128,1382,137,
- -,CAK,ATL,Air France (AF),Air France,528,01:33,,,,,M88 CR9,,,"Codeshare",4112,3682,137,
- -,CAN,CDG,Air France (AF),Air France,5872,12:14,,,,,772,,,"Direct",3370,1382,137,
- -,CAN,CKG,Air France (AF),Air France,599,01:41,,,,,319,,,"Codeshare",3370,3393,137,
- -,CAN,HGH,Air France (AF),Air France,644,01:47,,,,,321 772,,,"Codeshare",3370,3386,137,
- -,CAN,SHE,Air France (AF),Air France,1390,03:16,,,,,320,,,"Codeshare",3370,4144,137,
- -,CAN,SIN,Air France (AF),Air France,1644,03:47,,,,,320,,,"Codeshare",3370,3316,137,
- -,CAN,WUH,Air France (AF),Air France,513,01:31,,,,,738,,,"Codeshare",3370,3376,137,
- -,CAY,FDF,Air France (AF),Air France,894,02:17,,,,,32A 320,,,"Direct",2774,2878,137,
- -,CAY,ORY,Air France (AF),Air France,4400,09:18,,,,,343,,,"Direct",2774,1386,137,
- -,CCS,CDG,Air France (AF),Air France,4739,09:58,,,,,332,,,"Direct",2851,1382,137,
- -,CDG,ABJ,Air France (AF),Air France,3044,06:35,,,,,772,,,"Direct",1382,253,137,
- -,CDG,ABV,Air France (AF),Air France,2776,06:03,,,,,332,,,"Direct",1382,260,137,
- -,CDG,ABZ,Air France (AF),Air France,598,01:41,,,,,E70,,,"Direct",1382,532,137,
- -,CDG,AGP,Air France (AF),Air France,922,02:20,,,,,738,,,"Codeshare",1382,1230,137,
- -,CDG,ALG,Air France (AF),Air France,851,02:12,,,,,319,,,"Direct",1382,210,137,
- -,CDG,AMM,Air France (AF),Air France,2099,04:41,,,,,320,,,"Direct",1382,2170,137,
- -,CDG,AMS,Air France (AF),Air France,247,00:59,,,,,321 320 319 318 32A,,,"Direct",1382,580,137,
- -,CDG,ARN,Air France (AF),Air France,955,02:24,,,,,320 321 32A 319,,,"Direct",1382,737,137,
- -,CDG,ATH,Air France (AF),Air France,1309,03:07,,,,,319 32A 320 321,,,"Direct",1382,3941,137,
- -,CDG,ATL,Air France (AF),Air France,4381,09:15,,,,,77W 744 772,,,"Direct",1382,3682,137,
- -,CDG,AUH,Air France (AF),Air France,3261,07:01,,,,,346,,,"Codeshare",1382,2179,137,
- -,CDG,BCN,Air France (AF),Air France,533,01:33,,,,,321 32A 318 320,,,"Direct",1382,1218,137,
- -,CDG,BEG,Air France (AF),Air France,883,02:15,,,,,320,,,"Codeshare",1382,1739,137,
- -,CDG,BES,Air France (AF),Air France,319,01:08,,,,,318 321,,,"Direct",1382,1403,137,
- -,CDG,BEY,Air France (AF),Air France,1979,04:27,,,,,772 343,,,"Direct",1382,2177,137,
- -,CDG,BGF,Air France (AF),Air France,3220,06:56,,,,,772,,,"Direct",1382,888,137,
- -,CDG,BHX,Air France (AF),Air France,302,01:06,,,,,319 320,,,"Direct",1382,469,137,
- -,CDG,BIO,Air France (AF),Air France,472,01:26,,,,,E90 E70,,,"Direct",1382,1216,137,
- -,CDG,BKK,Air France (AF),Air France,5867,12:14,,,,,77W,,,"Direct",1382,3885,137,
- -,CDG,BKO,Air France (AF),Air France,2589,05:40,,,,,343,,,"Direct",1382,1044,137,
- -,CDG,BLL,Air France (AF),Air France,540,01:34,,,,,E90,,,"Direct",1382,608,137,
- -,CDG,BLQ,Air France (AF),Air France,515,01:31,,,,,E70 E90,,,"Direct",1382,1538,137,
- -,CDG,BLR,Air France (AF),Air France,4859,10:13,,,,,332,,,"Direct",1382,3131,137,
- -,CDG,BOD,Air France (AF),Air France,327,01:09,,,,,321 320 32A 318,,,"Direct",1382,1264,137,
- -,CDG,BOG,Air France (AF),Air France,5368,11:14,,,,,343,,,"Direct",1382,2709,137,
- -,CDG,BOM,Air France (AF),Air France,4343,09:11,,,,,332,,,"Direct",1382,2997,137,
- -,CDG,BOS,Air France (AF),Air France,3436,07:22,,,,,744,,,"Direct",1382,3448,137,
- -,CDG,BRE,Air France (AF),Air France,388,01:16,,,,,E70,,,"Direct",1382,353,137,
- -,CDG,BSB,Air France (AF),Air France,5437,11:22,,,,,772,,,"Direct",1382,2531,137,
- -,CDG,BSL,Air France (AF),Air France,248,00:59,,,,,AT7,,,"Direct",1382,1423,137,
- -,CDG,BUD,Air France (AF),Air France,774,02:02,,,,,318 321 320 319,,,"Direct",1382,1489,137,
- -,CDG,BZV,Air France (AF),Air France,3756,08:00,,,,,343,,,"Direct",1382,883,137,
- -,CDG,CAI,Air France (AF),Air France,1993,04:29,,,,,343 332,,,"Direct",1382,1128,137,
- -,CDG,CAN,Air France (AF),Air France,5872,12:14,,,,,772,,,"Direct",1382,3370,137,
- -,CDG,CCS,Air France (AF),Air France,4739,09:58,,,,,332,,,"Direct",1382,2851,137,
- -,CDG,CFE,Air France (AF),Air France,224,00:56,,,,,E90 E70,,,"Direct",1382,1330,137,
- -,CDG,CKY,Air France (AF),Air France,2878,06:15,,,,,332,,,"Direct",1382,4162,137,
- -,CDG,CLY,Air France (AF),Air France,539,01:34,,,,,320,,,"Direct",1382,1322,137,
- -,CDG,CMN,Air France (AF),Air France,1199,02:53,,,,,320 319 321,,,"Direct",1382,1074,137,
- -,CDG,COO,Air France (AF),Air France,2945,06:23,,,,,343,,,"Direct",1382,245,137,
- -,CDG,CPH,Air France (AF),Air France,623,01:44,,,,,318 319 320,,,"Direct",1382,609,137,
- -,CDG,CVG,Air France (AF),Air France,4142,08:47,,,,,76W,,,"Codeshare",1382,3488,137,
- -,CDG,DEL,Air France (AF),Air France,4077,08:39,,,,,332,,,"Direct",1382,3093,137,
- -,CDG,DKR,Air France (AF),Air France,2624,05:44,,,,,77W,,,"Direct",1382,1084,137,
- -,CDG,DLA,Air France (AF),Air France,3136,06:46,,,,,772,,,"Direct",1382,897,137,
- -,CDG,DTW,Air France (AF),Air France,3949,08:23,,,,,343,,,"Direct",1382,3645,137,
- -,CDG,DUB,Air France (AF),Air France,487,01:28,,,,,AR8,,,"Direct",1382,599,137,
- -,CDG,DUS,Air France (AF),Air France,243,00:59,,,,,318 320,,,"Direct",1382,345,137,
- -,CDG,DXB,Air France (AF),Air France,3253,07:00,,,,,77W,,,"Direct",1382,2188,137,
- -,CDG,EDI,Air France (AF),Air France,539,01:34,,,,,AR8,,,"Direct",1382,535,137,
- -,CDG,EVN,Air France (AF),Air France,2117,04:44,,,,,320,,,"Direct",1382,3964,137,
- -,CDG,EWR,Air France (AF),Air France,3637,07:46,,,,,76W,,,"Codeshare",1382,3494,137,
- -,CDG,EXT,Air France (AF),Air France,290,01:04,,,,,DH4,,,"Codeshare",1382,552,137,
- -,CDG,EZE,Air France (AF),Air France,6893,14:17,,,,,772,,,"Direct",1382,3988,137,
- -,CDG,FCO,Air France (AF),Air France,683,01:51,,,,,320 321 319 32A,,,"Direct",1382,1555,137,
- -,CDG,FIH,Air France (AF),Air France,3768,08:02,,,,,343,,,"Direct",1382,1020,137,
- -,CDG,FLR,Air France (AF),Air France,546,01:35,,,,,318,,,"Direct",1382,1563,137,
- -,CDG,FRA,Air France (AF),Air France,278,01:03,,,,,318,,,"Direct",1382,340,137,
- -,CDG,GIG,Air France (AF),Air France,5703,11:54,,,,,77W 332,,,"Direct",1382,2560,137,
- -,CDG,GOA,Air France (AF),Air France,435,01:22,,,,,E70 E90,,,"Direct",1382,1528,137,
- -,CDG,GOT,Air France (AF),Air France,717,01:56,,,,,E70 E90,,,"Direct",1382,687,137,
- -,CDG,GRU,Air France (AF),Air France,5840,12:10,,,,,772 77W,,,"Direct",1382,2564,137,
- -,CDG,GVA,Air France (AF),Air France,253,01:00,,,,,319 321 320 318,,,"Direct",1382,1665,137,
- -,CDG,GYD,Air France (AF),Air France,2361,05:13,,,,,320,,,"Codeshare",1382,2922,137,
- -,CDG,HAJ,Air France (AF),Air France,392,01:17,,,,,E70 AR8,,,"Direct",1382,352,137,
- -,CDG,HAM,Air France (AF),Air France,452,01:24,,,,,318 321 320 32A,,,"Direct",1382,342,137,
- -,CDG,HAN,Air France (AF),Air France,5686,11:52,,,,,777,,,"Codeshare",1382,3199,137,
- -,CDG,HAV,Air France (AF),Air France,4809,10:07,,,,,77W,,,"Direct",1382,1909,137,
- -,CDG,HEL,Air France (AF),Air France,1177,02:51,,,,,E90 321 320 32B 319,,,"Codeshare",1382,421,137,
- -,CDG,HKG,Air France (AF),Air France,5955,12:24,,,,,77W,,,"Direct",1382,3077,137,
- -,CDG,HND,Air France (AF),Air France,6028,12:33,,,,,77W 772,,,"Direct",1382,2359,137,
- -,CDG,IAD,Air France (AF),Air France,3848,08:11,,,,,388 77W,,,"Direct",1382,3714,137,
- -,CDG,IAH,Air France (AF),Air France,5012,10:31,,,,,77W,,,"Direct",1382,3550,137,
- -,CDG,ICN,Air France (AF),Air France,5543,11:35,,,,,77W 772,,,"Direct",1382,3930,137,
- -,CDG,ISL,Air France (AF),Air France,1388,03:16,,,,,319 320 321,,,"Direct",1382,1701,137,
- -,CDG,JED,Air France (AF),Air France,2749,05:59,,,,,333,,,"Codeshare",1382,2072,137,
- -,CDG,JFK,Air France (AF),Air France,3622,07:44,,,,,332 772 388 343,,,"Direct",1382,3797,137,
- -,CDG,JIB,Air France (AF),Air France,3472,07:26,,,,,343,,,"Direct",1382,4119,137,
- -,CDG,JNB,Air France (AF),Air France,5426,11:21,,,,,388,,,"Direct",1382,813,137,
- -,CDG,KBP,Air France (AF),Air France,1262,03:01,,,,,319,,,"Direct",1382,2939,137,
- -,CDG,KIX,Air France (AF),Air France,5977,12:27,,,,,77W 772,,,"Direct",1382,3992,137,
- -,CDG,KUL,Air France (AF),Air France,6484,13:28,,,,,772,,,"Direct",1382,3304,137,
- -,CDG,LAD,Air France (AF),Air France,4048,08:35,,,,,77W,,,"Direct",1382,951,137,
- -,CDG,LAX,Air France (AF),Air France,5652,11:48,,,,,388 772,,,"Direct",1382,3484,137,
- -,CDG,LBV,Air France (AF),Air France,3377,07:15,,,,,772 77W,,,"Direct",1382,970,137,
- -,CDG,LCA,Air France (AF),Air France,1851,04:12,,,,,320,,,"Direct",1382,1197,137,
- -,CDG,LED,Air France (AF),Air France,1324,03:08,,,,,320 319 321,,,"Direct",1382,2948,137,
- -,CDG,LFW,Air France (AF),Air France,2959,06:25,,,,,343,,,"Direct",1382,298,137,
- -,CDG,LHR,Air France (AF),Air France,215,00:55,,,,,321 319 320,,,"Direct",1382,507,137,
- -,CDG,LIM,Air France (AF),Air France,6381,13:15,,,,,77W,,,"Direct",1382,2789,137,
- -,CDG,LIN,Air France (AF),Air France,399,01:17,,,,,318 320 319 32A 321,,,"Direct",1382,1529,137,
- -,CDG,LIS,Air France (AF),Air France,912,02:19,,,,,318 320 319 321,,,"Direct",1382,1638,137,
- -,CDG,LJU,Air France (AF),Air France,586,01:40,,,,,E70,,,"Direct",1382,1569,137,
- -,CDG,LOS,Air France (AF),Air France,2930,06:21,,,,,332,,,"Direct",1382,273,137,
- -,CDG,LUX,Air France (AF),Air France,169,00:50,,,,,ER4 DH4,,,"Codeshare",1382,629,137,
- -,CDG,LYS,Air France (AF),Air France,255,01:00,,,,,320 319 318,,,"Direct",1382,1335,137,
- -,CDG,MAD,Air France (AF),Air France,661,01:49,,,,,320 321 318 32A 319,,,"Direct",1382,1229,137,
- -,CDG,MAN,Air France (AF),Air France,365,01:13,,,,,321 320,,,"Direct",1382,478,137,
- -,CDG,MEX,Air France (AF),Air France,5712,11:55,,,,,744,,,"Direct",1382,1824,137,
- -,CDG,MIA,Air France (AF),Air France,4577,09:39,,,,,77W,,,"Direct",1382,3576,137,
- -,CDG,MLA,Air France (AF),Air France,1090,02:40,,,,,319 320,,,"Direct",1382,1606,137,
- -,CDG,MPL,Air France (AF),Air France,381,01:15,,,,,318 319 320 32A,,,"Direct",1382,1359,137,
- -,CDG,MRS,Air France (AF),Air France,405,01:18,,,,,32A 319 318 321 320,,,"Direct",1382,1353,137,
- -,CDG,MRU,Air France (AF),Air France,5866,12:13,,,,,77W,,,"Direct",1382,893,137,
- -,CDG,MSP,Air France (AF),Air France,4207,08:54,,,,,332,,,"Codeshare",1382,3858,137,
- -,CDG,MUC,Air France (AF),Air France,423,01:20,,,,,319 318 320 32A 321,,,"Direct",1382,346,137,
- -,CDG,NAP,Air France (AF),Air France,800,02:06,,,,,321,,,"Direct",1382,1561,137,
- -,CDG,NBO,Air France (AF),Air France,4033,08:33,,,,,763,,,"Codeshare",1382,4059,137,
- -,CDG,NCE,Air France (AF),Air France,431,01:21,,,,,318 320 321 319,,,"Direct",1382,1354,137,
- -,CDG,NCL,Air France (AF),Air France,453,01:24,,,,,AR8,,,"Direct",1382,521,137,
- -,CDG,NDJ,Air France (AF),Air France,2644,05:47,,,,,332,,,"Direct",1382,999,137,
- -,CDG,NIM,Air France (AF),Air France,2453,05:24,,,,,332 343,,,"Direct",1382,280,137,
- -,CDG,NKC,Air France (AF),Air France,2358,05:12,,,,,332,,,"Direct",1382,1094,137,
- -,CDG,NRT,Air France (AF),Air France,6030,12:33,,,,,388 788 77W,,,"Direct",1382,2279,137,
- -,CDG,NSI,Air France (AF),Air France,3172,06:50,,,,,772,,,"Direct",1382,4161,137,
- -,CDG,NTE,Air France (AF),Air France,230,00:57,,,,,321 318 319 320,,,"Direct",1382,1418,137,
- -,CDG,NUE,Air France (AF),Air France,385,01:16,,,,,E70,,,"Direct",1382,347,137,
- -,CDG,ORD,Air France (AF),Air France,4138,08:46,,,,,332,,,"Direct",1382,3830,137,
- -,CDG,OSL,Air France (AF),Air France,837,02:10,,,,,E90,,,"Direct",1382,644,137,
- -,CDG,OTP,Air France (AF),Air France,1148,02:47,,,,,321 320 319,,,"Direct",1382,1657,137,
- -,CDG,OUA,Air France (AF),Air France,2542,05:35,,,,,343,,,"Direct",1382,246,137,
- -,CDG,PEK,Air France (AF),Air France,5085,10:40,,,,,772 77W,,,"Direct",1382,3364,137,
- -,CDG,PHL,Air France (AF),Air France,3716,07:55,,,,,752,,,"Codeshare",1382,3752,137,
- -,CDG,PIT,Air France (AF),Air France,3897,08:17,,,,,752,,,"Codeshare",1382,3570,137,
- -,CDG,PNR,Air France (AF),Air France,3759,08:01,,,,,332,,,"Direct",1382,886,137,
- -,CDG,PRG,Air France (AF),Air France,529,01:33,,,,,321 320 32A,,,"Direct",1382,1587,137,
- -,CDG,PTY,Air France (AF),Air France,5378,11:15,,,,,772,,,"Direct",1382,1871,137,
- -,CDG,PUF,Air France (AF),Air France,413,01:19,,,,,E90,,,"Direct",1382,1274,137,
- -,CDG,PUJ,Air France (AF),Air France,4396,09:17,,,,,744,,,"Direct",1382,1760,137,
- -,CDG,PVG,Air France (AF),Air France,5754,12:00,,,,,77W 388 772,,,"Direct",1382,3406,137,
- -,CDG,RBA,Air France (AF),Air France,1137,02:46,,,,,319 320,,,"Direct",1382,1072,137,
- -,CDG,RIX,Air France (AF),Air France,1038,02:34,,,,,733 735 73C,,,"Codeshare",1382,3953,137,
- -,CDG,RNS,Air France (AF),Air France,206,00:54,,,,,AT7,,,"Direct",1382,1415,137,
- -,CDG,ROB,Air France (AF),Air France,3048,06:35,,,,,332,,,"Direct",1382,1063,137,
- -,CDG,RUH,Air France (AF),Air France,2888,06:16,,,,,332,,,"Direct",1382,2082,137,
- -,CDG,SCL,Air France (AF),Air France,7249,14:59,,,,,772 77W,,,"Direct",1382,2650,137,
- -,CDG,SEA,Air France (AF),Air France,4998,10:29,,,,,332,,,"Codeshare",1382,3577,137,
- -,CDG,SFO,Air France (AF),Air France,5565,11:37,,,,,388,,,"Direct",1382,3469,137,
- -,CDG,SGN,Air France (AF),Air France,6275,13:03,,,,,772,,,"Direct",1382,3205,137,
- -,CDG,SIN,Air France (AF),Air France,6660,13:49,,,,,77W,,,"Direct",1382,3316,137,
- -,CDG,SLC,Air France (AF),Air France,5063,10:37,,,,,332,,,"Codeshare",1382,3536,137,
- -,CDG,SOF,Air France (AF),Air France,1089,02:40,,,,,321 320,,,"Direct",1382,1194,137,
- -,CDG,STR,Air France (AF),Air France,303,01:06,,,,,AR8,,,"Direct",1382,350,137,
- -,CDG,SVG,Air France (AF),Air France,692,01:53,,,,,E70,,,"Direct",1382,666,137,
- -,CDG,SVO,Air France (AF),Air France,1523,03:32,,,,,319 320 321,,,"Direct",1382,2985,137,
- -,CDG,SXM,Air France (AF),Air France,4185,08:52,,,,,343,,,"Direct",1382,2899,137,
- -,CDG,TBS,Air France (AF),Air France,2090,04:40,,,,,735,,,"Codeshare",1382,3973,137,
- -,CDG,TLS,Air France (AF),Air France,376,01:15,,,,,319 320 321,,,"Direct",1382,1273,137,
- -,CDG,TLV,Air France (AF),Air France,2039,04:34,,,,,320,,,"Direct",1382,1590,137,
- -,CDG,TNR,Air France (AF),Air France,5432,11:21,,,,,772,,,"Direct",1382,918,137,
- -,CDG,TRN,Air France (AF),Air France,355,01:12,,,,,E90 AR8 E70,,,"Direct",1382,1526,137,
- -,CDG,TUN,Air France (AF),Air France,924,02:20,,,,,319 320 321,,,"Direct",1382,287,137,
- -,CDG,TXL,Air France (AF),Air France,528,01:33,,,,,319 321 320 318,,,"Direct",1382,351,137,
- -,CDG,VCE,Air France (AF),Air France,518,01:32,,,,,318 320 319 32A,,,"Direct",1382,1551,137,
- -,CDG,VGO,Air France (AF),Air France,713,01:55,,,,,E70,,,"Direct",1382,1250,137,
- -,CDG,VIE,Air France (AF),Air France,642,01:47,,,,,320 318 319 32A 321,,,"Direct",1382,1613,137,
- -,CDG,VLC,Air France (AF),Air France,674,01:50,,,,,738,,,"Codeshare",1382,1246,137,
- -,CDG,VRN,Air France (AF),Air France,463,01:25,,,,,E70,,,"Direct",1382,1550,137,
- -,CDG,WAW,Air France (AF),Air France,833,02:09,,,,,318 319 320 321,,,"Direct",1382,679,137,
- -,CDG,WUH,Air France (AF),Air France,5505,11:30,,,,,332,,,"Direct",1382,3376,137,
- -,CDG,YUL,Air France (AF),Air France,3430,07:21,,,,,744 343,,,"Direct",1382,146,137,
- -,CDG,YYZ,Air France (AF),Air France,3738,07:58,,,,,772,,,"Direct",1382,193,137,
- -,CDG,ZAG,Air France (AF),Air France,670,01:50,,,,,AR8,,,"Direct",1382,1208,137,
- -,CDG,ZRH,Air France (AF),Air France,295,01:05,,,,,318,,,"Direct",1382,1678,137,
- -,CFE,AMS,Air France (AF),Air France,456,01:24,,,,,ER4,,,"Codeshare",1330,580,137,
- -,CFE,CDG,Air France (AF),Air France,224,00:56,,,,,E70 E90,,,"Direct",1330,1382,137,
- -,CFE,ORY,Air France (AF),Air France,206,00:54,,,,,AT7 CRK,,,"Direct",1330,1386,137,
- -,CGK,KUL,Air France (AF),Air France,701,01:54,,,,,77W,,,"Codeshare",3275,3304,137,
- -,CHA,ATL,Air France (AF),Air France,106,00:42,,,,,CRJ,,,"Codeshare",3578,3682,137,
- -,CHO,ATL,Air France (AF),Air France,456,01:24,,,,,CRJ,,,"Codeshare",4015,3682,137,
- -,CHS,ATL,Air France (AF),Air France,258,01:00,,,,,M88 73W 319,,,"Codeshare",3806,3682,137,
- -,CID,ATL,Air France (AF),Air France,693,01:53,,,,,CR9 CRJ,,,"Codeshare",4043,3682,137,
- -,CKG,CAN,Air France (AF),Air France,599,01:41,,,,,319,,,"Codeshare",3393,3370,137,
- -,CKG,LXA,Air France (AF),Air France,945,02:23,,,,,319,,,"Codeshare",3393,4097,137,
- -,CKY,CDG,Air France (AF),Air France,2878,06:15,,,,,332,,,"Direct",4162,1382,137,
- -,CKY,NKC,Air France (AF),Air France,623,01:44,,,,,332,,,"Direct",4162,1094,137,
- -,CLE,ATL,Air France (AF),Air France,555,01:36,,,,,717 M88,,,"Codeshare",3486,3682,137,
- -,CLT,ATL,Air France (AF),Air France,226,00:57,,,,,M90 M88,,,"Codeshare",3876,3682,137,
- -,CLY,CDG,Air France (AF),Air France,539,01:34,,,,,320,,,"Direct",1322,1382,137,
- -,CLY,MRS,Air France (AF),Air France,191,00:52,,,,,AT7,,,"Codeshare",1322,1353,137,
- -,CLY,NCE,Air France (AF),Air France,111,00:43,,,,,AT7,,,"Codeshare",1322,1354,137,
- -,CLY,ORY,Air France (AF),Air France,527,01:33,,,,,320 319,,,"Direct",1322,1386,137,
- -,CMH,ATL,Air France (AF),Air France,447,01:23,,,,,M88 738 319,,,"Codeshare",3759,3682,137,
- -,CMN,CDG,Air France (AF),Air France,1199,02:53,,,,,320 319 321,,,"Direct",1074,1382,137,
- -,CMN,TLS,Air France (AF),Air France,856,02:12,,,,,319 320,,,"Direct",1074,1273,137,
- -,CNX,BKK,Air France (AF),Air France,370,01:14,,,,,320,,,"Codeshare",3931,3885,137,
- -,COO,CDG,Air France (AF),Air France,2945,06:23,,,,,343,,,"Direct",245,1382,137,
- -,CPH,CDG,Air France (AF),Air France,623,01:44,,,,,318 319 320,,,"Direct",609,1382,137,
- -,CRW,ATL,Air France (AF),Air France,363,01:13,,,,,CRJ,,,"Codeshare",4285,3682,137,
- -,CSG,ATL,Air France (AF),Air France,82,00:39,,,,,CRJ,,,"Codeshare",4255,3682,137,
- -,CUN,ATL,Air France (AF),Air France,882,02:15,,,,,757 320 M88,,,"Codeshare",1852,3682,137,
- -,CVG,ATL,Air France (AF),Air France,373,01:14,,,,,M88 738 320 319,,,"Codeshare",3488,3682,137,
- -,CVG,CDG,Air France (AF),Air France,4142,08:47,,,,,76W,,,"Codeshare",3488,1382,137,
- -,CWB,BSB,Air France (AF),Air France,671,01:50,,,,,73G,,,"Codeshare",2545,2531,137,
- -,CWL,EDI,Air France (AF),Air France,314,01:07,,,,,F50,,,"Codeshare",488,535,137,
- -,CWL,GLA,Air France (AF),Air France,312,01:07,,,,,F50,,,"Codeshare",488,534,137,
- -,CWL,JER,Air France (AF),Air France,159,00:49,,,,,F50,,,"Codeshare",488,499,137,
- -,CWL,ORY,Air France (AF),Air France,313,01:07,,,,,F50,,,"Codeshare",488,1386,137,
- -,CZM,ATL,Air France (AF),Air France,918,02:20,,,,,319 M88,,,"Codeshare",1800,3682,137,
- -,DAB,ATL,Air France (AF),Air France,366,01:13,,,,,M90 M88,,,"Codeshare",3950,3682,137,
- -,DAL,ATL,Air France (AF),Air France,719,01:56,,,,,CRJ,,,"Codeshare",3502,3682,137,
- -,DAR,AMS,Air France (AF),Air France,4561,09:37,,,,,330,,,"Codeshare",1177,580,137,
- -,DAY,ATL,Air France (AF),Air France,432,01:21,,,,,M88,,,"Codeshare",3627,3682,137,
- -,DCA,ATL,Air France (AF),Air France,546,01:35,,,,,738 M90 M88,,,"Codeshare",3520,3682,137,
- -,DEL,CDG,Air France (AF),Air France,4077,08:39,,,,,332,,,"Direct",3093,1382,137,
- -,DEN,ATL,Air France (AF),Air France,1196,02:53,,,,,757 M90 738,,,"Codeshare",3751,3682,137,
- -,DFW,ATL,Air France (AF),Air France,729,01:57,,,,,M88 319,,,"Codeshare",3670,3682,137,
- -,DHN,ATL,Air France (AF),Air France,170,00:50,,,,,CRJ,,,"Codeshare",3739,3682,137,
- -,DKR,CDG,Air France (AF),Air France,2624,05:44,,,,,77W,,,"Direct",1084,1382,137,
- -,DLA,CDG,Air France (AF),Air France,3136,06:46,,,,,772,,,"Direct",897,1382,137,
- -,DLA,SSG,Air France (AF),Air France,71,00:38,,,,,772,,,"Direct",897,891,137,
- -,DMM,AMS,Air France (AF),Air France,2921,06:20,,,,,330,,,"Codeshare",2064,580,137,
- -,DMM,KWI,Air France (AF),Air France,220,00:56,,,,,332 330,,,"Codeshare",2064,2176,137,
- -,DOH,AMS,Air France (AF),Air France,3057,06:36,,,,,330,,,"Codeshare",11051,580,137,
- -,DOH,MCT,Air France (AF),Air France,435,01:22,,,,,330,,,"Codeshare",11051,2194,137,
- -,DOL,LCY,Air France (AF),Air France,147,00:47,,,,,F50,,,"Codeshare",1408,503,137,
- -,DRS,LCY,Air France (AF),Air France,591,01:40,,,,,AR8,,,"Codeshare",338,503,137,
- -,DSM,ATL,Air France (AF),Air France,742,01:59,,,,,CR7 M88 CR9,,,"Codeshare",3729,3682,137,
- -,DTW,ATL,Air France (AF),Air France,595,01:41,,,,,M88 73H 320 738 739,,,"Codeshare",3645,3682,137,
- -,DTW,CDG,Air France (AF),Air France,3949,08:23,,,,,343,,,"Direct",3645,1382,137,
- -,DTW,FRA,Air France (AF),Air France,4147,08:47,,,,,764,,,"Codeshare",3645,340,137,
- -,DTW,LHR,Air France (AF),Air France,3753,08:00,,,,,76W 77L,,,"Direct",3645,507,137,
- -,DTW,MSY,Air France (AF),Air France,926,02:21,,,,,319,,,"Codeshare",3645,3861,137,
- -,DUB,ATL,Air France (AF),Air France,3926,08:21,,,,,76W,,,"Codeshare",599,3682,137,
- -,DUB,CDG,Air France (AF),Air France,487,01:28,,,,,AR8,,,"Direct",599,1382,137,
- -,DUB,JFK,Air France (AF),Air France,3169,06:50,,,,,752,,,"Codeshare",599,3797,137,
- -,DUB,LCY,Air France (AF),Air France,297,01:05,,,,,AR8,,,"Codeshare",599,503,137,
- -,DUS,ATL,Air France (AF),Air France,4493,09:29,,,,,76W,,,"Codeshare",345,3682,137,
- -,DUS,CDG,Air France (AF),Air France,243,00:59,,,,,318 320,,,"Direct",345,1382,137,
- -,DUS,NTE,Air France (AF),Air France,473,01:26,,,,,ER4,,,"Codeshare",345,1418,137,
- -,DXB,CDG,Air France (AF),Air France,3253,07:00,,,,,77W,,,"Direct",2188,1382,137,
- -,DZA,HAH,Air France (AF),Air France,161,00:49,,,,,73W,,,"Codeshare",915,912,137,
- -,EBB,AMS,Air France (AF),Air France,3948,08:23,,,,,330,,,"Codeshare",1187,580,137,
- -,EBU,BIA,Air France (AF),Air France,329,01:09,,,,,AT7,,,"Codeshare",1350,1321,137,
- -,ECP,ATL,Air France (AF),Air France,240,00:58,,,,,717 M88 CR9,,,"Codeshare",7669,3682,137,
- -,EDI,CDG,Air France (AF),Air France,539,01:34,,,,,AR8,,,"Direct",535,1382,137,
- -,EDI,CWL,Air France (AF),Air France,314,01:07,,,,,F50,,,"Codeshare",535,488,137,
- -,EGC,EXT,Air France (AF),Air France,446,01:23,,,,,DH4,,,"Codeshare",1265,552,137,
- -,EGC,SOU,Air France (AF),Air France,431,01:21,,,,,DH4,,,"Codeshare",1265,495,137,
- -,ELP,ATL,Air France (AF),Air France,1279,03:03,,,,,M88,,,"Codeshare",3559,3682,137,
- -,ENH,WUH,Air France (AF),Air France,282,01:03,,,,,738,,,"Codeshare",6358,3376,137,
- -,EVN,CDG,Air France (AF),Air France,2117,04:44,,,,,320,,,"Direct",3964,1382,137,
- -,EVV,ATL,Air France (AF),Air France,349,01:11,,,,,CRJ,,,"Codeshare",4018,3682,137,
- -,EWN,ATL,Air France (AF),Air France,432,01:21,,,,,CRJ,,,"Codeshare",3730,3682,137,
- -,EWR,ATL,Air France (AF),Air France,744,01:59,,,,,717 319,,,"Codeshare",3494,3682,137,
- -,EWR,CDG,Air France (AF),Air France,3637,07:46,,,,,76W,,,"Codeshare",3494,1382,137,
- -,EXT,CDG,Air France (AF),Air France,290,01:04,,,,,DH4,,,"Codeshare",552,1382,137,
- -,EXT,EGC,Air France (AF),Air France,446,01:23,,,,,DH4,,,"Codeshare",552,1265,137,
- -,EXT,RNS,Air France (AF),Air France,198,00:53,,,,,DH4,,,"Codeshare",552,1415,137,
- -,EYW,ATL,Air France (AF),Air France,647,01:47,,,,,73W,,,"Codeshare",3875,3682,137,
- -,EZE,CDG,Air France (AF),Air France,6893,14:17,,,,,772,,,"Direct",3988,1382,137,
- -,EZE,MVD,Air France (AF),Air France,141,00:46,,,,,772,,,"Direct",3988,2816,137,
- -,FAY,ATL,Air France (AF),Air France,329,01:09,,,,,CRJ,,,"Codeshare",5738,3682,137,
- -,FCO,ATL,Air France (AF),Air France,5021,10:32,,,,,333,,,"Codeshare",1555,3682,137,
- -,FCO,BOD,Air France (AF),Air France,682,01:51,,,,,E70 E90 CR7,,,"Codeshare",1555,1264,137,
- -,FCO,CDG,Air France (AF),Air France,683,01:51,,,,,320 321 319 32A,,,"Direct",1555,1382,137,
- -,FCO,LCY,Air France (AF),Air France,882,02:15,,,,,E90,,,"Codeshare",1555,503,137,
- -,FCO,LYS,Air France (AF),Air France,447,01:23,,,,,CRK,,,"Direct",1555,1335,137,
- -,FCO,MPL,Air France (AF),Air France,437,01:22,,,,,E75 E90,,,"Codeshare",1555,1359,137,
- -,FCO,MRS,Air France (AF),Air France,373,01:14,,,,,319,,,"Direct",1555,1353,137,
- -,FCO,NCE,Air France (AF),Air France,285,01:04,,,,,319 32S E75 321 E90,,,"Codeshare",1555,1354,137,
- -,FCO,SXB,Air France (AF),Air France,516,01:31,,,,,ER4 CR7,,,"Codeshare",1555,1435,137,
- -,FCO,TLS,Air France (AF),Air France,565,01:37,,,,,319 320,,,"Direct",1555,1273,137,
- -,FDF,CAY,Air France (AF),Air France,894,02:17,,,,,32A 320,,,"Direct",2878,2774,137,
- -,FDF,ORY,Air France (AF),Air France,4254,09:00,,,,,77W,,,"Direct",2878,1386,137,
- -,FDF,PTP,Air France (AF),Air France,120,00:44,,,,,AT5 32A 320,,,"Direct",2878,2881,137,
- -,FDF,SDQ,Air France (AF),Air France,631,01:45,,,,,AT5,,,"Direct",2878,1762,137,
- -,FIH,CDG,Air France (AF),Air France,3768,08:02,,,,,343,,,"Direct",1020,1382,137,
- -,FLL,ATL,Air France (AF),Air France,581,01:39,,,,,757 M90,,,"Codeshare",3533,3682,137,
- -,FLR,CDG,Air France (AF),Air France,546,01:35,,,,,318,,,"Direct",1563,1382,137,
- -,FLR,LCY,Air France (AF),Air France,740,01:58,,,,,AR8,,,"Codeshare",1563,503,137,
- -,FLR,LYS,Air France (AF),Air France,327,01:09,,,,,AT5,,,"Codeshare",1563,1335,137,
- -,FNA,CDG,Air France (AF),Air France,2934,06:22,,,,,332,,,"Direct",1059,1382,137,
- -,FNT,ATL,Air France (AF),Air France,645,01:47,,,,,M88,,,"Codeshare",4089,3682,137,
- -,FRA,ATL,Air France (AF),Air France,4601,09:42,,,,,764,,,"Codeshare",340,3682,137,
- -,FRA,CDG,Air France (AF),Air France,278,01:03,,,,,318,,,"Direct",340,1382,137,
- -,FRA,DTW,Air France (AF),Air France,4147,08:47,,,,,764,,,"Codeshare",340,3645,137,
- -,FRA,JFK,Air France (AF),Air France,3843,08:11,,,,,76W,,,"Codeshare",340,3797,137,
- -,FSC,MRS,Air France (AF),Air France,238,00:58,,,,,AT7,,,"Codeshare",1323,1353,137,
- -,FSC,NCE,Air France (AF),Air France,177,00:51,,,,,AT7,,,"Codeshare",1323,1354,137,
- -,FSM,ATL,Air France (AF),Air France,577,01:39,,,,,CRJ,,,"Codeshare",3437,3682,137,
- -,FWA,ATL,Air France (AF),Air France,508,01:30,,,,,CRJ,,,"Codeshare",4041,3682,137,
- -,GDL,ATL,Air France (AF),Air France,1467,03:26,,,,,320,,,"Codeshare",1804,3682,137,
- -,GIG,CDG,Air France (AF),Air France,5703,11:54,,,,,77W 332,,,"Direct",2560,1382,137,
- -,GIG,CWB,Air France (AF),Air France,417,01:20,,,,,73G,,,"Codeshare",2560,2545,137,
- -,GLA,CWL,Air France (AF),Air France,312,01:07,,,,,F50,,,"Codeshare",534,488,137,
- -,GNV,ATL,Air France (AF),Air France,300,01:06,,,,,CR9 CR7,,,"Codeshare",3472,3682,137,
- -,GOA,CDG,Air France (AF),Air France,435,01:22,,,,,E70 E90,,,"Direct",1528,1382,137,
- -,GOT,CDG,Air France (AF),Air France,717,01:56,,,,,E90 E70,,,"Direct",687,1382,137,
- -,GOT,LYS,Air France (AF),Air France,878,02:15,,,,,ER4,,,"Codeshare",687,1335,137,
- -,GPT,ATL,Air France (AF),Air France,351,01:12,,,,,M88 CR7 CRJ,,,"Codeshare",4038,3682,137,
- -,GRB,ATL,Air France (AF),Air France,774,02:02,,,,,CR9,,,"Codeshare",3653,3682,137,
- -,GRK,ATL,Air France (AF),Air France,800,02:06,,,,,CR7,,,"Codeshare",3775,3682,137,
- -,GRR,ATL,Air France (AF),Air France,641,01:46,,,,,717 M88 319 320,,,"Codeshare",3685,3682,137,
- -,GRU,CDG,Air France (AF),Air France,5840,12:10,,,,,77W 772,,,"Direct",2564,1382,137,
- -,GSO,ATL,Air France (AF),Air France,305,01:06,,,,,CR9 CR7 M88,,,"Codeshare",4008,3682,137,
- -,GSP,ATL,Air France (AF),Air France,153,00:48,,,,,M88 CR7 319 717 CRJ,,,"Codeshare",4034,3682,137,
- -,GTR,ATL,Air France (AF),Air France,239,00:58,,,,,CRJ,,,"Codeshare",4273,3682,137,
- -,GUA,ATL,Air France (AF),Air France,1369,03:14,,,,,757,,,"Codeshare",1767,3682,137,
- -,GVA,BIQ,Air France (AF),Air France,419,01:20,,,,,CR7,,,"Codeshare",1665,1280,137,
- -,GVA,CDG,Air France (AF),Air France,253,01:00,,,,,321 319 320 318,,,"Direct",1665,1382,137,
- -,GYD,CDG,Air France (AF),Air France,2361,05:13,,,,,320,,,"Codeshare",2922,1382,137,
- -,GYE,AMS,Air France (AF),Air France,6107,12:42,,,,,777,,,"Codeshare",2673,580,137,
- -,HAH,NBO,Air France (AF),Air France,828,02:09,,,,,73W,,,"Codeshare",912,4059,137,
- -,HAJ,CDG,Air France (AF),Air France,392,01:17,,,,,E70 AR8,,,"Direct",352,1382,137,
- -,HAM,CDG,Air France (AF),Air France,452,01:24,,,,,321 318 320 32A,,,"Direct",342,1382,137,
- -,HAM,TLS,Air France (AF),Air France,793,02:05,,,,,319,,,"Direct",342,1273,137,
- -,HAN,CDG,Air France (AF),Air France,5686,11:52,,,,,777,,,"Codeshare",3199,1382,137,
- -,HAN,REP,Air France (AF),Air France,555,01:36,,,,,321,,,"Codeshare",3199,3035,137,
- -,HAV,CDG,Air France (AF),Air France,4809,10:07,,,,,77W,,,"Direct",1909,1382,137,
- -,HEL,CDG,Air France (AF),Air France,1177,02:51,,,,,321 320 32B E90 319,,,"Codeshare",421,1382,137,
- -,HKG,CDG,Air France (AF),Air France,5955,12:24,,,,,77W,,,"Direct",3077,1382,137,
- -,HKT,BKK,Air France (AF),Air France,418,01:20,,,,,320,,,"Codeshare",3179,3885,137,
- -,HND,CDG,Air France (AF),Air France,6028,12:33,,,,,772 77W,,,"Direct",2359,1382,137,
- -,HNL,LAX,Air France (AF),Air France,2551,05:36,,,,,757,,,"Codeshare",3728,3484,137,
- -,HPN,ATL,Air France (AF),Air France,779,02:03,,,,,CR7,,,"Codeshare",3589,3682,137,
- -,HRE,LUN,Air France (AF),Air France,250,01:00,,,,,763 332 330,,,"Codeshare",1005,907,137,
- -,HRE,NBO,Air France (AF),Air France,1213,02:55,,,,,E90,,,"Codeshare",1005,4059,137,
- -,HSV,ATL,Air France (AF),Air France,150,00:48,,,,,717 M88 CR7 CRJ,,,"Codeshare",4113,3682,137,
- -,IAD,ATL,Air France (AF),Air France,533,01:33,,,,,320 M88 319,,,"Codeshare",3714,3682,137,
- -,IAD,CDG,Air France (AF),Air France,3848,08:11,,,,,388 77W,,,"Direct",3714,1382,137,
- -,IAH,ATL,Air France (AF),Air France,687,01:52,,,,,M88 717 319,,,"Codeshare",3550,3682,137,
- -,IAH,CDG,Air France (AF),Air France,5012,10:31,,,,,77W,,,"Direct",3550,1382,137,
- -,ICN,CDG,Air France (AF),Air France,5543,11:35,,,,,77W 772,,,"Direct",3930,1382,137,
- -,ICT,ATL,Air France (AF),Air France,779,02:03,,,,,CR7 CR9,,,"Codeshare",3457,3682,137,
- -,ILM,ATL,Air France (AF),Air France,376,01:15,,,,,CRJ,,,"Codeshare",3845,3682,137,
- -,IND,ATL,Air France (AF),Air France,432,01:21,,,,,M88 320 M90,,,"Codeshare",3585,3682,137,
- -,ISL,CDG,Air France (AF),Air France,1388,03:16,,,,,320 319 321,,,"Direct",1701,1382,137,
- -,ISL,MRS,Air France (AF),Air France,1214,02:55,,,,,320,,,"Direct",1701,1353,137,
- -,IVL,KTT,Air France (AF),Air France,90,00:40,,,,,319,,,"Codeshare",428,438,137,
- -,JAN,ATL,Air France (AF),Air France,339,01:10,,,,,717 CR9,,,"Codeshare",3580,3682,137,
- -,JAX,ATL,Air France (AF),Air France,269,01:02,,,,,757,,,"Codeshare",3712,3682,137,
- -,JED,CDG,Air France (AF),Air France,2749,05:59,,,,,333,,,"Codeshare",2072,1382,137,
- -,JER,CWL,Air France (AF),Air France,159,00:49,,,,,F50,,,"Codeshare",499,488,137,
- -,JFK,ATL,Air France (AF),Air France,758,02:00,,,,,319 738 752,,,"Codeshare",3797,3682,137,
- -,JFK,BCN,Air France (AF),Air France,3819,08:08,,,,,333,,,"Codeshare",3797,1218,137,
- -,JFK,BRU,Air France (AF),Air France,3655,07:48,,,,,76W,,,"Direct",3797,302,137,
- -,JFK,CDG,Air France (AF),Air France,3622,07:44,,,,,332 772 388 343,,,"Direct",3797,1382,137,
- -,JFK,DUB,Air France (AF),Air France,3169,06:50,,,,,752,,,"Codeshare",3797,599,137,
- -,JFK,FRA,Air France (AF),Air France,3843,08:11,,,,,76W,,,"Codeshare",3797,340,137,
- -,JFK,LHR,Air France (AF),Air France,3440,07:22,,,,,764 76W,,,"Codeshare",3797,507,137,
- -,JFK,MAD,Air France (AF),Air France,3578,07:39,,,,,764,,,"Codeshare",3797,1229,137,
- -,JFK,MSY,Air France (AF),Air France,1180,02:51,,,,,CR9,,,"Codeshare",3797,3861,137,
- -,JFK,NCE,Air France (AF),Air France,3978,08:27,,,,,764,,,"Codeshare",3797,1354,137,
- -,JFK,PAP,Air France (AF),Air France,1525,03:33,,,,,738,,,"Codeshare",3797,1897,137,
- -,JIB,CDG,Air France (AF),Air France,3472,07:26,,,,,343,,,"Direct",4119,1382,137,
- -,JNB,CDG,Air France (AF),Air France,5426,11:21,,,,,388,,,"Direct",813,1382,137,
- -,JRO,DAR,Air France (AF),Air France,279,01:03,,,,,332 330,,,"Codeshare",1180,1177,137,
- -,KBP,CDG,Air France (AF),Air France,1262,03:01,,,,,319,,,"Direct",2939,1382,137,
- -,KBV,BKK,Air France (AF),Air France,403,01:18,,,,,319 320,,,"Codeshare",3174,3885,137,
- -,KGL,BJM,Air France (AF),Air France,109,00:43,,,,,E70,,,"Codeshare",1165,1120,137,
- -,KGL,EBB,Air France (AF),Air France,211,00:55,,,,,332 330,,,"Codeshare",1165,1187,137,
- -,KIX,CDG,Air France (AF),Air France,5977,12:27,,,,,772 77W,,,"Direct",3992,1382,137,
- -,KMG,CAN,Air France (AF),Air France,663,01:49,,,,,320,,,"Codeshare",3382,3370,137,
- -,KTT,HEL,Air France (AF),Air France,509,01:31,,,,,319,,,"Codeshare",438,421,137,
- -,KUL,AMS,Air France (AF),Air France,6357,13:12,,,,,777,,,"Codeshare",3304,580,137,
- -,KUL,CDG,Air France (AF),Air France,6484,13:28,,,,,772,,,"Direct",3304,1382,137,
- -,KUL,CGK,Air France (AF),Air France,701,01:54,,,,,777,,,"Codeshare",3304,3275,137,
- -,KWI,AMS,Air France (AF),Air France,2704,05:54,,,,,330,,,"Codeshare",2176,580,137,
- -,KWI,DMM,Air France (AF),Air France,220,00:56,,,,,332 330,,,"Codeshare",2176,2064,137,
- -,LAD,CDG,Air France (AF),Air France,4048,08:35,,,,,77W,,,"Direct",951,1382,137,
- -,LAS,ATL,Air France (AF),Air France,1741,03:58,,,,,739 738 757,,,"Codeshare",3877,3682,137,
- -,LAX,ATL,Air France (AF),Air France,1941,04:22,,,,,763 757 76W,,,"Codeshare",3484,3682,137,
- -,LAX,CDG,Air France (AF),Air France,5652,11:48,,,,,388 772,,,"Direct",3484,1382,137,
- -,LAX,MSP,Air France (AF),Air France,1532,03:33,,,,,757,,,"Codeshare",3484,3858,137,
- -,LAX,OGG,Air France (AF),Air France,2481,05:27,,,,,757,,,"Codeshare",3484,3456,137,
- -,LAX,PPT,Air France (AF),Air France,4105,08:42,,,,,772,,,"Direct",3484,4075,137,
- -,LBV,CDG,Air France (AF),Air France,3377,07:15,,,,,772 77W,,,"Direct",970,1382,137,
- -,LCA,CDG,Air France (AF),Air France,1851,04:12,,,,,320,,,"Direct",1197,1382,137,
- -,LCY,AMS,Air France (AF),Air France,208,00:54,,,,,AR8,,,"Codeshare",503,580,137,
- -,LCY,ANR,Air France (AF),Air France,191,00:52,,,,,F50,,,"Codeshare",503,299,137,
- -,LCY,BES,Air France (AF),Air France,289,01:04,,,,,F50,,,"Codeshare",503,1403,137,
- -,LCY,BVE,Air France (AF),Air France,451,01:24,,,,,AR8,,,"Codeshare",503,1278,137,
- -,LCY,DOL,Air France (AF),Air France,147,00:47,,,,,F50,,,"Codeshare",503,1408,137,
- -,LCY,DRS,Air France (AF),Air France,591,01:40,,,,,AR8,,,"Codeshare",503,338,137,
- -,LCY,DUB,Air France (AF),Air France,297,01:05,,,,,AR8,,,"Codeshare",503,599,137,
- -,LCY,FCO,Air France (AF),Air France,882,02:15,,,,,E90,,,"Codeshare",503,1555,137,
- -,LCY,FLR,Air France (AF),Air France,740,01:58,,,,,AR8,,,"Codeshare",503,1563,137,
- -,LCY,LIN,Air France (AF),Air France,593,01:41,,,,,E90,,,"Direct",503,1529,137,
- -,LCY,NTE,Air France (AF),Air France,309,01:07,,,,,AR8 F50,,,"Codeshare",503,1418,137,
- -,LCY,ORY,Air France (AF),Air France,217,00:56,,,,,F50,,,"Direct",503,1386,137,
- -,LCY,RTM,Air France (AF),Air France,189,00:52,,,,,F50 AR8,,,"Direct",503,591,137,
- -,LED,CDG,Air France (AF),Air France,1324,03:08,,,,,319 320 321,,,"Direct",2948,1382,137,
- -,LEX,ATL,Air France (AF),Air France,303,01:06,,,,,CRJ CR9,,,"Codeshare",4017,3682,137,
- -,LFT,ATL,Air France (AF),Air France,502,01:30,,,,,CRJ,,,"Codeshare",3493,3682,137,
- -,LFW,CDG,Air France (AF),Air France,2959,06:25,,,,,343,,,"Direct",298,1382,137,
- -,LGA,ATL,Air France (AF),Air France,760,02:01,,,,,M88 757,,,"Codeshare",3697,3682,137,
- -,LGG,AJA,Air France (AF),Air France,622,01:44,,,,,320,,,"Codeshare",309,1324,137,
- -,LGG,BIA,Air France (AF),Air France,590,01:40,,,,,320,,,"Direct",309,1321,137,
- -,LHR,ATL,Air France (AF),Air France,4198,08:53,,,,,764 77L 76W,,,"Codeshare",507,3682,137,
- -,LHR,BOS,Air France (AF),Air France,3253,07:00,,,,,764,,,"Codeshare",507,3448,137,
- -,LHR,CDG,Air France (AF),Air France,215,00:55,,,,,321 320 319,,,"Direct",507,1382,137,
- -,LHR,DTW,Air France (AF),Air France,3753,08:00,,,,,76W 77L,,,"Direct",507,3645,137,
- -,LHR,JFK,Air France (AF),Air France,3440,07:22,,,,,76W 764,,,"Codeshare",507,3797,137,
- -,LHR,MSP,Air France (AF),Air France,4001,08:30,,,,,764,,,"Codeshare",507,3858,137,
- -,LHR,SEA,Air France (AF),Air France,4783,10:03,,,,,76W,,,"Direct",507,3577,137,
- -,LIG,SOU,Air France (AF),Air France,369,01:14,,,,,DH4,,,"Codeshare",1270,495,137,
- -,LIL,MRS,Air France (AF),Air France,502,01:30,,,,,319,,,"Direct",1399,1353,137,
- -,LIL,NCE,Air France (AF),Air France,514,01:31,,,,,319 320,,,"Direct",1399,1354,137,
- -,LIM,CDG,Air France (AF),Air France,6381,13:15,,,,,77W,,,"Direct",2789,1382,137,
- -,LIN,CDG,Air France (AF),Air France,399,01:17,,,,,319 318 320 32A 321,,,"Direct",1529,1382,137,
- -,LIN,LCY,Air France (AF),Air France,593,01:41,,,,,E90,,,"Codeshare",1529,503,137,
- -,LIN,ORY,Air France (AF),Air France,395,01:17,,,,,320 32S 319,,,"Codeshare",1529,1386,137,
- -,LIR,ATL,Air France (AF),Air France,1592,03:41,,,,,738 757,,,"Codeshare",1881,3682,137,
- -,LIS,CDG,Air France (AF),Air France,912,02:19,,,,,319 318 320 321,,,"Direct",1638,1382,137,
- -,LIT,ATL,Air France (AF),Air France,451,01:24,,,,,M88,,,"Codeshare",3660,3682,137,
- -,LJG,KMG,Air France (AF),Air France,199,00:53,,,,,320,,,"Codeshare",4033,3382,137,
- -,LJU,CDG,Air France (AF),Air France,586,01:40,,,,,E70,,,"Direct",1569,1382,137,
- -,LLW,LUN,Air France (AF),Air France,371,01:14,,,,,E90,,,"Codeshare",1016,907,137,
- -,LLW,NBO,Air France (AF),Air France,887,02:16,,,,,738 E90,,,"Codeshare",1016,4059,137,
- -,LOS,CDG,Air France (AF),Air France,2930,06:21,,,,,332,,,"Direct",273,1382,137,
- -,LPQ,BKK,Air France (AF),Air France,439,01:22,,,,,319,,,"Codeshare",3115,3885,137,
- -,LRH,PIS,Air France (AF),Air France,76,00:39,,,,,AT5,,,"Codeshare",6493,1268,137,
- -,LRH,SOU,Air France (AF),Air France,329,01:09,,,,,DH4,,,"Codeshare",6493,495,137,
- -,LUN,AMS,Air France (AF),Air France,4881,10:15,,,,,330,,,"Codeshare",907,580,137,
- -,LUN,HRE,Air France (AF),Air France,250,01:00,,,,,E90,,,"Codeshare",907,1005,137,
- -,LUN,LLW,Air France (AF),Air France,371,01:14,,,,,738 E90 763,,,"Codeshare",907,1016,137,
- -,LUN,NBO,Air France (AF),Air France,1126,02:45,,,,,763 E90,,,"Codeshare",907,4059,137,
- -,LUX,CDG,Air France (AF),Air France,169,00:50,,,,,ER4 DH4,,,"Codeshare",629,1382,137,
- -,LVI,HRE,Air France (AF),Air France,346,01:11,,,,,E90,,,"Codeshare",906,1005,137,
- -,LXA,CKG,Air France (AF),Air France,945,02:23,,,,,319,,,"Codeshare",4097,3393,137,
- -,LYS,AJA,Air France (AF),Air France,321,01:08,,,,,320,,,"Codeshare",1335,1324,137,
- -,LYS,AMS,Air France (AF),Air France,454,01:24,,,,,F70,,,"Direct",1335,580,137,
- -,LYS,BHX,Air France (AF),Air France,557,01:36,,,,,E75,,,"Codeshare",1335,469,137,
- -,LYS,BIA,Air France (AF),Air France,309,01:07,,,,,320,,,"Codeshare",1335,1321,137,
- -,LYS,BLQ,Air France (AF),Air France,313,01:07,,,,,ER4 AT5,,,"Codeshare",1335,1538,137,
- -,LYS,BRU,Air France (AF),Air France,358,01:12,,,,,ER4,,,"Codeshare",1335,302,137,
- -,LYS,CDG,Air France (AF),Air France,255,01:00,,,,,320 319 318,,,"Direct",1335,1382,137,
- -,LYS,FCO,Air France (AF),Air France,447,01:23,,,,,CRK,,,"Codeshare",1335,1555,137,
- -,LYS,FLR,Air France (AF),Air France,327,01:09,,,,,AT5,,,"Direct",1335,1563,137,
- -,LYS,GOT,Air France (AF),Air France,878,02:15,,,,,ER4,,,"Codeshare",1335,687,137,
- -,LYS,MLA,Air France (AF),Air France,838,02:10,,,,,320,,,"Direct",1335,1606,137,
- -,LYS,MXP,Air France (AF),Air France,176,00:51,,,,,CRJ ER4,,,"Codeshare",1335,1524,137,
- -,LYS,NCE,Air France (AF),Air France,177,00:51,,,,,320 319,,,"Direct",1335,1354,137,
- -,LYS,ORY,Air France (AF),Air France,242,00:59,,,,,CRK,,,"Direct",1335,1386,137,
- -,LYS,PIS,Air France (AF),Air France,235,00:58,,,,,AT5,,,"Codeshare",1335,1268,137,
- -,LYS,PRG,Air France (AF),Air France,520,01:32,,,,,E90 CRK,,,"Codeshare",1335,1587,137,
- -,LYS,TLS,Air France (AF),Air France,232,00:57,,,,,319 320 CRK,,,"Direct",1335,1273,137,
- -,LYS,VCE,Air France (AF),Air France,351,01:12,,,,,ER4 CRK,,,"Codeshare",1335,1551,137,
- -,LYS,VIE,Air France (AF),Air France,565,01:37,,,,,DH4 F70,,,"Codeshare",1335,1613,137,
- -,MAD,ATL,Air France (AF),Air France,4323,09:08,,,,,764,,,"Codeshare",1229,3682,137,
- -,MAD,CDG,Air France (AF),Air France,661,01:49,,,,,321 320 318 32A 319,,,"Direct",1229,1382,137,
- -,MAD,JFK,Air France (AF),Air France,3578,07:39,,,,,764,,,"Codeshare",1229,3797,137,
- -,MAD,ORY,Air France (AF),Air France,639,01:46,,,,,738 E90,,,"Codeshare",1229,1386,137,
- -,MAN,ATL,Air France (AF),Air France,4086,08:40,,,,,76W,,,"Codeshare",478,3682,137,
- -,MAN,CDG,Air France (AF),Air France,365,01:13,,,,,321 320,,,"Direct",478,1382,137,
- -,MAN,NTE,Air France (AF),Air France,429,01:21,,,,,E75 DH4,,,"Codeshare",478,1418,137,
- -,MAO,GRU,Air France (AF),Air France,1675,03:51,,,,,738,,,"Codeshare",2551,2564,137,
- -,MBJ,ATL,Air France (AF),Air France,1119,02:44,,,,,M88,,,"Codeshare",1780,3682,137,
- -,MCI,ATL,Air France (AF),Air France,691,01:52,,,,,M88 M90 757,,,"Codeshare",3458,3682,137,
- -,MCO,ATL,Air France (AF),Air France,404,01:18,,,,,757 M88,,,"Codeshare",3878,3682,137,
- -,MCT,DOH,Air France (AF),Air France,435,01:22,,,,,332,,,"Codeshare",2194,11051,137,
- -,MDT,ATL,Air France (AF),Air France,619,01:44,,,,,CRJ,,,"Codeshare",3542,3682,137,
- -,MDW,ATL,Air France (AF),Air France,591,01:40,,,,,320 319 717,,,"Codeshare",3747,3682,137,
- -,MEM,ATL,Air France (AF),Air France,330,01:09,,,,,320 M88 319,,,"Codeshare",3473,3682,137,
- -,MEX,ATL,Air France (AF),Air France,1331,03:09,,,,,74Y,,,"Direct",1824,3682,137,
- -,MEX,CDG,Air France (AF),Air France,5712,11:55,,,,,744,,,"Direct",1824,1382,137,
- -,MGM,ATL,Air France (AF),Air France,146,00:47,,,,,CRJ,,,"Codeshare",4115,3682,137,
- -,MIA,ATL,Air France (AF),Air France,595,01:41,,,,,M88 757 M90 73H,,,"Codeshare",3576,3682,137,
- -,MIA,CDG,Air France (AF),Air France,4577,09:39,,,,,77W,,,"Direct",3576,1382,137,
- -,MIA,PAP,Air France (AF),Air France,713,01:55,,,,,320,,,"Direct",3576,1897,137,
- -,MKE,ATL,Air France (AF),Air France,669,01:50,,,,,M88 M90,,,"Codeshare",3717,3682,137,
- -,MLA,CDG,Air France (AF),Air France,1090,02:40,,,,,319 320,,,"Direct",1606,1382,137,
- -,MLA,LYS,Air France (AF),Air France,838,02:10,,,,,320,,,"Direct",1606,1335,137,
- -,MLA,ORY,Air France (AF),Air France,1079,02:39,,,,,320 319,,,"Direct",1606,1386,137,
- -,MLA,TLS,Air France (AF),Air France,877,02:15,,,,,320 319,,,"Direct",1606,1273,137,
- -,MLB,ATL,Air France (AF),Air France,442,01:23,,,,,M88,,,"Codeshare",3671,3682,137,
- -,MLI,ATL,Air France (AF),Air France,633,01:45,,,,,CR9,,,"Codeshare",4072,3682,137,
- -,MLU,ATL,Air France (AF),Air France,447,01:23,,,,,CRJ,,,"Codeshare",3732,3682,137,
- -,MNL,TPE,Air France (AF),Air France,729,01:57,,,,,772,,,"Codeshare",2397,2276,137,
- -,MOB,ATL,Air France (AF),Air France,301,01:06,,,,,CR7 717 CR9 CRJ,,,"Codeshare",3782,3682,137,
- -,MPL,CDG,Air France (AF),Air France,381,01:15,,,,,320 318 319 32A,,,"Direct",1359,1382,137,
- -,MPL,FCO,Air France (AF),Air France,437,01:22,,,,,E75 E90,,,"Codeshare",1359,1555,137,
- -,MPL,ORY,Air France (AF),Air France,363,01:13,,,,,321 319 CRK,,,"Direct",1359,1386,137,
- -,MRS,AJA,Air France (AF),Air France,209,00:55,,,,,320 AT7,,,"Codeshare",1353,1324,137,
- -,MRS,ALG,Air France (AF),Air France,477,01:27,,,,,320 319,,,"Direct",1353,210,137,
- -,MRS,AMS,Air France (AF),Air France,612,01:43,,,,,319,,,"Direct",1353,580,137,
- -,MRS,ATH,Air France (AF),Air France,1048,02:35,,,,,319,,,"Direct",1353,3941,137,
- -,MRS,BES,Air France (AF),Air France,577,01:39,,,,,319,,,"Direct",1353,1403,137,
- -,MRS,BIA,Air France (AF),Air France,223,00:56,,,,,320,,,"Codeshare",1353,1321,137,
- -,MRS,BIQ,Air France (AF),Air France,338,01:10,,,,,320 319,,,"Direct",1353,1280,137,
- -,MRS,BOD,Air France (AF),Air France,309,01:07,,,,,319 320,,,"Direct",1353,1264,137,
- -,MRS,CDG,Air France (AF),Air France,405,01:18,,,,,319 32A 318 321 320,,,"Direct",1353,1382,137,
- -,MRS,CLY,Air France (AF),Air France,191,00:52,,,,,AT7,,,"Codeshare",1353,1322,137,
- -,MRS,FCO,Air France (AF),Air France,373,01:14,,,,,319,,,"Direct",1353,1555,137,
- -,MRS,FSC,Air France (AF),Air France,238,00:58,,,,,AT7,,,"Codeshare",1353,1323,137,
- -,MRS,ISL,Air France (AF),Air France,1214,02:55,,,,,320,,,"Direct",1353,1701,137,
- -,MRS,LIL,Air France (AF),Air France,502,01:30,,,,,319,,,"Direct",1353,1399,137,
- -,MRS,MXP,Air France (AF),Air France,229,00:57,,,,,AT7,,,"Codeshare",1353,1524,137,
- -,MRS,NTE,Air France (AF),Air France,419,01:20,,,,,319,,,"Direct",1353,1418,137,
- -,MRS,ORY,Air France (AF),Air France,389,01:16,,,,,320 321 319,,,"Direct",1353,1386,137,
- -,MRS,PRG,Air France (AF),Air France,627,01:45,,,,,320 319,,,"Direct",1353,1587,137,
- -,MRS,RAK,Air France (AF),Air France,1090,02:40,,,,,320,,,"Direct",1353,1075,137,
- -,MRS,RNS,Air France (AF),Air France,462,01:25,,,,,319,,,"Direct",1353,1415,137,
- -,MRS,SVO,Air France (AF),Air France,1655,03:48,,,,,320,,,"Direct",1353,2985,137,
- -,MRS,TLV,Air France (AF),Air France,1789,04:04,,,,,320,,,"Direct",1353,1590,137,
- -,MRS,TUN,Air France (AF),Air France,525,01:33,,,,,319 320,,,"Direct",1353,287,137,
- -,MRS,TXL,Air France (AF),Air France,730,01:57,,,,,320 319,,,"Direct",1353,351,137,
- -,MRS,VCE,Air France (AF),Air France,379,01:15,,,,,320 319,,,"Direct",1353,1551,137,
- -,MRU,CDG,Air France (AF),Air France,5866,12:13,,,,,77W,,,"Direct",893,1382,137,
- -,MRU,RUN,Air France (AF),Air France,143,00:47,,,,,343 AT7 319 332,,,"Codeshare",893,916,137,
- -,MRU,ZSE,Air France (AF),Air France,158,00:48,,,,,AT7,,,"Codeshare",893,917,137,
- -,MSN,ATL,Air France (AF),Air France,707,01:54,,,,,CR7 320 CR9,,,"Codeshare",3459,3682,137,
- -,MSP,ATL,Air France (AF),Air France,906,02:18,,,,,320 757 M88,,,"Codeshare",3858,3682,137,
- -,MSP,CDG,Air France (AF),Air France,4207,08:54,,,,,332,,,"Codeshare",3858,1382,137,
- -,MSP,LAX,Air France (AF),Air France,1532,03:33,,,,,757,,,"Codeshare",3858,3484,137,
- -,MSP,LHR,Air France (AF),Air France,4001,08:30,,,,,764,,,"Codeshare",3858,507,137,
- -,MSP,MSY,Air France (AF),Air France,1040,02:34,,,,,E75 CR9,,,"Codeshare",3858,3861,137,
- -,MSP,SEA,Air France (AF),Air France,1394,03:17,,,,,753,,,"Codeshare",3858,3577,137,
- -,MSP,SFO,Air France (AF),Air France,1584,03:40,,,,,753,,,"Codeshare",3858,3469,137,
- -,MSY,ATL,Air France (AF),Air France,424,01:20,,,,,M90 757 M88,,,"Codeshare",3861,3682,137,
- -,MSY,DTW,Air France (AF),Air France,926,02:21,,,,,319 CR7,,,"Codeshare",3861,3645,137,
- -,MSY,JFK,Air France (AF),Air France,1180,02:51,,,,,CR9,,,"Codeshare",3861,3797,137,
- -,MSY,MSP,Air France (AF),Air France,1040,02:34,,,,,CR9,,,"Codeshare",3861,3858,137,
- -,MTY,ATL,Air France (AF),Air France,1083,02:39,,,,,CR9,,,"Codeshare",1825,3682,137,
- -,MUC,ATL,Air France (AF),Air France,4783,10:03,,,,,764,,,"Codeshare",346,3682,137,
- -,MUC,CDG,Air France (AF),Air France,423,01:20,,,,,320 319 318 32A 321,,,"Direct",346,1382,137,
- -,MVD,EZE,Air France (AF),Air France,141,00:46,,,,,772,,,"Direct",2816,3988,137,
- -,MXP,LYS,Air France (AF),Air France,176,00:51,,,,,ER4 CRJ,,,"Codeshare",1524,1335,137,
- -,MXP,MRS,Air France (AF),Air France,229,00:57,,,,,AT7,,,"Codeshare",1524,1353,137,
- -,MXP,NTE,Air France (AF),Air France,503,01:30,,,,,ER4,,,"Codeshare",1524,1418,137,
- -,MYR,ATL,Air France (AF),Air France,316,01:07,,,,,717 CR9 319,,,"Codeshare",3515,3682,137,
- -,NAP,CDG,Air France (AF),Air France,800,02:06,,,,,321,,,"Direct",1561,1382,137,
- -,NAS,ATL,Air France (AF),Air France,726,01:57,,,,,M88,,,"Codeshare",1953,3682,137,
- -,NBO,CDG,Air France (AF),Air France,4033,08:33,,,,,763,,,"Codeshare",4059,1382,137,
- -,NBO,DZA,Air France (AF),Air France,977,02:27,,,,,73W,,,"Codeshare",4059,915,137,
- -,NBO,HRE,Air France (AF),Air France,1213,02:55,,,,,763,,,"Codeshare",4059,1005,137,
- -,NBO,KGL,Air France (AF),Air France,470,01:26,,,,,E70,,,"Codeshare",4059,1165,137,
- -,NBO,LLW,Air France (AF),Air France,887,02:16,,,,,E90,,,"Codeshare",4059,1016,137,
- -,NBO,LUN,Air France (AF),Air France,1126,02:45,,,,,738 E90,,,"Codeshare",4059,907,137,
- -,NBO,LVI,Air France (AF),Air France,1366,03:13,,,,,E90,,,"Codeshare",4059,906,137,
- -,NBS,SHE,Air France (AF),Air France,213,00:55,,,,,320,,,"Codeshare",8826,4144,137,
- -,NCE,AJA,Air France (AF),Air France,144,00:47,,,,,AT7,,,"Codeshare",1354,1324,137,
- -,NCE,AMS,Air France (AF),Air France,607,01:42,,,,,E90 73W 73H,,,"Codeshare",1354,580,137,
- -,NCE,BIA,Air France (AF),Air France,137,00:46,,,,,AT7,,,"Codeshare",1354,1321,137,
- -,NCE,CDG,Air France (AF),Air France,431,01:21,,,,,320 318 321 319,,,"Direct",1354,1382,137,
- -,NCE,CLY,Air France (AF),Air France,111,00:43,,,,,AT7,,,"Codeshare",1354,1322,137,
- -,NCE,FCO,Air France (AF),Air France,285,01:04,,,,,319 32S E75 321 E90,,,"Codeshare",1354,1555,137,
- -,NCE,FSC,Air France (AF),Air France,177,00:51,,,,,AT7,,,"Codeshare",1354,1323,137,
- -,NCE,JFK,Air France (AF),Air France,3978,08:27,,,,,764,,,"Codeshare",1354,3797,137,
- -,NCE,LIL,Air France (AF),Air France,514,01:31,,,,,319 320,,,"Direct",1354,1399,137,
- -,NCE,LYS,Air France (AF),Air France,177,00:51,,,,,320 319,,,"Direct",1354,1335,137,
- -,NCE,NTE,Air France (AF),Air France,490,01:28,,,,,320 319,,,"Direct",1354,1418,137,
- -,NCE,ORY,Air France (AF),Air France,419,01:20,,,,,319 320 321,,,"Direct",1354,1386,137,
- -,NCE,SOU,Air France (AF),Air France,643,01:47,,,,,E95,,,"Codeshare",1354,495,137,
- -,NCE,SXB,Air France (AF),Air France,337,01:10,,,,,320 319,,,"Direct",1354,1435,137,
- -,NCE,TLV,Air France (AF),Air France,1698,03:53,,,,,320,,,"Direct",1354,1590,137,
- -,NCE,VCE,Air France (AF),Air France,282,01:03,,,,,320,,,"Direct",1354,1551,137,
- -,NCL,CDG,Air France (AF),Air France,453,01:24,,,,,AR8,,,"Direct",521,1382,137,
- -,NDJ,CDG,Air France (AF),Air France,2644,05:47,,,,,332,,,"Direct",999,1382,137,
- -,NIM,CDG,Air France (AF),Air France,2453,05:24,,,,,332 343,,,"Direct",280,1382,137,
- -,NIM,OUA,Air France (AF),Air France,260,01:01,,,,,332,,,"Direct",280,246,137,
- -,NKC,CDG,Air France (AF),Air France,2358,05:12,,,,,332,,,"Direct",1094,1382,137,
- -,NKC,CKY,Air France (AF),Air France,623,01:44,,,,,332,,,"Direct",1094,4162,137,
- -,NRT,CDG,Air France (AF),Air France,6030,12:33,,,,,77W 788 388,,,"Direct",2279,1382,137,
- -,NRT,SPN,Air France (AF),Air France,1463,03:25,,,,,752,,,"Codeshare",2279,2244,137,
- -,NSI,CDG,Air France (AF),Air France,3172,06:50,,,,,772,,,"Direct",4161,1382,137,
- -,NTE,AJA,Air France (AF),Air France,626,01:45,,,,,320,,,"Codeshare",1418,1324,137,
- -,NTE,AMS,Air France (AF),Air France,455,01:24,,,,,ER4,,,"Direct",1418,580,137,
- -,NTE,BIA,Air France (AF),Air France,628,01:45,,,,,320,,,"Codeshare",1418,1321,137,
- -,NTE,BOD,Air France (AF),Air France,166,00:49,,,,,ER4,,,"Codeshare",1418,1264,137,
- -,NTE,BRU,Air France (AF),Air France,378,01:15,,,,,ER4,,,"Codeshare",1418,302,137,
- -,NTE,CDG,Air France (AF),Air France,230,00:57,,,,,321 318 319 320,,,"Direct",1418,1382,137,
- -,NTE,DUS,Air France (AF),Air France,473,01:26,,,,,ER4,,,"Codeshare",1418,345,137,
- -,NTE,LCY,Air France (AF),Air France,309,01:07,,,,,AR8 F50,,,"Codeshare",1418,503,137,
- -,NTE,MAN,Air France (AF),Air France,429,01:21,,,,,E75 DH4,,,"Codeshare",1418,478,137,
- -,NTE,MRS,Air France (AF),Air France,419,01:20,,,,,319,,,"Direct",1418,1353,137,
- -,NTE,MXP,Air France (AF),Air France,503,01:30,,,,,ER4,,,"Codeshare",1418,1524,137,
- -,NTE,NCE,Air France (AF),Air France,490,01:28,,,,,320 319,,,"Direct",1418,1354,137,
- -,NTE,ORY,Air France (AF),Air France,214,00:55,,,,,AT5,,,"Direct",1418,1386,137,
- -,NTE,SOU,Air France (AF),Air France,262,01:01,,,,,DH4,,,"Codeshare",1418,495,137,
- -,NUE,CDG,Air France (AF),Air France,385,01:16,,,,,E70,,,"Direct",347,1382,137,
- -,OAJ,ATL,Air France (AF),Air France,397,01:17,,,,,CRJ,,,"Codeshare",4386,3682,137,
- -,OKC,ATL,Air France (AF),Air France,758,02:00,,,,,M88 CR9,,,"Codeshare",3863,3682,137,
- -,OMA,ATL,Air France (AF),Air France,820,02:08,,,,,CR7 M88,,,"Codeshare",3454,3682,137,
- -,ORD,ATL,Air France (AF),Air France,606,01:42,,,,,717 M88,,,"Codeshare",3830,3682,137,
- -,ORD,CDG,Air France (AF),Air France,4138,08:46,,,,,332,,,"Direct",3830,1382,137,
- -,ORF,ATL,Air France (AF),Air France,515,01:31,,,,,M88 M90 319,,,"Codeshare",3611,3682,137,
- -,ORY,AJA,Air France (AF),Air France,563,01:37,,,,,321 320 319,,,"Direct",1386,1324,137,
- -,ORY,BES,Air France (AF),Air France,311,01:07,,,,,CRK 319,,,"Direct",1386,1403,137,
- -,ORY,BIA,Air France (AF),Air France,546,01:35,,,,,321 319,,,"Direct",1386,1321,137,
- -,ORY,BIQ,Air France (AF),Air France,408,01:18,,,,,319 321 CRK 320,,,"Direct",1386,1280,137,
- -,ORY,BOD,Air France (AF),Air France,306,01:06,,,,,321 319 320,,,"Direct",1386,1264,137,
- -,ORY,CAY,Air France (AF),Air France,4400,09:18,,,,,343,,,"Direct",1386,2774,137,
- -,ORY,CFE,Air France (AF),Air France,206,00:54,,,,,CRK AT7,,,"Direct",1386,1330,137,
- -,ORY,CLY,Air France (AF),Air France,527,01:33,,,,,320 319,,,"Direct",1386,1322,137,
- -,ORY,CWL,Air France (AF),Air France,313,01:07,,,,,F50,,,"Codeshare",1386,488,137,
- -,ORY,FDF,Air France (AF),Air France,4254,09:00,,,,,77W,,,"Direct",1386,2878,137,
- -,ORY,LCY,Air France (AF),Air France,217,00:56,,,,,F50,,,"Direct",1386,503,137,
- -,ORY,LIN,Air France (AF),Air France,395,01:17,,,,,320 32S 319,,,"Codeshare",1386,1529,137,
- -,ORY,LYS,Air France (AF),Air France,242,00:59,,,,,CRK,,,"Direct",1386,1335,137,
- -,ORY,MAD,Air France (AF),Air France,639,01:46,,,,,E90 738,,,"Codeshare",1386,1229,137,
- -,ORY,MLA,Air France (AF),Air France,1079,02:39,,,,,320 319,,,"Direct",1386,1606,137,
- -,ORY,MPL,Air France (AF),Air France,363,01:13,,,,,319 CRK 321,,,"Direct",1386,1359,137,
- -,ORY,MRS,Air France (AF),Air France,389,01:16,,,,,321 320 319,,,"Direct",1386,1353,137,
- -,ORY,NCE,Air France (AF),Air France,419,01:20,,,,,320 319 321,,,"Direct",1386,1354,137,
- -,ORY,NTE,Air France (AF),Air France,214,00:55,,,,,AT5,,,"Direct",1386,1418,137,
- -,ORY,PMI,Air France (AF),Air France,633,01:45,,,,,E90 738,,,"Codeshare",1386,3998,137,
- -,ORY,PTP,Air France (AF),Air France,4193,08:53,,,,,77W,,,"Direct",1386,2881,137,
- -,ORY,PUF,Air France (AF),Air France,392,01:17,,,,,319 CRK,,,"Direct",1386,1274,137,
- -,ORY,RUN,Air France (AF),Air France,5811,12:07,,,,,77W,,,"Direct",1386,916,137,
- -,ORY,SOU,Air France (AF),Air France,226,00:57,,,,,DH4,,,"Codeshare",1386,495,137,
- -,ORY,SXB,Air France (AF),Air France,239,00:58,,,,,CRK AT7,,,"Direct",1386,1435,137,
- -,ORY,TLN,Air France (AF),Air France,428,01:21,,,,,CRK 319 321 320,,,"Direct",1386,1438,137,
- -,ORY,TLS,Air France (AF),Air France,355,01:12,,,,,320 319 321,,,"Direct",1386,1273,137,
- -,OSL,CDG,Air France (AF),Air France,837,02:10,,,,,E90,,,"Direct",644,1382,137,
- -,OTP,CDG,Air France (AF),Air France,1148,02:47,,,,,321 320 319,,,"Direct",1657,1382,137,
- -,OUA,CDG,Air France (AF),Air France,2542,05:35,,,,,343,,,"Direct",246,1382,137,
- -,OUA,NIM,Air France (AF),Air France,260,01:01,,,,,332,,,"Direct",246,280,137,
- -,PAP,JFK,Air France (AF),Air France,1525,03:33,,,,,738,,,"Codeshare",1897,3797,137,
- -,PAP,MIA,Air France (AF),Air France,713,01:55,,,,,32A 320,,,"Direct",1897,3576,137,
- -,PAP,PTP,Air France (AF),Air France,726,01:57,,,,,320,,,"Direct",1897,2881,137,
- -,PBI,ATL,Air France (AF),Air France,545,01:35,,,,,M90 757,,,"Codeshare",3722,3682,137,
- -,PDX,ATL,Air France (AF),Air France,2166,04:49,,,,,739 738 73H,,,"Codeshare",3720,3682,137,
- -,PEK,CDG,Air France (AF),Air France,5085,10:40,,,,,77W 772,,,"Direct",3364,1382,137,
- -,PHC,ABV,Air France (AF),Air France,276,01:03,,,,,332,,,"Direct",275,260,137,
- -,PHF,ATL,Air France (AF),Air France,507,01:30,,,,,CRJ,,,"Codeshare",3633,3682,137,
- -,PHL,ATL,Air France (AF),Air France,665,01:49,,,,,M90 320 738 73H,,,"Codeshare",3752,3682,137,
- -,PHL,CDG,Air France (AF),Air France,3716,07:55,,,,,752,,,"Codeshare",3752,1382,137,
- -,PHX,ATL,Air France (AF),Air France,1583,03:39,,,,,757 739,,,"Codeshare",3462,3682,137,
- -,PIA,ATL,Air France (AF),Air France,564,01:37,,,,,CRJ,,,"Codeshare",4046,3682,137,
- -,PIS,LRH,Air France (AF),Air France,76,00:39,,,,,AT5,,,"Codeshare",1268,6493,137,
- -,PIS,LYS,Air France (AF),Air France,235,00:58,,,,,AT5,,,"Codeshare",1268,1335,137,
- -,PIT,ATL,Air France (AF),Air France,526,01:33,,,,,M88 CR9 717,,,"Codeshare",3570,3682,137,
- -,PIT,CDG,Air France (AF),Air France,3897,08:17,,,,,752,,,"Codeshare",3570,1382,137,
- -,PMI,ORY,Air France (AF),Air France,633,01:45,,,,,E90 738,,,"Codeshare",3998,1386,137,
- -,PNR,CDG,Air France (AF),Air France,3759,08:01,,,,,332,,,"Direct",886,1382,137,
- -,PNS,ATL,Air France (AF),Air France,271,01:02,,,,,M90,,,"Codeshare",3564,3682,137,
- -,PPT,LAX,Air France (AF),Air France,4105,08:42,,,,,772,,,"Direct",4075,3484,137,
- -,PRG,CDG,Air France (AF),Air France,529,01:33,,,,,321 320 32A,,,"Direct",1587,1382,137,
- -,PRG,LYS,Air France (AF),Air France,520,01:32,,,,,E90 CRK,,,"Codeshare",1587,1335,137,
- -,PRG,MRS,Air France (AF),Air France,627,01:45,,,,,320 319,,,"Direct",1587,1353,137,
- -,PTP,FDF,Air France (AF),Air France,120,00:44,,,,,32A AT5 320,,,"Direct",2881,2878,137,
- -,PTP,ORY,Air France (AF),Air France,4193,08:53,,,,,77W,,,"Direct",2881,1386,137,
- -,PTP,PAP,Air France (AF),Air France,726,01:57,,,,,32A 320,,,"Direct",2881,1897,137,
- -,PTP,SDQ,Air France (AF),Air France,556,01:36,,,,,AT5,,,"Direct",2881,1762,137,
- -,PTY,ATL,Air France (AF),Air France,1726,03:57,,,,,738,,,"Codeshare",1871,3682,137,
- -,PTY,CDG,Air France (AF),Air France,5378,11:15,,,,,772,,,"Direct",1871,1382,137,
- -,PUF,CDG,Air France (AF),Air France,413,01:19,,,,,E90,,,"Direct",1274,1382,137,
- -,PUF,ORY,Air France (AF),Air France,392,01:17,,,,,319 CRK,,,"Direct",1274,1386,137,
- -,PUJ,CDG,Air France (AF),Air France,4396,09:17,,,,,744,,,"Direct",1760,1382,137,
- -,PUJ,SDQ,Air France (AF),Air France,86,00:40,,,,,744,,,"Direct",1760,1762,137,
- -,PVD,ATL,Air France (AF),Air France,902,02:18,,,,,M88,,,"Codeshare",3641,3682,137,
- -,PVG,CDG,Air France (AF),Air France,5754,12:00,,,,,772 77W 388,,,"Direct",3406,1382,137,
- -,PVR,ATL,Air France (AF),Air France,1556,03:36,,,,,757,,,"Codeshare",1836,3682,137,
- -,RAK,MRS,Air France (AF),Air France,1090,02:40,,,,,320,,,"Direct",1075,1353,137,
- -,RAK,TLS,Air France (AF),Air France,975,02:27,,,,,319 320,,,"Direct",1075,1273,137,
- -,RBA,CDG,Air France (AF),Air France,1137,02:46,,,,,319 320,,,"Direct",1072,1382,137,
- -,RDU,ATL,Air France (AF),Air France,355,01:12,,,,,752 M88 M90 739,,,"Codeshare",3626,3682,137,
- -,REP,HAN,Air France (AF),Air France,555,01:36,,,,,321,,,"Codeshare",3035,3199,137,
- -,RIC,ATL,Air France (AF),Air France,480,01:27,,,,,M90 M88 73H,,,"Codeshare",3608,3682,137,
- -,RIX,CDG,Air France (AF),Air France,1038,02:34,,,,,733 735 73C,,,"Codeshare",3953,1382,137,
- -,RNS,CDG,Air France (AF),Air France,206,00:54,,,,,AT7,,,"Direct",1415,1382,137,
- -,RNS,EXT,Air France (AF),Air France,198,00:53,,,,,DH4,,,"Codeshare",1415,552,137,
- -,RNS,MRS,Air France (AF),Air France,462,01:25,,,,,319,,,"Direct",1415,1353,137,
- -,RNS,SOU,Air France (AF),Air France,199,00:53,,,,,DH4,,,"Codeshare",1415,495,137,
- -,ROA,ATL,Air France (AF),Air France,357,01:12,,,,,CRJ,,,"Codeshare",4016,3682,137,
- -,ROB,FNA,Air France (AF),Air France,254,01:00,,,,,332,,,"Direct",1063,1059,137,
- -,ROC,ATL,Air France (AF),Air France,749,01:59,,,,,M88 M90,,,"Codeshare",3622,3682,137,
- -,ROR,NRT,Air France (AF),Air France,1995,04:29,,,,,752,,,"Codeshare",2256,2279,137,
- -,RSW,ATL,Air France (AF),Air France,515,01:31,,,,,M90 757 M88,,,"Codeshare",3793,3682,137,
- -,RTM,LCY,Air France (AF),Air France,189,00:52,,,,,F50 AR8,,,"Direct",591,503,137,
- -,RUH,CDG,Air France (AF),Air France,2888,06:16,,,,,332,,,"Direct",2082,1382,137,
- -,RUN,MRU,Air France (AF),Air France,143,00:47,,,,,319 343 AT7 332,,,"Codeshare",916,893,137,
- -,RUN,ORY,Air France (AF),Air France,5811,12:07,,,,,77W,,,"Direct",916,1386,137,
- -,SAN,ATL,Air France (AF),Air France,1886,04:16,,,,,73H 763 739,,,"Codeshare",3731,3682,137,
- -,SAT,ATL,Air France (AF),Air France,872,02:14,,,,,757 320 M90,,,"Codeshare",3621,3682,137,
- -,SAV,ATL,Air France (AF),Air France,214,00:55,,,,,M88 717 319,,,"Codeshare",3613,3682,137,
- -,SBN,ATL,Air France (AF),Air France,566,01:37,,,,,CRJ,,,"Codeshare",4359,3682,137,
- -,SCL,CDG,Air France (AF),Air France,7249,14:59,,,,,77W 772,,,"Direct",2650,1382,137,
- -,SDF,ATL,Air France (AF),Air France,321,01:08,,,,,M88,,,"Codeshare",4014,3682,137,
- -,SDQ,CDG,Air France (AF),Air France,4462,09:25,,,,,744,,,"Direct",1762,1382,137,
- -,SDQ,PTP,Air France (AF),Air France,556,01:36,,,,,AT5,,,"Direct",1762,2881,137,
- -,SEA,ATL,Air France (AF),Air France,2176,04:51,,,,,739 76W 757,,,"Codeshare",3577,3682,137,
- -,SEA,CDG,Air France (AF),Air France,4998,10:29,,,,,332,,,"Codeshare",3577,1382,137,
- -,SEA,HNL,Air France (AF),Air France,2675,05:51,,,,,753,,,"Codeshare",3577,3728,137,
- -,SEA,LHR,Air France (AF),Air France,4783,10:03,,,,,76W,,,"Direct",3577,507,137,
- -,SFO,ATL,Air France (AF),Air France,2133,04:45,,,,,763 739 757,,,"Codeshare",3469,3682,137,
- -,SFO,CDG,Air France (AF),Air France,5565,11:37,,,,,388,,,"Direct",3469,1382,137,
- -,SFO,HNL,Air France (AF),Air France,2395,05:17,,,,,753,,,"Codeshare",3469,3728,137,
- -,SGF,ATL,Air France (AF),Air France,562,01:37,,,,,CRJ,,,"Codeshare",4348,3682,137,
- -,SGN,CDG,Air France (AF),Air France,6275,13:03,,,,,772,,,"Direct",3205,1382,137,
- -,SHE,CAN,Air France (AF),Air France,1390,03:16,,,,,320,,,"Codeshare",4144,3370,137,
- -,SHE,NBS,Air France (AF),Air France,213,00:55,,,,,320,,,"Codeshare",4144,8826,137,
- -,SHV,ATL,Air France (AF),Air France,549,01:35,,,,,CRJ,,,"Codeshare",3609,3682,137,
- -,SIN,CDG,Air France (AF),Air France,6660,13:49,,,,,77W,,,"Direct",3316,1382,137,
- -,SJD,ATL,Air France (AF),Air France,1692,03:53,,,,,73W 738,,,"Codeshare",1840,3682,137,
- -,SJO,ATL,Air France (AF),Air France,1632,03:45,,,,,738 757,,,"Codeshare",1885,3682,137,
- -,SJU,ATL,Air France (AF),Air France,1546,03:35,,,,,73H 753 757,,,"Codeshare",2890,3682,137,
- -,SLC,ATL,Air France (AF),Air France,1585,03:40,,,,,763 757 738,,,"Codeshare",3536,3682,137,
- -,SLC,CDG,Air France (AF),Air France,5063,10:37,,,,,332,,,"Codeshare",3536,1382,137,
- -,SLU,FDF,Air France (AF),Air France,39,00:34,,,,,AT5,,,"Direct",2893,2878,137,
- -,SMF,ATL,Air France (AF),Air France,2086,04:40,,,,,757,,,"Codeshare",3817,3682,137,
- -,SNA,ATL,Air France (AF),Air France,1913,04:19,,,,,757,,,"Codeshare",3867,3682,137,
- -,SOF,CDG,Air France (AF),Air France,1089,02:40,,,,,321 320,,,"Direct",1194,1382,137,
- -,SOU,BES,Air France (AF),Air France,220,00:56,,,,,DH4,,,"Codeshare",495,1403,137,
- -,SOU,EGC,Air France (AF),Air France,431,01:21,,,,,DH4,,,"Codeshare",495,1265,137,
- -,SOU,LIG,Air France (AF),Air France,369,01:14,,,,,DH4,,,"Codeshare",495,1270,137,
- -,SOU,LRH,Air France (AF),Air France,329,01:09,,,,,DH4,,,"Codeshare",495,6493,137,
- -,SOU,NCE,Air France (AF),Air France,643,01:47,,,,,E95,,,"Codeshare",495,1354,137,
- -,SOU,NTE,Air France (AF),Air France,262,01:01,,,,,DH4,,,"Codeshare",495,1418,137,
- -,SOU,ORY,Air France (AF),Air France,226,00:57,,,,,DH4,,,"Codeshare",495,1386,137,
- -,SOU,RNS,Air France (AF),Air France,199,00:53,,,,,DH4,,,"Codeshare",495,1415,137,
- -,SRQ,ATL,Air France (AF),Air France,445,01:23,,,,,M90,,,"Codeshare",4067,3682,137,
- -,SSG,DLA,Air France (AF),Air France,71,00:38,,,,,772,,,"Direct",891,897,137,
- -,STL,ATL,Air France (AF),Air France,483,01:27,,,,,M90 717 M88,,,"Codeshare",3678,3682,137,
- -,STM,MAO,Air France (AF),Air France,365,01:13,,,,,738,,,"Codeshare",4092,2551,137,
- -,STR,ATL,Air France (AF),Air France,4667,09:50,,,,,76W,,,"Codeshare",350,3682,137,
- -,STR,CDG,Air France (AF),Air France,303,01:06,,,,,AR8,,,"Direct",350,1382,137,
- -,STT,ATL,Air France (AF),Air France,1599,03:41,,,,,757,,,"Codeshare",2883,3682,137,
- -,SVG,CDG,Air France (AF),Air France,692,01:53,,,,,E70,,,"Direct",666,1382,137,
- -,SVO,CDG,Air France (AF),Air France,1523,03:32,,,,,319 320 321,,,"Direct",2985,1382,137,
- -,SVO,MRS,Air France (AF),Air France,1655,03:48,,,,,320,,,"Direct",2985,1353,137,
- -,SVQ,TLS,Air France (AF),Air France,573,01:38,,,,,319,,,"Direct",1253,1273,137,
- -,SXB,AMS,Air France (AF),Air France,289,01:04,,,,,ER4 CR7 E70,,,"Direct",1435,580,137,
- -,SXB,FCO,Air France (AF),Air France,516,01:31,,,,,ER4 CR7,,,"Codeshare",1435,1555,137,
- -,SXB,NCE,Air France (AF),Air France,337,01:10,,,,,320 319,,,"Direct",1435,1354,137,
- -,SXB,ORY,Air France (AF),Air France,239,00:58,,,,,CRK AT7,,,"Direct",1435,1386,137,
- -,SXB,TLS,Air France (AF),Air France,452,01:24,,,,,319 320,,,"Direct",1435,1273,137,
- -,SXM,CDG,Air France (AF),Air France,4185,08:52,,,,,343,,,"Direct",2899,1382,137,
- -,SYR,ATL,Air France (AF),Air France,793,02:05,,,,,M88 CR9,,,"Codeshare",3745,3682,137,
- -,TBS,CDG,Air France (AF),Air France,2090,04:40,,,,,735,,,"Codeshare",3973,1382,137,
- -,TLH,ATL,Air France (AF),Air France,223,00:56,,,,,319 M88 CRJ 717,,,"Codeshare",3698,3682,137,
- -,TLN,ORY,Air France (AF),Air France,428,01:21,,,,,CRK 319 321 320,,,"Direct",1438,1386,137,
- -,TLS,AJA,Air France (AF),Air France,394,01:17,,,,,320,,,"Codeshare",1273,1324,137,
- -,TLS,AMS,Air France (AF),Air France,619,01:44,,,,,E90,,,"Codeshare",1273,580,137,
- -,TLS,ATH,Air France (AF),Air France,1239,02:58,,,,,320,,,"Direct",1273,3941,137,
- -,TLS,CDG,Air France (AF),Air France,376,01:15,,,,,320 319 321,,,"Direct",1273,1382,137,
- -,TLS,CMN,Air France (AF),Air France,856,02:12,,,,,319 320,,,"Direct",1273,1074,137,
- -,TLS,FCO,Air France (AF),Air France,565,01:37,,,,,319 320,,,"Direct",1273,1555,137,
- -,TLS,HAM,Air France (AF),Air France,793,02:05,,,,,319,,,"Direct",1273,342,137,
- -,TLS,LYS,Air France (AF),Air France,232,00:57,,,,,319 320 CRK,,,"Direct",1273,1335,137,
- -,TLS,MLA,Air France (AF),Air France,877,02:15,,,,,320 319,,,"Direct",1273,1606,137,
- -,TLS,ORY,Air France (AF),Air France,355,01:12,,,,,320 319 321,,,"Direct",1273,1386,137,
- -,TLS,RAK,Air France (AF),Air France,975,02:27,,,,,319 320,,,"Direct",1273,1075,137,
- -,TLS,SVQ,Air France (AF),Air France,573,01:38,,,,,319,,,"Direct",1273,1253,137,
- -,TLS,SXB,Air France (AF),Air France,452,01:24,,,,,319 320,,,"Direct",1273,1435,137,
- -,TLS,VCE,Air France (AF),Air France,555,01:36,,,,,319 320,,,"Direct",1273,1551,137,
- -,TLV,CDG,Air France (AF),Air France,2039,04:34,,,,,320,,,"Direct",1590,1382,137,
- -,TLV,MRS,Air France (AF),Air France,1789,04:04,,,,,320,,,"Direct",1590,1353,137,
- -,TLV,NCE,Air France (AF),Air France,1698,03:53,,,,,320,,,"Direct",1590,1354,137,
- -,TNR,CDG,Air France (AF),Air France,5432,11:21,,,,,772,,,"Direct",918,1382,137,
- -,TPA,ATL,Air France (AF),Air France,406,01:18,,,,,757 739,,,"Codeshare",3646,3682,137,
- -,TPE,AMS,Air France (AF),Air France,5863,12:13,,,,,777,,,"Codeshare",2276,580,137,
- -,TPE,MNL,Air France (AF),Air France,729,01:57,,,,,777,,,"Codeshare",2276,2397,137,
- -,TRI,ATL,Air France (AF),Air France,226,00:57,,,,,CRJ,,,"Codeshare",4116,3682,137,
- -,TRN,CDG,Air France (AF),Air France,355,01:12,,,,,E90 AR8 E70,,,"Direct",1526,1382,137,
- -,TUL,ATL,Air France (AF),Air France,672,01:50,,,,,CR7 CR9,,,"Codeshare",3855,3682,137,
- -,TUN,CDG,Air France (AF),Air France,924,02:20,,,,,321 319 320,,,"Direct",287,1382,137,
- -,TUN,MRS,Air France (AF),Air France,525,01:33,,,,,319 320,,,"Direct",287,1353,137,
- -,TUS,ATL,Air France (AF),Air France,1536,03:34,,,,,M90,,,"Codeshare",3636,3682,137,
- -,TXL,CDG,Air France (AF),Air France,528,01:33,,,,,321 319 320 318,,,"Direct",351,1382,137,
- -,TXL,MRS,Air France (AF),Air France,730,01:57,,,,,320 319,,,"Direct",351,1353,137,
- -,TYS,ATL,Air France (AF),Air France,152,00:48,,,,,CRJ 717 CR7 CR9,,,"Codeshare",3676,3682,137,
- -,UIO,GYE,Air France (AF),Air France,175,00:51,,,,,772 777,,,"Codeshare",2688,2673,137,
- -,VCE,CDG,Air France (AF),Air France,518,01:32,,,,,318 320 319 32A,,,"Direct",1551,1382,137,
- -,VCE,LYS,Air France (AF),Air France,351,01:12,,,,,ER4 CRK,,,"Direct",1551,1335,137,
- -,VCE,MRS,Air France (AF),Air France,379,01:15,,,,,320 319,,,"Direct",1551,1353,137,
- -,VCE,NCE,Air France (AF),Air France,282,01:03,,,,,320,,,"Direct",1551,1354,137,
- -,VCE,TLS,Air France (AF),Air France,555,01:36,,,,,319 320,,,"Direct",1551,1273,137,
- -,VGO,CDG,Air France (AF),Air France,713,01:55,,,,,E70,,,"Direct",1250,1382,137,
- -,VIE,CDG,Air France (AF),Air France,642,01:47,,,,,320 318 319 32A 321,,,"Direct",1613,1382,137,
- -,VIE,LYS,Air France (AF),Air France,565,01:37,,,,,DH4 F70,,,"Codeshare",1613,1335,137,
- -,VLC,CDG,Air France (AF),Air France,674,01:50,,,,,738,,,"Codeshare",1246,1382,137,
- -,VLD,ATL,Air France (AF),Air France,208,00:54,,,,,CRJ,,,"Codeshare",5776,3682,137,
- -,VPS,ATL,Air France (AF),Air France,249,00:59,,,,,717 319 M88,,,"Codeshare",3873,3682,137,
- -,VRN,CDG,Air France (AF),Air France,463,01:25,,,,,E70,,,"Direct",1550,1382,137,
- -,WAW,CDG,Air France (AF),Air France,833,02:09,,,,,321 318 319 320,,,"Direct",679,1382,137,
- -,WUH,CAN,Air France (AF),Air France,513,01:31,,,,,738,,,"Codeshare",3376,3370,137,
- -,WUH,CDG,Air France (AF),Air France,5505,11:30,,,,,332,,,"Direct",3376,1382,137,
- -,WUH,ENH,Air France (AF),Air France,282,01:03,,,,,738,,,"Codeshare",3376,6358,137,
- -,XNA,ATL,Air France (AF),Air France,587,01:40,,,,,CRJ CR9 CR7,,,"Codeshare",4356,3682,137,
- -,YUL,ATL,Air France (AF),Air France,993,02:29,,,,,CR9,,,"Codeshare",146,3682,137,
- -,YUL,CDG,Air France (AF),Air France,3430,07:21,,,,,744 343,,,"Direct",146,1382,137,
- -,YYZ,ATL,Air France (AF),Air France,739,01:58,,,,,CR7,,,"Codeshare",193,3682,137,
- -,YYZ,CDG,Air France (AF),Air France,3738,07:58,,,,,772,,,"Direct",193,1382,137,
- -,ZAG,CDG,Air France (AF),Air France,670,01:50,,,,,AR8,,,"Direct",1208,1382,137,
- -,ZRH,CDG,Air France (AF),Air France,295,01:05,,,,,318,,,"Direct",1678,1382,137,
- -,ZSE,MRU,Air France (AF),Air France,158,00:48,,,,,AT7,,,"Codeshare",917,893,137,