﻿Date,From,To,Flight_Number,Airline,Distance,Duration,Seat,Seat_Type,Class,Reason,Plane,Registration,Trip,Note,From_OID,To_OID,Airline_OID,Plane_OID
- -,ACE,CGN,Air Berlin (AB),Air Berlin,1856,04:12,,,,,738,,,"Direct",1055,344,214,
- -,ACE,DUS,Air Berlin (AB),Air Berlin,1867,04:14,,,,,738 321 332,,,"Direct",1055,345,214,
- -,ACE,FUE,Air Berlin (AB),Air Berlin,37,00:34,,,,,321 320,,,"Direct",1055,1051,214,
- -,ACE,HAM,Air Berlin (AB),Air Berlin,2077,04:39,,,,,320,,,"Direct",1055,342,214,
- -,ACE,LEJ,Air Berlin (AB),Air Berlin,2044,04:35,,,,,738,,,"Direct",1055,348,214,
- -,ACE,MUC,Air Berlin (AB),Air Berlin,1899,04:17,,,,,738,,,"Direct",1055,346,214,
- -,ACE,TXL,Air Berlin (AB),Air Berlin,2128,04:45,,,,,321,,,"Direct",1055,351,214,
- -,ACE,ZRH,Air Berlin (AB),Air Berlin,1742,03:59,,,,,320,,,"Direct",1055,1678,214,
- -,AGP,CGN,Air Berlin (AB),Air Berlin,1135,02:46,,,,,738,,,"Direct",1230,344,214,
- -,AGP,DUS,Air Berlin (AB),Air Berlin,1151,02:48,,,,,332 321,,,"Direct",1230,345,214,
- -,AGP,HAM,Air Berlin (AB),Air Berlin,1361,03:13,,,,,320 738 321,,,"Direct",1230,342,214,
- -,AGP,MUC,Air Berlin (AB),Air Berlin,1151,02:48,,,,,738 320,,,"Direct",1230,346,214,
- -,AGP,PMI,Air Berlin (AB),Air Berlin,440,01:22,,,,,320 321,,,"Direct",1230,3998,214,
- -,AGP,STR,Air Berlin (AB),Air Berlin,1079,02:39,,,,,320 738,,,"Direct",1230,350,214,
- -,AGP,TXL,Air Berlin (AB),Air Berlin,1394,03:17,,,,,321,,,"Direct",1230,351,214,
- -,AGP,VIE,Air Berlin (AB),Air Berlin,1326,03:09,,,,,321 320,,,"Codeshare",1230,1613,214,
- -,ALC,DUS,Air Berlin (AB),Air Berlin,966,02:25,,,,,321 332,,,"Direct",1212,345,214,
- -,ALC,FRA,Air Berlin (AB),Air Berlin,927,02:21,,,,,320,,,"Direct",1212,340,214,
- -,ALC,HAM,Air Berlin (AB),Air Berlin,1171,02:50,,,,,320,,,"Direct",1212,342,214,
- -,ALC,MUC,Air Berlin (AB),Air Berlin,929,02:21,,,,,320 738,,,"Direct",1212,346,214,
- -,ALC,PMI,Air Berlin (AB),Air Berlin,197,00:53,,,,,321 320,,,"Direct",1212,3998,214,
- -,ALC,STR,Air Berlin (AB),Air Berlin,868,02:14,,,,,320 738,,,"Direct",1212,350,214,
- -,ALC,TXL,Air Berlin (AB),Air Berlin,1188,02:52,,,,,320 73G,,,"Direct",1212,351,214,
- -,ALC,ZRH,Air Berlin (AB),Air Berlin,782,02:03,,,,,320 321,,,"Direct",1212,1678,214,
- -,AMM,FRA,Air Berlin (AB),Air Berlin,1890,04:16,,,,,319,,,"Codeshare",2170,340,214,
- -,AMM,MUC,Air Berlin (AB),Air Berlin,1706,03:54,,,,,319,,,"Codeshare",2170,346,214,
- -,AMM,TXL,Air Berlin (AB),Air Berlin,1833,04:09,,,,,320 319,,,"Codeshare",2170,351,214,
- -,AMM,VIE,Air Berlin (AB),Air Berlin,1520,03:32,,,,,320 319,,,"Codeshare",2170,1613,214,
- -,ARN,TXL,Air Berlin (AB),Air Berlin,520,01:32,,,,,321 738 320 319,,,"Direct",737,351,214,
- -,ARN,VIE,Air Berlin (AB),Air Berlin,798,02:05,,,,,E90,,,"Codeshare",737,1613,214,
- -,AUH,BAH,Air Berlin (AB),Air Berlin,280,01:03,,,,,320 333 346,,,"Codeshare",2179,2057,214,
- -,AUH,DUS,Air Berlin (AB),Air Berlin,3121,06:44,,,,,332,,,"Direct",2179,345,214,
- -,AUH,FRA,Air Berlin (AB),Air Berlin,3019,06:32,,,,,332 333,,,"Codeshare",2179,340,214,
- -,AUH,HKT,Air Berlin (AB),Air Berlin,3089,06:40,,,,,332,,,"Direct",2179,3179,214,
- -,AUH,MUC,Air Berlin (AB),Air Berlin,2844,06:11,,,,,346 345 333,,,"Codeshare",2179,346,214,
- -,AUH,PEK,Air Berlin (AB),Air Berlin,3698,07:53,,,,,332,,,"Codeshare",2179,3364,214,
- -,AUH,SIN,Air Berlin (AB),Air Berlin,3655,07:48,,,,,332,,,"Codeshare",2179,3316,214,
- -,AUH,TXL,Air Berlin (AB),Air Berlin,2896,06:17,,,,,332,,,"Direct",2179,351,214,
- -,AYT,CGN,Air Berlin (AB),Air Berlin,1510,03:31,,,,,738,,,"Direct",1688,344,214,
- -,AYT,DRS,Air Berlin (AB),Air Berlin,1290,03:04,,,,,738,,,"Direct",1688,338,214,
- -,AYT,DUS,Air Berlin (AB),Air Berlin,1539,03:34,,,,,321 320,,,"Direct",1688,345,214,
- -,AYT,FMO,Air Berlin (AB),Air Berlin,1537,03:34,,,,,738,,,"Direct",1688,341,214,
- -,AYT,HAM,Air Berlin (AB),Air Berlin,1524,03:32,,,,,320 738,,,"Direct",1688,342,214,
- -,AYT,LEJ,Air Berlin (AB),Air Berlin,1353,03:12,,,,,738,,,"Direct",1688,348,214,
- -,AYT,MUC,Air Berlin (AB),Air Berlin,1242,02:59,,,,,321,,,"Direct",1688,346,214,
- -,AYT,NUE,Air Berlin (AB),Air Berlin,1312,03:07,,,,,738,,,"Direct",1688,347,214,
- -,AYT,PAD,Air Berlin (AB),Air Berlin,1484,03:28,,,,,738,,,"Direct",1688,371,214,
- -,AYT,STR,Air Berlin (AB),Air Berlin,1355,03:12,,,,,738 320,,,"Direct",1688,350,214,
- -,AYT,TXL,Air Berlin (AB),Air Berlin,1373,03:14,,,,,320 321 738,,,"Direct",1688,351,214,
- -,BAH,AUH,Air Berlin (AB),Air Berlin,280,01:03,,,,,320 333 346,,,"Codeshare",2057,2179,214,
- -,BCN,DUS,Air Berlin (AB),Air Berlin,724,01:56,,,,,738 321,,,"Direct",1218,345,214,
- -,BCN,TXL,Air Berlin (AB),Air Berlin,937,02:22,,,,,738 320 321,,,"Direct",1218,351,214,
- -,BCN,VIE,Air Berlin (AB),Air Berlin,850,02:12,,,,,320 321,,,"Codeshare",1218,1613,214,
- -,BDS,MUC,Air Berlin (AB),Air Berlin,611,01:43,,,,,321 73G 738,,,"Direct",1506,346,214,
- -,BDS,ZRH,Air Berlin (AB),Air Berlin,661,01:49,,,,,320,,,"Direct",1506,1678,214,
- -,BEG,DUS,Air Berlin (AB),Air Berlin,766,02:01,,,,,319,,,"Direct",1739,345,214,
- -,BEG,FRA,Air Berlin (AB),Air Berlin,654,01:48,,,,,319,,,"Direct",1739,340,214,
- -,BEG,STR,Air Berlin (AB),Air Berlin,587,01:40,,,,,733 319,,,"Direct",1739,350,214,
- -,BEG,TXL,Air Berlin (AB),Air Berlin,622,01:44,,,,,319,,,"Direct",1739,351,214,
- -,BIO,PMI,Air Berlin (AB),Air Berlin,390,01:16,,,,,320 738,,,"Direct",1216,3998,214,
- -,BKK,CNX,Air Berlin (AB),Air Berlin,370,01:14,,,,,319,,,"Codeshare",3885,3931,214,
- -,BNE,SIN,Air Berlin (AB),Air Berlin,3814,08:07,,,,,332,,,"Codeshare",3320,3316,214,
- -,BRE,PMI,Air Berlin (AB),Air Berlin,974,02:26,,,,,320 738 319,,,"Direct",353,3998,214,
- -,BRI,TXL,Air Berlin (AB),Air Berlin,805,02:06,,,,,738 320,,,"Direct",1501,351,214,
- -,BSL,CTA,Air Berlin (AB),Air Berlin,796,02:05,,,,,320 319,,,"Direct",1423,1509,214,
- -,BSL,HER,Air Berlin (AB),Air Berlin,1239,02:58,,,,,320,,,"Direct",1423,1452,214,
- -,BSL,IBZ,Air Berlin (AB),Air Berlin,676,01:51,,,,,320,,,"Direct",1423,1225,214,
- -,BSL,LHR,Air Berlin (AB),Air Berlin,446,01:23,,,,,319 320 321,,,"Codeshare",1423,507,214,
- -,BSL,LPA,Air Berlin (AB),Air Berlin,1832,04:09,,,,,320,,,"Direct",1423,1054,214,
- -,BSL,PMI,Air Berlin (AB),Air Berlin,604,01:42,,,,,320 738,,,"Direct",1423,3998,214,
- -,BSL,TFS,Air Berlin (AB),Air Berlin,1869,04:14,,,,,320,,,"Direct",1423,1056,214,
- -,BUD,TXL,Air Berlin (AB),Air Berlin,442,01:23,,,,,73G 319,,,"Direct",1489,351,214,
- -,CAG,DUS,Air Berlin (AB),Air Berlin,838,02:10,,,,,738,,,"Direct",1519,345,214,
- -,CAG,MUC,Air Berlin (AB),Air Berlin,643,01:47,,,,,320 738,,,"Direct",1519,346,214,
- -,CDG,VIE,Air Berlin (AB),Air Berlin,642,01:47,,,,,320,,,"Codeshare",1382,1613,214,
- -,CFU,CGN,Air Berlin (AB),Air Berlin,992,02:29,,,,,738,,,"Direct",1460,344,214,
- -,CFU,DUS,Air Berlin (AB),Air Berlin,1024,02:32,,,,,321 738,,,"Direct",1460,345,214,
- -,CFU,FMO,Air Berlin (AB),Air Berlin,1043,02:35,,,,,738,,,"Direct",1460,341,214,
- -,CFU,FRA,Air Berlin (AB),Air Berlin,907,02:18,,,,,320,,,"Direct",1460,340,214,
- -,CFU,HAM,Air Berlin (AB),Air Berlin,1074,02:38,,,,,320,,,"Direct",1460,342,214,
- -,CFU,MUC,Air Berlin (AB),Air Berlin,725,01:57,,,,,320,,,"Direct",1460,346,214,
- -,CFU,TXL,Air Berlin (AB),Air Berlin,948,02:23,,,,,320 321,,,"Direct",1460,351,214,
- -,CFU,VIE,Air Berlin (AB),Air Berlin,610,01:43,,,,,320,,,"Direct",1460,1613,214,
- -,CGN,ACE,Air Berlin (AB),Air Berlin,1856,04:12,,,,,738,,,"Direct",344,1055,214,
- -,CGN,AGP,Air Berlin (AB),Air Berlin,1135,02:46,,,,,738,,,"Direct",344,1230,214,
- -,CGN,AYT,Air Berlin (AB),Air Berlin,1510,03:31,,,,,738,,,"Direct",344,1688,214,
- -,CGN,CFU,Air Berlin (AB),Air Berlin,992,02:29,,,,,738,,,"Direct",344,1460,214,
- -,CGN,CLY,Air Berlin (AB),Air Berlin,581,01:39,,,,,73G,,,"Direct",344,1322,214,
- -,CGN,FUE,Air Berlin (AB),Air Berlin,1894,04:17,,,,,738,,,"Direct",344,1051,214,
- -,CGN,HRG,Air Berlin (AB),Air Berlin,2149,04:47,,,,,738,,,"Direct",344,1130,214,
- -,CGN,IBZ,Air Berlin (AB),Air Berlin,874,02:14,,,,,738,,,"Direct",344,1225,214,
- -,CGN,KGS,Air Berlin (AB),Air Berlin,1381,03:15,,,,,738 73G,,,"Direct",344,1458,214,
- -,CGN,LPA,Air Berlin (AB),Air Berlin,1971,04:26,,,,,738,,,"Direct",344,1054,214,
- -,CGN,MAH,Air Berlin (AB),Air Berlin,772,02:02,,,,,738,,,"Direct",344,1231,214,
- -,CGN,MUC,Air Berlin (AB),Air Berlin,270,01:02,,,,,73G,,,"Direct",344,346,214,
- -,CGN,NBE,Air Berlin (AB),Air Berlin,1034,02:34,,,,,738,,,"Direct",344,7447,214,
- -,CGN,OLB,Air Berlin (AB),Air Berlin,697,01:53,,,,,738,,,"Direct",344,1520,214,
- -,CGN,PMI,Air Berlin (AB),Air Berlin,809,02:07,,,,,332 738 320,,,"Direct",344,3998,214,
- -,CGN,SAW,Air Berlin (AB),Air Berlin,1260,03:01,,,,,738,,,"Direct",344,4317,214,
- -,CGN,TFS,Air Berlin (AB),Air Berlin,2002,04:30,,,,,738,,,"Direct",344,1056,214,
- -,CGN,TXL,Air Berlin (AB),Air Berlin,287,01:04,,,,,73G 738 321 320 319,,,"Direct",344,351,214,
- -,CHQ,VIE,Air Berlin (AB),Air Berlin,951,02:24,,,,,320,,,"Direct",1474,1613,214,
- -,CLY,CGN,Air Berlin (AB),Air Berlin,581,01:39,,,,,73G,,,"Direct",1322,344,214,
- -,CLY,DUS,Air Berlin (AB),Air Berlin,612,01:43,,,,,73G,,,"Direct",1322,345,214,
- -,CLY,FMM,Air Berlin (AB),Air Berlin,383,01:15,,,,,320,,,"Direct",1322,3986,214,
- -,CLY,SZG,Air Berlin (AB),Air Berlin,417,01:20,,,,,320,,,"Direct",1322,1612,214,
- -,CPH,DUS,Air Berlin (AB),Air Berlin,384,01:16,,,,,319 320 DH4 738,,,"Direct",609,345,214,
- -,CPH,PMI,Air Berlin (AB),Air Berlin,1198,02:53,,,,,738,,,"Direct",609,3998,214,
- -,CPH,TXL,Air Berlin (AB),Air Berlin,212,00:55,,,,,738 319 73G,,,"Direct",609,351,214,
- -,CPH,VIE,Air Berlin (AB),Air Berlin,544,01:35,,,,,E90,,,"Codeshare",609,1613,214,
- -,CTA,BSL,Air Berlin (AB),Air Berlin,796,02:05,,,,,320 319,,,"Direct",1509,1423,214,
- -,CTA,DUS,Air Berlin (AB),Air Berlin,1037,02:34,,,,,321 738 320,,,"Direct",1509,345,214,
- -,CTA,FRA,Air Berlin (AB),Air Berlin,925,02:21,,,,,320,,,"Direct",1509,340,214,
- -,CTA,MUC,Air Berlin (AB),Air Berlin,769,02:02,,,,,320 321 738,,,"Direct",1509,346,214,
- -,CTA,STR,Air Berlin (AB),Air Berlin,828,02:09,,,,,738 320,,,"Direct",1509,350,214,
- -,CTA,TXL,Air Berlin (AB),Air Berlin,1045,02:35,,,,,321 320 738,,,"Direct",1509,351,214,
- -,CTA,ZRH,Air Berlin (AB),Air Berlin,765,02:01,,,,,320 319,,,"Direct",1509,1678,214,
- -,CUN,DUS,Air Berlin (AB),Air Berlin,5243,10:59,,,,,332,,,"Direct",1852,345,214,
- -,CUR,DUS,Air Berlin (AB),Air Berlin,4945,10:23,,,,,332,,,"Direct",2897,345,214,
- -,DFW,FRA,Air Berlin (AB),Air Berlin,5128,10:45,,,,,777,,,"Codeshare",3670,340,214,
- -,DJE,DUS,Air Berlin (AB),Air Berlin,1219,02:56,,,,,321,,,"Direct",293,345,214,
- -,DJE,NUE,Air Berlin (AB),Air Berlin,1078,02:39,,,,,738,,,"Direct",293,347,214,
- -,DME,DUS,Air Berlin (AB),Air Berlin,1303,03:06,,,,,738,,,"Direct",4029,345,214,
- -,DME,FRA,Air Berlin (AB),Air Berlin,1271,03:02,,,,,319,,,"Codeshare",4029,340,214,
- -,DME,MUC,Air Berlin (AB),Air Berlin,1206,02:54,,,,,738,,,"Direct",4029,346,214,
- -,DME,TXL,Air Berlin (AB),Air Berlin,1013,02:31,,,,,738,,,"Direct",4029,351,214,
- -,DRS,AYT,Air Berlin (AB),Air Berlin,1290,03:04,,,,,738,,,"Direct",338,1688,214,
- -,DRS,DUS,Air Berlin (AB),Air Berlin,302,01:06,,,,,DH4 319 73G,,,"Direct",338,345,214,
- -,DRS,HER,Air Berlin (AB),Air Berlin,1229,02:57,,,,,738,,,"Direct",338,1452,214,
- -,DRS,HRG,Air Berlin (AB),Air Berlin,1957,04:24,,,,,738,,,"Direct",338,1130,214,
- -,DRS,NBE,Air Berlin (AB),Air Berlin,1052,02:36,,,,,738,,,"Direct",338,7447,214,
- -,DRS,PMI,Air Berlin (AB),Air Berlin,960,02:25,,,,,738 321,,,"Direct",338,3998,214,
- -,DRS,RHO,Air Berlin (AB),Air Berlin,1237,02:58,,,,,738,,,"Direct",338,1472,214,
- -,DRS,TFS,Air Berlin (AB),Air Berlin,2239,04:58,,,,,738,,,"Direct",338,1056,214,
- -,DTM,PMI,Air Berlin (AB),Air Berlin,858,02:12,,,,,738,,,"Direct",373,3998,214,
- -,DUS,ACE,Air Berlin (AB),Air Berlin,1867,04:14,,,,,321 332,,,"Direct",345,1055,214,
- -,DUS,AGP,Air Berlin (AB),Air Berlin,1151,02:48,,,,,332 321,,,"Direct",345,1230,214,
- -,DUS,ALC,Air Berlin (AB),Air Berlin,966,02:25,,,,,321 332,,,"Direct",345,1212,214,
- -,DUS,AUH,Air Berlin (AB),Air Berlin,3121,06:44,,,,,332,,,"Direct",345,2179,214,
- -,DUS,AYT,Air Berlin (AB),Air Berlin,1539,03:34,,,,,321 320,,,"Direct",345,1688,214,
- -,DUS,BCN,Air Berlin (AB),Air Berlin,724,01:56,,,,,738 321,,,"Direct",345,1218,214,
- -,DUS,BEG,Air Berlin (AB),Air Berlin,766,02:01,,,,,319,,,"Direct",345,1739,214,
- -,DUS,CAG,Air Berlin (AB),Air Berlin,838,02:10,,,,,738,,,"Direct",345,1519,214,
- -,DUS,CFU,Air Berlin (AB),Air Berlin,1024,02:32,,,,,321 738,,,"Direct",345,1460,214,
- -,DUS,CLY,Air Berlin (AB),Air Berlin,612,01:43,,,,,73G,,,"Direct",345,1322,214,
- -,DUS,CPH,Air Berlin (AB),Air Berlin,384,01:16,,,,,319 320 DH4 738,,,"Direct",345,609,214,
- -,DUS,CTA,Air Berlin (AB),Air Berlin,1037,02:34,,,,,321 738 320,,,"Direct",345,1509,214,
- -,DUS,CUN,Air Berlin (AB),Air Berlin,5243,10:59,,,,,332,,,"Direct",345,1852,214,
- -,DUS,CUR,Air Berlin (AB),Air Berlin,4945,10:23,,,,,332,,,"Direct",345,2897,214,
- -,DUS,DJE,Air Berlin (AB),Air Berlin,1219,02:56,,,,,321,,,"Direct",345,293,214,
- -,DUS,DME,Air Berlin (AB),Air Berlin,1303,03:06,,,,,738,,,"Direct",345,4029,214,
- -,DUS,DRS,Air Berlin (AB),Air Berlin,302,01:06,,,,,DH4 319 73G,,,"Direct",345,338,214,
- -,DUS,FAO,Air Berlin (AB),Air Berlin,1221,02:56,,,,,321 320,,,"Direct",345,1626,214,
- -,DUS,FCO,Air Berlin (AB),Air Berlin,704,01:54,,,,,321,,,"Direct",345,1555,214,
- -,DUS,FLR,Air Berlin (AB),Air Berlin,556,01:36,,,,,DH4,,,"Direct",345,1563,214,
- -,DUS,FNC,Air Berlin (AB),Air Berlin,1747,03:59,,,,,738 321,,,"Direct",345,4091,214,
- -,DUS,FUE,Air Berlin (AB),Air Berlin,1904,04:18,,,,,738 332 321,,,"Direct",345,1051,214,
- -,DUS,GCI,Air Berlin (AB),Air Berlin,431,01:21,,,,,DH4,,,"Direct",345,498,214,
- -,DUS,GWT,Air Berlin (AB),Air Berlin,258,01:00,,,,,DH4 319 738 320,,,"Direct",345,410,214,
- -,DUS,HAM,Air Berlin (AB),Air Berlin,210,00:55,,,,,320 319 DH4 738,,,"Direct",345,342,214,
- -,DUS,HEL,Air Berlin (AB),Air Berlin,936,02:22,,,,,E90,,,"Codeshare",345,421,214,
- -,DUS,HER,Air Berlin (AB),Air Berlin,1430,03:21,,,,,738 321 320,,,"Direct",345,1452,214,
- -,DUS,HRG,Air Berlin (AB),Air Berlin,2180,04:51,,,,,738 332,,,"Direct",345,1130,214,
- -,DUS,IBZ,Air Berlin (AB),Air Berlin,896,02:17,,,,,321 738 332,,,"Direct",345,1225,214,
- -,DUS,JER,Air Berlin (AB),Air Berlin,420,01:20,,,,,73G,,,"Direct",345,499,214,
- -,DUS,JFK,Air Berlin (AB),Air Berlin,3736,07:58,,,,,332,,,"Direct",345,3797,214,
- -,DUS,KGS,Air Berlin (AB),Air Berlin,1412,03:19,,,,,738 321,,,"Direct",345,1458,214,
- -,DUS,KVA,Air Berlin (AB),Air Berlin,1110,02:43,,,,,738,,,"Direct",345,1462,214,
- -,DUS,LAX,Air Berlin (AB),Air Berlin,5671,11:50,,,,,332,,,"Direct",345,3484,214,
- -,DUS,LPA,Air Berlin (AB),Air Berlin,1980,04:27,,,,,332,,,"Direct",345,1054,214,
- -,DUS,MAD,Air Berlin (AB),Air Berlin,895,02:17,,,,,738 32A 321,,,"Direct",345,1229,214,
- -,DUS,MAH,Air Berlin (AB),Air Berlin,798,02:05,,,,,738,,,"Direct",345,1231,214,
- -,DUS,MIA,Air Berlin (AB),Air Berlin,4721,09:56,,,,,332,,,"Direct",345,3576,214,
- -,DUS,MJT,Air Berlin (AB),Air Berlin,1275,03:03,,,,,738,,,"Direct",345,1469,214,
- -,DUS,MUC,Air Berlin (AB),Air Berlin,301,01:06,,,,,320 738 319 321 DH4,,,"Direct",345,346,214,
- -,DUS,MXP,Air Berlin (AB),Air Berlin,400,01:18,,,,,73G 738 320,,,"Direct",345,1524,214,
- -,DUS,NAP,Air Berlin (AB),Air Berlin,802,02:06,,,,,738 320,,,"Direct",345,1561,214,
- -,DUS,NBE,Air Berlin (AB),Air Berlin,1066,02:37,,,,,738,,,"Direct",345,7447,214,
- -,DUS,NCE,Air Berlin (AB),Air Berlin,527,01:33,,,,,319 320 738,,,"Direct",345,1354,214,
- -,DUS,NUE,Air Berlin (AB),Air Berlin,226,00:57,,,,,DH4,,,"Direct",345,347,214,
- -,DUS,OLB,Air Berlin (AB),Air Berlin,729,01:57,,,,,738 319,,,"Direct",345,1520,214,
- -,DUS,ORD,Air Berlin (AB),Air Berlin,4215,08:55,,,,,763,,,"Codeshare",345,3830,214,
- -,DUS,PDL,Air Berlin (AB),Air Berlin,1830,04:09,,,,,738,,,"Direct",345,1633,214,
- -,DUS,PMI,Air Berlin (AB),Air Berlin,833,02:09,,,,,332 738 321 320,,,"Direct",345,3998,214,
- -,DUS,POP,Air Berlin (AB),Air Berlin,4617,09:44,,,,,332,,,"Direct",345,1761,214,
- -,DUS,PUJ,Air Berlin (AB),Air Berlin,4584,09:40,,,,,332,,,"Direct",345,1760,214,
- -,DUS,PVK,Air Berlin (AB),Air Berlin,1089,02:40,,,,,321,,,"Direct",345,1470,214,
- -,DUS,RHO,Air Berlin (AB),Air Berlin,1467,03:26,,,,,738,,,"Direct",345,1472,214,
- -,DUS,RIX,Air Berlin (AB),Air Berlin,794,02:05,,,,,DH4,,,"Codeshare",345,3953,214,
- -,DUS,RMF,Air Berlin (AB),Air Berlin,2300,05:06,,,,,321,,,"Direct",345,4197,214,
- -,DUS,RSW,Air Berlin (AB),Air Berlin,4744,09:59,,,,,332,,,"Direct",345,3793,214,
- -,DUS,SAW,Air Berlin (AB),Air Berlin,1287,03:04,,,,,738,,,"Direct",345,4317,214,
- -,DUS,SKG,Air Berlin (AB),Air Berlin,1072,02:38,,,,,321,,,"Direct",345,1486,214,
- -,DUS,SMI,Air Berlin (AB),Air Berlin,1357,03:12,,,,,320,,,"Direct",345,1476,214,
- -,DUS,SPC,Air Berlin (AB),Air Berlin,2013,04:31,,,,,321,,,"Direct",345,1053,214,
- -,DUS,STN,Air Berlin (AB),Air Berlin,283,01:03,,,,,DH4,,,"Direct",345,548,214,
- -,DUS,STR,Air Berlin (AB),Air Berlin,209,00:55,,,,,DH4,,,"Direct",345,350,214,
- -,DUS,SZG,Air Berlin (AB),Air Berlin,369,01:14,,,,,DH4,,,"Direct",345,1612,214,
- -,DUS,TFS,Air Berlin (AB),Air Berlin,2010,04:31,,,,,332 738 321,,,"Direct",345,1056,214,
- -,DUS,TLV,Air Berlin (AB),Air Berlin,1947,04:23,,,,,321 738,,,"Direct",345,1590,214,
- -,DUS,TXL,Air Berlin (AB),Air Berlin,291,01:04,,,,,738 319 320 73G 321 DH4,,,"Direct",345,351,214,
- -,DUS,VCE,Air Berlin (AB),Air Berlin,474,01:26,,,,,738 320 321,,,"Direct",345,1551,214,
- -,DUS,VIE,Air Berlin (AB),Air Berlin,489,01:28,,,,,738 321 E90 320 319,,,"Direct",345,1613,214,
- -,DUS,VRA,Air Berlin (AB),Air Berlin,4911,10:19,,,,,332,,,"Direct",345,1923,214,
- -,DUS,ZRH,Air Berlin (AB),Air Berlin,275,01:03,,,,,738 319 320 73G,,,"Direct",345,1678,214,
- -,DUS,ZTH,Air Berlin (AB),Air Berlin,1160,02:49,,,,,738,,,"Direct",345,1488,214,
- -,FAO,DUS,Air Berlin (AB),Air Berlin,1221,02:56,,,,,321 320,,,"Direct",1626,345,214,
- -,FAO,HAM,Air Berlin (AB),Air Berlin,1432,03:21,,,,,320,,,"Direct",1626,342,214,
- -,FAO,MUC,Air Berlin (AB),Air Berlin,1265,03:01,,,,,738,,,"Direct",1626,346,214,
- -,FAO,PMI,Air Berlin (AB),Air Berlin,605,01:42,,,,,738 320,,,"Direct",1626,3998,214,
- -,FAO,TXL,Air Berlin (AB),Air Berlin,1484,03:28,,,,,321 320,,,"Direct",1626,351,214,
- -,FCO,DUS,Air Berlin (AB),Air Berlin,704,01:54,,,,,321,,,"Direct",1555,345,214,
- -,FCO,TXL,Air Berlin (AB),Air Berlin,744,01:59,,,,,320 738 73G,,,"Direct",1555,351,214,
- -,FCO,VIE,Air Berlin (AB),Air Berlin,484,01:28,,,,,E90,,,"Direct",1555,1613,214,
- -,FDH,IBZ,Air Berlin (AB),Air Berlin,731,01:57,,,,,320,,,"Direct",382,1225,214,
- -,FDH,PMI,Air Berlin (AB),Air Berlin,654,01:48,,,,,320,,,"Direct",382,3998,214,
- -,FKB,PMI,Air Berlin (AB),Air Berlin,689,01:52,,,,,320 321 73G,,,"Direct",4166,3998,214,
- -,FKB,TXL,Air Berlin (AB),Air Berlin,346,01:11,,,,,73G 319 DH4,,,"Direct",4166,351,214,
- -,FLR,DUS,Air Berlin (AB),Air Berlin,556,01:36,,,,,DH4,,,"Direct",1563,345,214,
- -,FLR,STR,Air Berlin (AB),Air Berlin,349,01:11,,,,,DH4,,,"Direct",1563,350,214,
- -,FLR,VIE,Air Berlin (AB),Air Berlin,392,01:17,,,,,DH4,,,"Codeshare",1563,1613,214,
- -,FMM,CLY,Air Berlin (AB),Air Berlin,383,01:15,,,,,320,,,"Direct",3986,1322,214,
- -,FMO,AYT,Air Berlin (AB),Air Berlin,1537,03:34,,,,,738,,,"Direct",341,1688,214,
- -,FMO,CFU,Air Berlin (AB),Air Berlin,1043,02:35,,,,,738,,,"Direct",341,1460,214,
- -,FMO,IBZ,Air Berlin (AB),Air Berlin,964,02:25,,,,,738,,,"Direct",341,1225,214,
- -,FMO,PMI,Air Berlin (AB),Air Berlin,900,02:18,,,,,738 320,,,"Direct",341,3998,214,
- -,FNC,DUS,Air Berlin (AB),Air Berlin,1747,03:59,,,,,738 321,,,"Direct",4091,345,214,
- -,FNC,LEJ,Air Berlin (AB),Air Berlin,1947,04:23,,,,,738,,,"Direct",4091,348,214,
- -,FNC,MUC,Air Berlin (AB),Air Berlin,1830,04:09,,,,,738,,,"Direct",4091,346,214,
- -,FNC,TXL,Air Berlin (AB),Air Berlin,2026,04:33,,,,,332 321,,,"Direct",4091,351,214,
- -,FNC,VIE,Air Berlin (AB),Air Berlin,2027,04:33,,,,,321,,,"Direct",4091,1613,214,
- -,FNC,ZRH,Air Berlin (AB),Air Berlin,1669,03:50,,,,,320,,,"Direct",4091,1678,214,
- -,FRA,ALC,Air Berlin (AB),Air Berlin,927,02:21,,,,,320,,,"Direct",340,1212,214,
- -,FRA,AMM,Air Berlin (AB),Air Berlin,1890,04:16,,,,,319,,,"Codeshare",340,2170,214,
- -,FRA,AUH,Air Berlin (AB),Air Berlin,3019,06:32,,,,,332 333,,,"Codeshare",340,2179,214,
- -,FRA,BEG,Air Berlin (AB),Air Berlin,654,01:48,,,,,319,,,"Direct",340,1739,214,
- -,FRA,CFU,Air Berlin (AB),Air Berlin,907,02:18,,,,,320,,,"Direct",340,1460,214,
- -,FRA,CTA,Air Berlin (AB),Air Berlin,925,02:21,,,,,320,,,"Direct",340,1509,214,
- -,FRA,DFW,Air Berlin (AB),Air Berlin,5128,10:45,,,,,777,,,"Codeshare",340,3670,214,
- -,FRA,DME,Air Berlin (AB),Air Berlin,1271,03:02,,,,,319,,,"Codeshare",340,4029,214,
- -,FRA,GCI,Air Berlin (AB),Air Berlin,499,01:29,,,,,DH4,,,"Direct",340,498,214,
- -,FRA,HEL,Air Berlin (AB),Air Berlin,955,02:24,,,,,E90,,,"Codeshare",340,421,214,
- -,FRA,IBZ,Air Berlin (AB),Air Berlin,847,02:11,,,,,320,,,"Direct",340,1225,214,
- -,FRA,LCY,Air Berlin (AB),Air Berlin,385,01:16,,,,,E70 E90 AR8,,,"Codeshare",340,503,214,
- -,FRA,LHR,Air Berlin (AB),Air Berlin,406,01:18,,,,,320 767 319,,,"Codeshare",340,507,214,
- -,FRA,MAD,Air Berlin (AB),Air Berlin,883,02:15,,,,,32A,,,"Codeshare",340,1229,214,
- -,FRA,PMI,Air Berlin (AB),Air Berlin,777,02:03,,,,,320 321 332,,,"Direct",340,3998,214,
- -,FRA,RIX,Air Berlin (AB),Air Berlin,788,02:04,,,,,735 DH4 73C,,,"Codeshare",340,3953,214,
- -,FRA,TXL,Air Berlin (AB),Air Berlin,268,01:02,,,,,320 738 73G 319 DH4,,,"Direct",340,351,214,
- -,FRA,VIE,Air Berlin (AB),Air Berlin,385,01:16,,,,,E90 320,,,"Codeshare",340,1613,214,
- -,FUE,CGN,Air Berlin (AB),Air Berlin,1894,04:17,,,,,738,,,"Direct",1051,344,214,
- -,FUE,DUS,Air Berlin (AB),Air Berlin,1904,04:18,,,,,738 332 321,,,"Direct",1051,345,214,
- -,FUE,HAM,Air Berlin (AB),Air Berlin,2115,04:43,,,,,738,,,"Direct",1051,342,214,
- -,FUE,LEJ,Air Berlin (AB),Air Berlin,2081,04:39,,,,,738,,,"Direct",1051,348,214,
- -,FUE,MUC,Air Berlin (AB),Air Berlin,1935,04:22,,,,,738,,,"Direct",1051,346,214,
- -,FUE,NUE,Air Berlin (AB),Air Berlin,1957,04:24,,,,,738,,,"Direct",1051,347,214,
- -,FUE,SZG,Air Berlin (AB),Air Berlin,1959,04:25,,,,,320,,,"Direct",1051,1612,214,
- -,FUE,TXL,Air Berlin (AB),Air Berlin,2165,04:49,,,,,321 738,,,"Direct",1051,351,214,
- -,FUE,VIE,Air Berlin (AB),Air Berlin,2112,04:43,,,,,321,,,"Direct",1051,1613,214,
- -,FUE,ZRH,Air Berlin (AB),Air Berlin,1779,04:03,,,,,320,,,"Direct",1051,1678,214,
- -,GCI,DUS,Air Berlin (AB),Air Berlin,431,01:21,,,,,DH4,,,"Direct",498,345,214,
- -,GCI,JER,Air Berlin (AB),Air Berlin,24,00:32,,,,,DH4,,,"Direct",498,499,214,
- -,GDN,TXL,Air Berlin (AB),Air Berlin,247,00:59,,,,,DH4,,,"Direct",668,351,214,
- -,GOT,TXL,Air Berlin (AB),Air Berlin,354,01:12,,,,,73G,,,"Direct",687,351,214,
- -,GRZ,HER,Air Berlin (AB),Air Berlin,948,02:23,,,,,320,,,"Direct",1609,1452,214,
- -,GRZ,PMI,Air Berlin (AB),Air Berlin,817,02:08,,,,,320,,,"Codeshare",1609,3998,214,
- -,GRZ,TFS,Air Berlin (AB),Air Berlin,2162,04:49,,,,,320,,,"Direct",1609,1056,214,
- -,GRZ,TXL,Air Berlin (AB),Air Berlin,396,01:17,,,,,319,,,"Direct",1609,351,214,
- -,GVA,MAD,Air Berlin (AB),Air Berlin,627,01:45,,,,,320 319,,,"Codeshare",1665,1229,214,
- -,GWT,DUS,Air Berlin (AB),Air Berlin,258,01:00,,,,,DH4 319 738 320,,,"Direct",410,345,214,
- -,GWT,MUC,Air Berlin (AB),Air Berlin,476,01:27,,,,,DH4 73G,,,"Direct",410,346,214,
- -,GWT,STR,Air Berlin (AB),Air Berlin,431,01:21,,,,,DH4 73G,,,"Direct",410,350,214,
- -,GWT,TXL,Air Berlin (AB),Air Berlin,259,01:01,,,,,DH4,,,"Direct",410,351,214,
- -,GWT,ZRH,Air Berlin (AB),Air Berlin,514,01:31,,,,,73G DH4,,,"Direct",410,1678,214,
- -,HAJ,IBZ,Air Berlin (AB),Air Berlin,1018,02:32,,,,,738,,,"Direct",352,1225,214,
- -,HAJ,JER,Air Berlin (AB),Air Berlin,563,01:37,,,,,DH4,,,"Direct",352,499,214,
- -,HAJ,LHR,Air Berlin (AB),Air Berlin,436,01:22,,,,,319,,,"Codeshare",352,507,214,
- -,HAJ,PMI,Air Berlin (AB),Air Berlin,950,02:24,,,,,738 321,,,"Direct",352,3998,214,
- -,HAJ,STR,Air Berlin (AB),Air Berlin,261,01:01,,,,,DH4,,,"Direct",352,350,214,
- -,HAJ,VIE,Air Berlin (AB),Air Berlin,426,01:21,,,,,320 E90,,,"Direct",352,1613,214,
- -,HAM,ACE,Air Berlin (AB),Air Berlin,2077,04:39,,,,,320,,,"Direct",342,1055,214,
- -,HAM,AGP,Air Berlin (AB),Air Berlin,1361,03:13,,,,,320 738 321,,,"Direct",342,1230,214,
- -,HAM,ALC,Air Berlin (AB),Air Berlin,1171,02:50,,,,,320,,,"Direct",342,1212,214,
- -,HAM,AYT,Air Berlin (AB),Air Berlin,1524,03:32,,,,,320 738,,,"Direct",342,1688,214,
- -,HAM,CFU,Air Berlin (AB),Air Berlin,1074,02:38,,,,,320,,,"Direct",342,1460,214,
- -,HAM,DUS,Air Berlin (AB),Air Berlin,210,00:55,,,,,319 320 DH4 738,,,"Direct",342,345,214,
- -,HAM,FAO,Air Berlin (AB),Air Berlin,1432,03:21,,,,,320,,,"Direct",342,1626,214,
- -,HAM,FUE,Air Berlin (AB),Air Berlin,2115,04:43,,,,,738,,,"Direct",342,1051,214,
- -,HAM,HEL,Air Berlin (AB),Air Berlin,725,01:57,,,,,E90 319 E70,,,"Codeshare",342,421,214,
- -,HAM,HER,Air Berlin (AB),Air Berlin,1461,03:25,,,,,320,,,"Direct",342,1452,214,
- -,HAM,IBZ,Air Berlin (AB),Air Berlin,1097,02:41,,,,,320 738,,,"Direct",342,1225,214,
- -,HAM,KGS,Air Berlin (AB),Air Berlin,1421,03:20,,,,,738,,,"Direct",342,1458,214,
- -,HAM,LHR,Air Berlin (AB),Air Berlin,462,01:25,,,,,320 319 321,,,"Codeshare",342,507,214,
- -,HAM,LPA,Air Berlin (AB),Air Berlin,2191,04:52,,,,,320,,,"Direct",342,1054,214,
- -,HAM,MUC,Air Berlin (AB),Air Berlin,372,01:14,,,,,320 738 73G,,,"Direct",342,346,214,
- -,HAM,NUE,Air Berlin (AB),Air Berlin,289,01:04,,,,,DH4,,,"Direct",342,347,214,
- -,HAM,OLB,Air Berlin (AB),Air Berlin,879,02:15,,,,,320,,,"Direct",342,1520,214,
- -,HAM,PMI,Air Berlin (AB),Air Berlin,1029,02:33,,,,,320 738 332 319,,,"Direct",342,3998,214,
- -,HAM,RIX,Air Berlin (AB),Air Berlin,593,01:41,,,,,DH4 735 73C,,,"Codeshare",342,3953,214,
- -,HAM,SKG,Air Berlin (AB),Air Berlin,1088,02:40,,,,,320,,,"Direct",342,1486,214,
- -,HAM,STR,Air Berlin (AB),Air Berlin,342,01:11,,,,,320 738,,,"Direct",342,350,214,
- -,HAM,SZG,Air Berlin (AB),Air Berlin,424,01:20,,,,,320 319,,,"Direct",342,1612,214,
- -,HAM,TFS,Air Berlin (AB),Air Berlin,2219,04:56,,,,,320,,,"Direct",342,1056,214,
- -,HAM,VIE,Air Berlin (AB),Air Berlin,476,01:27,,,,,320 E90 321,,,"Direct",342,1613,214,
- -,HEL,DUS,Air Berlin (AB),Air Berlin,936,02:22,,,,,E90,,,"Codeshare",421,345,214,
- -,HEL,FRA,Air Berlin (AB),Air Berlin,955,02:24,,,,,E90,,,"Codeshare",421,340,214,
- -,HEL,HAM,Air Berlin (AB),Air Berlin,725,01:57,,,,,E90 319 E70,,,"Codeshare",421,342,214,
- -,HEL,MUC,Air Berlin (AB),Air Berlin,977,02:27,,,,,319 320 E90,,,"Codeshare",421,346,214,
- -,HEL,TXL,Air Berlin (AB),Air Berlin,694,01:53,,,,,738 73G,,,"Direct",421,351,214,
- -,HEL,VIE,Air Berlin (AB),Air Berlin,906,02:18,,,,,320 319 E90,,,"Codeshare",421,1613,214,
- -,HEL,ZRH,Air Berlin (AB),Air Berlin,1104,02:42,,,,,319,,,"Direct",421,1678,214,
- -,HER,BSL,Air Berlin (AB),Air Berlin,1239,02:58,,,,,320,,,"Direct",1452,1423,214,
- -,HER,DRS,Air Berlin (AB),Air Berlin,1229,02:57,,,,,738,,,"Direct",1452,338,214,
- -,HER,DUS,Air Berlin (AB),Air Berlin,1430,03:21,,,,,738 321 320,,,"Direct",1452,345,214,
- -,HER,GRZ,Air Berlin (AB),Air Berlin,948,02:23,,,,,320,,,"Direct",1452,1609,214,
- -,HER,HAM,Air Berlin (AB),Air Berlin,1461,03:25,,,,,320,,,"Direct",1452,342,214,
- -,HER,LEJ,Air Berlin (AB),Air Berlin,1282,03:03,,,,,738,,,"Direct",1452,348,214,
- -,HER,LNZ,Air Berlin (AB),Air Berlin,1052,02:36,,,,,321,,,"Direct",1452,1611,214,
- -,HER,MUC,Air Berlin (AB),Air Berlin,1128,02:45,,,,,738 320,,,"Direct",1452,346,214,
- -,HER,NUE,Air Berlin (AB),Air Berlin,1209,02:55,,,,,738,,,"Direct",1452,347,214,
- -,HER,SZG,Air Berlin (AB),Air Berlin,1062,02:37,,,,,321,,,"Direct",1452,1612,214,
- -,HER,TXL,Air Berlin (AB),Air Berlin,1323,03:08,,,,,738 321,,,"Direct",1452,351,214,
- -,HER,VIE,Air Berlin (AB),Air Berlin,985,02:28,,,,,320 321,,,"Direct",1452,1613,214,
- -,HER,ZRH,Air Berlin (AB),Air Berlin,1196,02:53,,,,,320 319,,,"Direct",1452,1678,214,
- -,HKT,AUH,Air Berlin (AB),Air Berlin,3089,06:40,,,,,332,,,"Direct",3179,2179,214,
- -,HKT,BKK,Air Berlin (AB),Air Berlin,418,01:20,,,,,320,,,"Codeshare",3179,3885,214,
- -,HRG,CGN,Air Berlin (AB),Air Berlin,2149,04:47,,,,,738,,,"Direct",1130,344,214,
- -,HRG,DRS,Air Berlin (AB),Air Berlin,1957,04:24,,,,,738,,,"Direct",1130,338,214,
- -,HRG,DUS,Air Berlin (AB),Air Berlin,2180,04:51,,,,,738 332,,,"Direct",1130,345,214,
- -,HRG,LEJ,Air Berlin (AB),Air Berlin,2015,04:31,,,,,738,,,"Direct",1130,348,214,
- -,HRG,NUE,Air Berlin (AB),Air Berlin,1956,04:24,,,,,738,,,"Direct",1130,347,214,
- -,HRG,TXL,Air Berlin (AB),Air Berlin,2046,04:35,,,,,321,,,"Direct",1130,351,214,
- -,IBZ,BSL,Air Berlin (AB),Air Berlin,676,01:51,,,,,320,,,"Direct",1225,1423,214,
- -,IBZ,CGN,Air Berlin (AB),Air Berlin,874,02:14,,,,,738,,,"Direct",1225,344,214,
- -,IBZ,DUS,Air Berlin (AB),Air Berlin,896,02:17,,,,,321 738 332,,,"Direct",1225,345,214,
- -,IBZ,FDH,Air Berlin (AB),Air Berlin,731,01:57,,,,,320,,,"Direct",1225,382,214,
- -,IBZ,FMO,Air Berlin (AB),Air Berlin,964,02:25,,,,,738,,,"Direct",1225,341,214,
- -,IBZ,FRA,Air Berlin (AB),Air Berlin,847,02:11,,,,,320,,,"Direct",1225,340,214,
- -,IBZ,HAJ,Air Berlin (AB),Air Berlin,1018,02:32,,,,,738,,,"Direct",1225,352,214,
- -,IBZ,HAM,Air Berlin (AB),Air Berlin,1097,02:41,,,,,320 738,,,"Direct",1225,342,214,
- -,IBZ,MUC,Air Berlin (AB),Air Berlin,834,02:10,,,,,738 320,,,"Direct",1225,346,214,
- -,IBZ,NUE,Air Berlin (AB),Air Berlin,875,02:15,,,,,738,,,"Direct",1225,347,214,
- -,IBZ,PAD,Air Berlin (AB),Air Berlin,946,02:23,,,,,738,,,"Direct",1225,371,214,
- -,IBZ,PMI,Air Berlin (AB),Air Berlin,86,00:40,,,,,320 738,,,"Direct",1225,3998,214,
- -,IBZ,STR,Air Berlin (AB),Air Berlin,781,02:03,,,,,738 320,,,"Direct",1225,350,214,
- -,IBZ,TXL,Air Berlin (AB),Air Berlin,1102,02:42,,,,,738 321,,,"Direct",1225,351,214,
- -,IBZ,ZRH,Air Berlin (AB),Air Berlin,694,01:53,,,,,320,,,"Direct",1225,1678,214,
- -,INN,PMI,Air Berlin (AB),Air Berlin,684,01:52,,,,,320,,,"Codeshare",1610,3998,214,
- -,JER,DUS,Air Berlin (AB),Air Berlin,420,01:20,,,,,73G,,,"Direct",499,345,214,
- -,JER,FRA,Air Berlin (AB),Air Berlin,484,01:28,,,,,DH4,,,"Direct",499,340,214,
- -,JER,HAJ,Air Berlin (AB),Air Berlin,563,01:37,,,,,DH4,,,"Direct",499,352,214,
- -,JER,STR,Air Berlin (AB),Air Berlin,518,01:32,,,,,DH4,,,"Direct",499,350,214,
- -,JFK,DUS,Air Berlin (AB),Air Berlin,3736,07:58,,,,,332,,,"Direct",3797,345,214,
- -,JFK,TXL,Air Berlin (AB),Air Berlin,3954,08:24,,,,,332,,,"Direct",3797,351,214,
- -,JMK,VIE,Air Berlin (AB),Air Berlin,859,02:13,,,,,320 321,,,"Direct",1468,1613,214,
- -,JTR,VIE,Air Berlin (AB),Air Berlin,926,02:21,,,,,321 320 E90,,,"Direct",1479,1613,214,
- -,KGD,TXL,Air Berlin (AB),Air Berlin,338,01:10,,,,,DH4,,,"Direct",2952,351,214,
- -,KGS,CGN,Air Berlin (AB),Air Berlin,1381,03:15,,,,,738 73G,,,"Direct",1458,344,214,
- -,KGS,DUS,Air Berlin (AB),Air Berlin,1412,03:19,,,,,738 321,,,"Direct",1458,345,214,
- -,KGS,HAM,Air Berlin (AB),Air Berlin,1421,03:20,,,,,738,,,"Direct",1458,342,214,
- -,KGS,LEJ,Air Berlin (AB),Air Berlin,1245,02:59,,,,,738,,,"Direct",1458,348,214,
- -,KGS,MUC,Air Berlin (AB),Air Berlin,1110,02:43,,,,,738,,,"Direct",1458,346,214,
- -,KGS,TXL,Air Berlin (AB),Air Berlin,1277,03:03,,,,,320 738,,,"Direct",1458,351,214,
- -,KLX,VIE,Air Berlin (AB),Air Berlin,810,02:07,,,,,320 E90,,,"Direct",1456,1613,214,
- -,KRK,TXL,Air Berlin (AB),Air Berlin,328,01:09,,,,,DH4 319 73G,,,"Direct",669,351,214,
- -,KVA,DUS,Air Berlin (AB),Air Berlin,1110,02:43,,,,,738,,,"Direct",1462,345,214,
- -,KVA,MUC,Air Berlin (AB),Air Berlin,811,02:07,,,,,738,,,"Direct",1462,346,214,
- -,LAX,DUS,Air Berlin (AB),Air Berlin,5671,11:50,,,,,332,,,"Direct",3484,345,214,
- -,LCA,VIE,Air Berlin (AB),Air Berlin,1264,03:01,,,,,320,,,"Direct",1197,1613,214,
- -,LCY,FRA,Air Berlin (AB),Air Berlin,385,01:16,,,,,E70 E90 AR8,,,"Codeshare",503,340,214,
- -,LCY,ZRH,Air Berlin (AB),Air Berlin,471,01:26,,,,,E90 E70,,,"Codeshare",503,1678,214,
- -,LED,TXL,Air Berlin (AB),Air Berlin,818,02:08,,,,,73G 738,,,"Direct",2948,351,214,
- -,LEI,PMI,Air Berlin (AB),Air Berlin,334,01:10,,,,,738,,,"Direct",1213,3998,214,
- -,LEJ,ACE,Air Berlin (AB),Air Berlin,2044,04:35,,,,,738,,,"Direct",348,1055,214,
- -,LEJ,AYT,Air Berlin (AB),Air Berlin,1353,03:12,,,,,738,,,"Direct",348,1688,214,
- -,LEJ,FNC,Air Berlin (AB),Air Berlin,1947,04:23,,,,,738,,,"Direct",348,4091,214,
- -,LEJ,FUE,Air Berlin (AB),Air Berlin,2081,04:39,,,,,738,,,"Direct",348,1051,214,
- -,LEJ,HER,Air Berlin (AB),Air Berlin,1282,03:03,,,,,738,,,"Direct",348,1452,214,
- -,LEJ,HRG,Air Berlin (AB),Air Berlin,2015,04:31,,,,,738,,,"Direct",348,1130,214,
- -,LEJ,KGS,Air Berlin (AB),Air Berlin,1245,02:59,,,,,738,,,"Direct",348,1458,214,
- -,LEJ,PMI,Air Berlin (AB),Air Berlin,938,02:22,,,,,738 320,,,"Direct",348,3998,214,
- -,LEJ,TFS,Air Berlin (AB),Air Berlin,2196,04:53,,,,,738,,,"Direct",348,1056,214,
- -,LGW,SZG,Air Berlin (AB),Air Berlin,634,01:46,,,,,734,,,"Codeshare",502,1612,214,
- -,LHR,BSL,Air Berlin (AB),Air Berlin,446,01:23,,,,,319 320 321,,,"Codeshare",507,1423,214,
- -,LHR,FRA,Air Berlin (AB),Air Berlin,406,01:18,,,,,767 319 320,,,"Codeshare",507,340,214,
- -,LHR,HAJ,Air Berlin (AB),Air Berlin,436,01:22,,,,,319,,,"Codeshare",507,352,214,
- -,LHR,HAM,Air Berlin (AB),Air Berlin,462,01:25,,,,,319 321 320,,,"Codeshare",507,342,214,
- -,LHR,MUC,Air Berlin (AB),Air Berlin,584,01:40,,,,,320 321 319,,,"Codeshare",507,346,214,
- -,LHR,ORY,Air Berlin (AB),Air Berlin,227,00:57,,,,,320 319,,,"Codeshare",507,1386,214,
- -,LHR,STR,Air Berlin (AB),Air Berlin,469,01:26,,,,,319 321 320,,,"Codeshare",507,350,214,
- -,LHR,TXL,Air Berlin (AB),Air Berlin,588,01:40,,,,,320 321 319,,,"Codeshare",507,351,214,
- -,LHR,VIE,Air Berlin (AB),Air Berlin,791,02:04,,,,,320,,,"Codeshare",507,1613,214,
- -,LHR,ZRH,Air Berlin (AB),Air Berlin,489,01:28,,,,,319 320 321,,,"Codeshare",507,1678,214,
- -,LNZ,HER,Air Berlin (AB),Air Berlin,1052,02:36,,,,,321,,,"Direct",1611,1452,214,
- -,LNZ,PMI,Air Berlin (AB),Air Berlin,825,02:09,,,,,320,,,"Codeshare",1611,3998,214,
- -,LPA,BSL,Air Berlin (AB),Air Berlin,1832,04:09,,,,,320,,,"Direct",1054,1423,214,
- -,LPA,CGN,Air Berlin (AB),Air Berlin,1971,04:26,,,,,738,,,"Direct",1054,344,214,
- -,LPA,DUS,Air Berlin (AB),Air Berlin,1980,04:27,,,,,332,,,"Direct",1054,345,214,
- -,LPA,HAM,Air Berlin (AB),Air Berlin,2191,04:52,,,,,320,,,"Direct",1054,342,214,
- -,LPA,MUC,Air Berlin (AB),Air Berlin,2021,04:32,,,,,738,,,"Direct",1054,346,214,
- -,LPA,NUE,Air Berlin (AB),Air Berlin,2041,04:34,,,,,738,,,"Direct",1054,347,214,
- -,LPA,SZG,Air Berlin (AB),Air Berlin,2046,04:35,,,,,320,,,"Direct",1054,1612,214,
- -,LPA,TXL,Air Berlin (AB),Air Berlin,2245,04:59,,,,,321 320,,,"Direct",1054,351,214,
- -,LPA,VIE,Air Berlin (AB),Air Berlin,2200,04:54,,,,,320,,,"Direct",1054,1613,214,
- -,LPA,ZRH,Air Berlin (AB),Air Berlin,1863,04:13,,,,,320,,,"Direct",1054,1678,214,
- -,MAD,DUS,Air Berlin (AB),Air Berlin,895,02:17,,,,,32A 738 321,,,"Direct",1229,345,214,
- -,MAD,FRA,Air Berlin (AB),Air Berlin,883,02:15,,,,,32A,,,"Codeshare",1229,340,214,
- -,MAD,GVA,Air Berlin (AB),Air Berlin,627,01:45,,,,,319 320,,,"Codeshare",1229,1665,214,
- -,MAD,MUC,Air Berlin (AB),Air Berlin,929,02:21,,,,,319 320 321,,,"Codeshare",1229,346,214,
- -,MAD,TXL,Air Berlin (AB),Air Berlin,1151,02:48,,,,,738 320,,,"Direct",1229,351,214,
- -,MAD,VIE,Air Berlin (AB),Air Berlin,1121,02:44,,,,,320 321,,,"Direct",1229,1613,214,
- -,MAD,ZRH,Air Berlin (AB),Air Berlin,770,02:02,,,,,319,,,"Codeshare",1229,1678,214,
- -,MAH,CGN,Air Berlin (AB),Air Berlin,772,02:02,,,,,738,,,"Direct",1231,344,214,
- -,MAH,DUS,Air Berlin (AB),Air Berlin,798,02:05,,,,,738,,,"Direct",1231,345,214,
- -,MAH,MUC,Air Berlin (AB),Air Berlin,695,01:53,,,,,738,,,"Direct",1231,346,214,
- -,MAH,PMI,Air Berlin (AB),Air Berlin,81,00:39,,,,,320 319,,,"Direct",1231,3998,214,
- -,MAH,TXL,Air Berlin (AB),Air Berlin,976,02:27,,,,,738,,,"Direct",1231,351,214,
- -,MIA,DUS,Air Berlin (AB),Air Berlin,4721,09:56,,,,,332,,,"Direct",3576,345,214,
- -,MIA,TXL,Air Berlin (AB),Air Berlin,4962,10:25,,,,,332,,,"Direct",3576,351,214,
- -,MJT,DUS,Air Berlin (AB),Air Berlin,1275,03:03,,,,,738,,,"Direct",1469,345,214,
- -,MJT,MUC,Air Berlin (AB),Air Berlin,976,02:27,,,,,320,,,"Direct",1469,346,214,
- -,MLA,VIE,Air Berlin (AB),Air Berlin,852,02:12,,,,,E90,,,"Direct",1606,1613,214,
- -,MUC,ACE,Air Berlin (AB),Air Berlin,1899,04:17,,,,,738,,,"Direct",346,1055,214,
- -,MUC,AGP,Air Berlin (AB),Air Berlin,1151,02:48,,,,,738 320,,,"Direct",346,1230,214,
- -,MUC,ALC,Air Berlin (AB),Air Berlin,929,02:21,,,,,320 738,,,"Direct",346,1212,214,
- -,MUC,AMM,Air Berlin (AB),Air Berlin,1706,03:54,,,,,319,,,"Codeshare",346,2170,214,
- -,MUC,AOK,Air Berlin (AB),Air Berlin,1187,02:52,,,,,320,,,"Direct",346,1459,214,
- -,MUC,AUH,Air Berlin (AB),Air Berlin,2844,06:11,,,,,346 345 333,,,"Codeshare",346,2179,214,
- -,MUC,AYT,Air Berlin (AB),Air Berlin,1242,02:59,,,,,321,,,"Direct",346,1688,214,
- -,MUC,BDS,Air Berlin (AB),Air Berlin,611,01:43,,,,,73G 738,,,"Direct",346,1506,214,
- -,MUC,CAG,Air Berlin (AB),Air Berlin,643,01:47,,,,,320 738,,,"Direct",346,1519,214,
- -,MUC,CFU,Air Berlin (AB),Air Berlin,725,01:57,,,,,321 320,,,"Direct",346,1460,214,
- -,MUC,CGN,Air Berlin (AB),Air Berlin,270,01:02,,,,,73G,,,"Direct",346,344,214,
- -,MUC,CTA,Air Berlin (AB),Air Berlin,769,02:02,,,,,320 321 738,,,"Direct",346,1509,214,
- -,MUC,DME,Air Berlin (AB),Air Berlin,1206,02:54,,,,,738,,,"Direct",346,4029,214,
- -,MUC,DUS,Air Berlin (AB),Air Berlin,301,01:06,,,,,738 320 319 321 DH4,,,"Direct",346,345,214,
- -,MUC,FAO,Air Berlin (AB),Air Berlin,1265,03:01,,,,,738,,,"Direct",346,1626,214,
- -,MUC,FNC,Air Berlin (AB),Air Berlin,1830,04:09,,,,,738,,,"Direct",346,4091,214,
- -,MUC,FUE,Air Berlin (AB),Air Berlin,1935,04:22,,,,,738,,,"Direct",346,1051,214,
- -,MUC,GWT,Air Berlin (AB),Air Berlin,476,01:27,,,,,DH4 73G,,,"Direct",346,410,214,
- -,MUC,HAM,Air Berlin (AB),Air Berlin,372,01:14,,,,,320 738 73G,,,"Direct",346,342,214,
- -,MUC,HEL,Air Berlin (AB),Air Berlin,977,02:27,,,,,319 320 E90,,,"Codeshare",346,421,214,
- -,MUC,HER,Air Berlin (AB),Air Berlin,1128,02:45,,,,,738 320,,,"Direct",346,1452,214,
- -,MUC,IBZ,Air Berlin (AB),Air Berlin,834,02:10,,,,,738 320,,,"Direct",346,1225,214,
- -,MUC,KGS,Air Berlin (AB),Air Berlin,1110,02:43,,,,,738,,,"Direct",346,1458,214,
- -,MUC,KVA,Air Berlin (AB),Air Berlin,811,02:07,,,,,738,,,"Direct",346,1462,214,
- -,MUC,LHR,Air Berlin (AB),Air Berlin,584,01:40,,,,,321 320 319,,,"Codeshare",346,507,214,
- -,MUC,LPA,Air Berlin (AB),Air Berlin,2021,04:32,,,,,738,,,"Direct",346,1054,214,
- -,MUC,MAD,Air Berlin (AB),Air Berlin,929,02:21,,,,,319 320 321,,,"Codeshare",346,1229,214,
- -,MUC,MAH,Air Berlin (AB),Air Berlin,695,01:53,,,,,738,,,"Direct",346,1231,214,
- -,MUC,MJT,Air Berlin (AB),Air Berlin,976,02:27,,,,,320,,,"Direct",346,1469,214,
- -,MUC,NAP,Air Berlin (AB),Air Berlin,530,01:33,,,,,320 738,,,"Direct",346,1561,214,
- -,MUC,NBE,Air Berlin (AB),Air Berlin,850,02:12,,,,,320,,,"Direct",346,7447,214,
- -,MUC,OLB,Air Berlin (AB),Air Berlin,526,01:33,,,,,73G 738 320,,,"Direct",346,1520,214,
- -,MUC,PMI,Air Berlin (AB),Air Berlin,755,02:00,,,,,738 321 320,,,"Direct",346,3998,214,
- -,MUC,PUJ,Air Berlin (AB),Air Berlin,4818,10:08,,,,,332,,,"Direct",346,1760,214,
- -,MUC,PVK,Air Berlin (AB),Air Berlin,789,02:04,,,,,320,,,"Direct",346,1470,214,
- -,MUC,RHO,Air Berlin (AB),Air Berlin,1166,02:49,,,,,738,,,"Direct",346,1472,214,
- -,MUC,RIX,Air Berlin (AB),Air Berlin,779,02:03,,,,,73C DH4 735,,,"Codeshare",346,3953,214,
- -,MUC,SAW,Air Berlin (AB),Air Berlin,999,02:29,,,,,738 320,,,"Direct",346,4317,214,
- -,MUC,SKG,Air Berlin (AB),Air Berlin,771,02:02,,,,,738,,,"Direct",346,1486,214,
- -,MUC,SMI,Air Berlin (AB),Air Berlin,1057,02:36,,,,,320,,,"Direct",346,1476,214,
- -,MUC,TFS,Air Berlin (AB),Air Berlin,2060,04:37,,,,,738,,,"Direct",346,1056,214,
- -,MUC,TLV,Air Berlin (AB),Air Berlin,1648,03:47,,,,,320,,,"Direct",346,1590,214,
- -,MUC,TXL,Air Berlin (AB),Air Berlin,297,01:05,,,,,738 321 320 319 73G,,,"Direct",346,351,214,
- -,MUC,VIE,Air Berlin (AB),Air Berlin,220,00:56,,,,,E90,,,"Codeshare",346,1613,214,
- -,MUC,ZTH,Air Berlin (AB),Air Berlin,862,02:13,,,,,738,,,"Direct",346,1488,214,
- -,MXP,DUS,Air Berlin (AB),Air Berlin,400,01:18,,,,,73G 738 320,,,"Direct",1524,345,214,
- -,MXP,TXL,Air Berlin (AB),Air Berlin,520,01:32,,,,,738 73G 320,,,"Direct",1524,351,214,
- -,MXP,VIE,Air Berlin (AB),Air Berlin,407,01:18,,,,,E90,,,"Codeshare",1524,1613,214,
- -,NAP,DUS,Air Berlin (AB),Air Berlin,802,02:06,,,,,738 320,,,"Direct",1561,345,214,
- -,NAP,MUC,Air Berlin (AB),Air Berlin,530,01:33,,,,,320 738,,,"Direct",1561,346,214,
- -,NAP,STR,Air Berlin (AB),Air Berlin,593,01:41,,,,,320 738,,,"Direct",1561,350,214,
- -,NAP,TXL,Air Berlin (AB),Air Berlin,807,02:06,,,,,320 73G,,,"Direct",1561,351,214,
- -,NAP,ZRH,Air Berlin (AB),Air Berlin,535,01:34,,,,,320,,,"Direct",1561,1678,214,
- -,NBE,CGN,Air Berlin (AB),Air Berlin,1034,02:34,,,,,738,,,"Direct",7447,344,214,
- -,NBE,DRS,Air Berlin (AB),Air Berlin,1052,02:36,,,,,738,,,"Direct",7447,338,214,
- -,NBE,DUS,Air Berlin (AB),Air Berlin,1066,02:37,,,,,738,,,"Direct",7447,345,214,
- -,NBE,MUC,Air Berlin (AB),Air Berlin,850,02:12,,,,,320,,,"Direct",7447,346,214,
- -,NBE,NUE,Air Berlin (AB),Air Berlin,927,02:21,,,,,738,,,"Direct",7447,347,214,
- -,NBE,TXL,Air Berlin (AB),Air Berlin,1146,02:47,,,,,738,,,"Direct",7447,351,214,
- -,NCE,DUS,Air Berlin (AB),Air Berlin,527,01:33,,,,,319 320 738,,,"Direct",1354,345,214,
- -,NCE,VIE,Air Berlin (AB),Air Berlin,544,01:35,,,,,E90,,,"Codeshare",1354,1613,214,
- -,NUE,AYT,Air Berlin (AB),Air Berlin,1312,03:07,,,,,738,,,"Direct",347,1688,214,
- -,NUE,DJE,Air Berlin (AB),Air Berlin,1078,02:39,,,,,738,,,"Direct",347,293,214,
- -,NUE,DUS,Air Berlin (AB),Air Berlin,226,00:57,,,,,DH4,,,"Direct",347,345,214,
- -,NUE,FUE,Air Berlin (AB),Air Berlin,1957,04:24,,,,,738,,,"Direct",347,1051,214,
- -,NUE,HAM,Air Berlin (AB),Air Berlin,289,01:04,,,,,DH4,,,"Direct",347,342,214,
- -,NUE,HER,Air Berlin (AB),Air Berlin,1209,02:55,,,,,738,,,"Direct",347,1452,214,
- -,NUE,HRG,Air Berlin (AB),Air Berlin,1956,04:24,,,,,738,,,"Direct",347,1130,214,
- -,NUE,IBZ,Air Berlin (AB),Air Berlin,875,02:15,,,,,738,,,"Direct",347,1225,214,
- -,NUE,KGS,Air Berlin (AB),Air Berlin,1187,02:52,,,,,738,,,"Direct",347,1458,214,
- -,NUE,LPA,Air Berlin (AB),Air Berlin,2041,04:34,,,,,738,,,"Direct",347,1054,214,
- -,NUE,NBE,Air Berlin (AB),Air Berlin,927,02:21,,,,,738,,,"Direct",347,7447,214,
- -,NUE,OLB,Air Berlin (AB),Air Berlin,598,01:41,,,,,738,,,"Direct",347,1520,214,
- -,NUE,PMI,Air Berlin (AB),Air Berlin,799,02:05,,,,,738,,,"Direct",347,3998,214,
- -,NUE,RHO,Air Berlin (AB),Air Berlin,1241,02:58,,,,,738,,,"Direct",347,1472,214,
- -,NUE,SAW,Air Berlin (AB),Air Berlin,1063,02:37,,,,,738,,,"Direct",347,4317,214,
- -,NUE,SKG,Air Berlin (AB),Air Berlin,847,02:11,,,,,738,,,"Direct",347,1486,214,
- -,NUE,SMI,Air Berlin (AB),Air Berlin,1132,02:45,,,,,738,,,"Direct",347,1476,214,
- -,NUE,SPU,Air Berlin (AB),Air Berlin,480,01:27,,,,,DH4,,,"Direct",347,1206,214,
- -,NUE,TFS,Air Berlin (AB),Air Berlin,2077,04:39,,,,,738,,,"Direct",347,1056,214,
- -,NUE,TXL,Air Berlin (AB),Air Berlin,232,00:57,,,,,DH4 319,,,"Direct",347,351,214,
- -,NUE,VIE,Air Berlin (AB),Air Berlin,267,01:02,,,,,DH4,,,"Direct",347,1613,214,
- -,OLB,CGN,Air Berlin (AB),Air Berlin,697,01:53,,,,,738,,,"Direct",1520,344,214,
- -,OLB,DUS,Air Berlin (AB),Air Berlin,729,01:57,,,,,738 319,,,"Direct",1520,345,214,
- -,OLB,HAM,Air Berlin (AB),Air Berlin,879,02:15,,,,,320,,,"Direct",1520,342,214,
- -,OLB,MUC,Air Berlin (AB),Air Berlin,526,01:33,,,,,73G 738 320,,,"Direct",1520,346,214,
- -,OLB,NUE,Air Berlin (AB),Air Berlin,598,01:41,,,,,738,,,"Direct",1520,347,214,
- -,OLB,STR,Air Berlin (AB),Air Berlin,538,01:34,,,,,320 738 73G,,,"Direct",1520,350,214,
- -,OLB,TXL,Air Berlin (AB),Air Berlin,824,02:08,,,,,320 73G,,,"Direct",1520,351,214,
- -,OLB,VIE,Air Berlin (AB),Air Berlin,606,01:42,,,,,320,,,"Direct",1520,1613,214,
- -,OLB,ZRH,Air Berlin (AB),Air Berlin,455,01:24,,,,,320 738,,,"Direct",1520,1678,214,
- -,ORD,DUS,Air Berlin (AB),Air Berlin,4215,08:55,,,,,763,,,"Codeshare",3830,345,214,
- -,ORD,TXL,Air Berlin (AB),Air Berlin,4397,09:17,,,,,332,,,"Direct",3830,351,214,
- -,ORY,LHR,Air Berlin (AB),Air Berlin,227,00:57,,,,,319 320,,,"Codeshare",1386,507,214,
- -,ORY,TXL,Air Berlin (AB),Air Berlin,545,01:35,,,,,738 320 319,,,"Direct",1386,351,214,
- -,OSL,TXL,Air Berlin (AB),Air Berlin,529,01:33,,,,,319,,,"Direct",644,351,214,
- -,OTP,TXL,Air Berlin (AB),Air Berlin,801,02:06,,,,,320 73G,,,"Direct",1657,351,214,
- -,PAD,AYT,Air Berlin (AB),Air Berlin,1484,03:28,,,,,738,,,"Direct",371,1688,214,
- -,PAD,IBZ,Air Berlin (AB),Air Berlin,946,02:23,,,,,738,,,"Direct",371,1225,214,
- -,PAD,PMI,Air Berlin (AB),Air Berlin,879,02:15,,,,,738 320,,,"Direct",371,3998,214,
- -,PDL,DUS,Air Berlin (AB),Air Berlin,1830,04:09,,,,,738,,,"Direct",1633,345,214,
- -,PEK,NGO,Air Berlin (AB),Air Berlin,1162,02:49,,,,,332,,,"Codeshare",3364,3942,214,
- -,PEK,TXL,Air Berlin (AB),Air Berlin,4568,09:38,,,,,330,,,"Codeshare",3364,351,214,
- -,PMI,AGP,Air Berlin (AB),Air Berlin,440,01:22,,,,,320 321,,,"Direct",3998,1230,214,
- -,PMI,ALC,Air Berlin (AB),Air Berlin,197,00:53,,,,,321 320,,,"Direct",3998,1212,214,
- -,PMI,BIO,Air Berlin (AB),Air Berlin,390,01:16,,,,,320 738,,,"Direct",3998,1216,214,
- -,PMI,BRE,Air Berlin (AB),Air Berlin,974,02:26,,,,,320 738 319,,,"Direct",3998,353,214,
- -,PMI,BSL,Air Berlin (AB),Air Berlin,604,01:42,,,,,320 738,,,"Direct",3998,1423,214,
- -,PMI,CGN,Air Berlin (AB),Air Berlin,809,02:07,,,,,738 332 320,,,"Direct",3998,344,214,
- -,PMI,CPH,Air Berlin (AB),Air Berlin,1198,02:53,,,,,738,,,"Direct",3998,609,214,
- -,PMI,DRS,Air Berlin (AB),Air Berlin,960,02:25,,,,,738 321,,,"Direct",3998,338,214,
- -,PMI,DTM,Air Berlin (AB),Air Berlin,858,02:12,,,,,738,,,"Direct",3998,373,214,
- -,PMI,DUS,Air Berlin (AB),Air Berlin,833,02:09,,,,,332 321 738 320,,,"Direct",3998,345,214,
- -,PMI,FAO,Air Berlin (AB),Air Berlin,605,01:42,,,,,738 320,,,"Direct",3998,1626,214,
- -,PMI,FDH,Air Berlin (AB),Air Berlin,654,01:48,,,,,320,,,"Direct",3998,382,214,
- -,PMI,FKB,Air Berlin (AB),Air Berlin,689,01:52,,,,,320 321 73G,,,"Direct",3998,4166,214,
- -,PMI,FMO,Air Berlin (AB),Air Berlin,900,02:18,,,,,738 320,,,"Direct",3998,341,214,
- -,PMI,FRA,Air Berlin (AB),Air Berlin,777,02:03,,,,,321 320 332,,,"Direct",3998,340,214,
- -,PMI,GRZ,Air Berlin (AB),Air Berlin,817,02:08,,,,,320,,,"Codeshare",3998,1609,214,
- -,PMI,HAJ,Air Berlin (AB),Air Berlin,950,02:24,,,,,321 738,,,"Direct",3998,352,214,
- -,PMI,HAM,Air Berlin (AB),Air Berlin,1029,02:33,,,,,738 320 332 319,,,"Direct",3998,342,214,
- -,PMI,IBZ,Air Berlin (AB),Air Berlin,86,00:40,,,,,320 738,,,"Direct",3998,1225,214,
- -,PMI,INN,Air Berlin (AB),Air Berlin,684,01:52,,,,,320,,,"Codeshare",3998,1610,214,
- -,PMI,LEI,Air Berlin (AB),Air Berlin,334,01:10,,,,,738,,,"Direct",3998,1213,214,
- -,PMI,LEJ,Air Berlin (AB),Air Berlin,938,02:22,,,,,738 320,,,"Direct",3998,348,214,
- -,PMI,LNZ,Air Berlin (AB),Air Berlin,825,02:09,,,,,320,,,"Codeshare",3998,1611,214,
- -,PMI,MAH,Air Berlin (AB),Air Berlin,81,00:39,,,,,320 319,,,"Direct",3998,1231,214,
- -,PMI,MUC,Air Berlin (AB),Air Berlin,755,02:00,,,,,320 321 738,,,"Direct",3998,346,214,
- -,PMI,NUE,Air Berlin (AB),Air Berlin,799,02:05,,,,,738,,,"Direct",3998,347,214,
- -,PMI,PAD,Air Berlin (AB),Air Berlin,879,02:15,,,,,320 738,,,"Direct",3998,371,214,
- -,PMI,SCN,Air Berlin (AB),Air Berlin,700,01:54,,,,,73G 738 320,,,"Direct",3998,349,214,
- -,PMI,STR,Air Berlin (AB),Air Berlin,707,01:54,,,,,332 738 321 320,,,"Direct",3998,350,214,
- -,PMI,SVQ,Air Berlin (AB),Air Berlin,489,01:28,,,,,738,,,"Direct",3998,1253,214,
- -,PMI,SZG,Air Berlin (AB),Air Berlin,764,02:01,,,,,320,,,"Codeshare",3998,1612,214,
- -,PMI,TXL,Air Berlin (AB),Air Berlin,1028,02:33,,,,,321 738 320,,,"Direct",3998,351,214,
- -,PMI,VIE,Air Berlin (AB),Air Berlin,905,02:18,,,,,321 320,,,"Direct",3998,1613,214,
- -,PMI,VLC,Air Berlin (AB),Air Berlin,171,00:50,,,,,738 320 73G,,,"Direct",3998,1246,214,
- -,PMI,XRY,Air Berlin (AB),Air Berlin,515,01:31,,,,,320,,,"Direct",3998,1226,214,
- -,PMI,ZRH,Air Berlin (AB),Air Berlin,618,01:44,,,,,738 320 332 321,,,"Direct",3998,1678,214,
- -,POP,DUS,Air Berlin (AB),Air Berlin,4617,09:44,,,,,332,,,"Direct",1761,345,214,
- -,PUJ,DUS,Air Berlin (AB),Air Berlin,4584,09:40,,,,,332,,,"Direct",1760,345,214,
- -,PUJ,MUC,Air Berlin (AB),Air Berlin,4818,10:08,,,,,332,,,"Direct",1760,346,214,
- -,PVK,DUS,Air Berlin (AB),Air Berlin,1089,02:40,,,,,321,,,"Direct",1470,345,214,
- -,PVK,MUC,Air Berlin (AB),Air Berlin,789,02:04,,,,,320,,,"Direct",1470,346,214,
- -,PVK,VIE,Air Berlin (AB),Air Berlin,667,01:50,,,,,E90,,,"Direct",1470,1613,214,
- -,RHO,DRS,Air Berlin (AB),Air Berlin,1237,02:58,,,,,738,,,"Direct",1472,338,214,
- -,RHO,DUS,Air Berlin (AB),Air Berlin,1467,03:26,,,,,738,,,"Direct",1472,345,214,
- -,RHO,MUC,Air Berlin (AB),Air Berlin,1166,02:49,,,,,738,,,"Direct",1472,346,214,
- -,RHO,NUE,Air Berlin (AB),Air Berlin,1241,02:58,,,,,738,,,"Direct",1472,347,214,
- -,RHO,TXL,Air Berlin (AB),Air Berlin,1326,03:09,,,,,320,,,"Direct",1472,351,214,
- -,RHO,VIE,Air Berlin (AB),Air Berlin,997,02:29,,,,,320 E90,,,"Direct",1472,1613,214,
- -,RIX,DUS,Air Berlin (AB),Air Berlin,794,02:05,,,,,DH4,,,"Codeshare",3953,345,214,
- -,RIX,FRA,Air Berlin (AB),Air Berlin,788,02:04,,,,,735 DH4 73C,,,"Codeshare",3953,340,214,
- -,RIX,HAM,Air Berlin (AB),Air Berlin,593,01:41,,,,,DH4 735,,,"Codeshare",3953,342,214,
- -,RIX,MUC,Air Berlin (AB),Air Berlin,779,02:03,,,,,73C DH4 735,,,"Codeshare",3953,346,214,
- -,RIX,TXL,Air Berlin (AB),Air Berlin,520,01:32,,,,,DH4 735,,,"Codeshare",3953,351,214,
- -,RMF,DUS,Air Berlin (AB),Air Berlin,2300,05:06,,,,,321,,,"Direct",4197,345,214,
- -,RSW,DUS,Air Berlin (AB),Air Berlin,4744,09:59,,,,,332,,,"Direct",3793,345,214,
- -,SAW,CGN,Air Berlin (AB),Air Berlin,1260,03:01,,,,,738,,,"Direct",4317,344,214,
- -,SAW,DUS,Air Berlin (AB),Air Berlin,1287,03:04,,,,,738,,,"Direct",4317,345,214,
- -,SAW,MUC,Air Berlin (AB),Air Berlin,999,02:29,,,,,738 320,,,"Direct",4317,346,214,
- -,SAW,NUE,Air Berlin (AB),Air Berlin,1063,02:37,,,,,738,,,"Direct",4317,347,214,
- -,SAW,STR,Air Berlin (AB),Air Berlin,1116,02:43,,,,,320 738,,,"Direct",4317,350,214,
- -,SAW,SXF,Air Berlin (AB),Air Berlin,1085,02:40,,,,,738,,,"Direct",4317,337,214,
- -,SCN,PMI,Air Berlin (AB),Air Berlin,700,01:54,,,,,73G 738 320,,,"Direct",349,3998,214,
- -,SCN,TXL,Air Berlin (AB),Air Berlin,354,01:12,,,,,73G 320,,,"Direct",349,351,214,
- -,SIN,AUH,Air Berlin (AB),Air Berlin,3655,07:48,,,,,332,,,"Codeshare",3316,2179,214,
- -,SIN,BNE,Air Berlin (AB),Air Berlin,3814,08:07,,,,,332,,,"Codeshare",3316,3320,214,
- -,SKG,DUS,Air Berlin (AB),Air Berlin,1072,02:38,,,,,321,,,"Direct",1486,345,214,
- -,SKG,HAM,Air Berlin (AB),Air Berlin,1088,02:40,,,,,320,,,"Direct",1486,342,214,
- -,SKG,MUC,Air Berlin (AB),Air Berlin,771,02:02,,,,,738,,,"Direct",1486,346,214,
- -,SKG,NUE,Air Berlin (AB),Air Berlin,847,02:11,,,,,738,,,"Direct",1486,347,214,
- -,SKG,STR,Air Berlin (AB),Air Berlin,878,02:15,,,,,738,,,"Direct",1486,350,214,
- -,SKG,TXL,Air Berlin (AB),Air Berlin,948,02:23,,,,,319,,,"Direct",1486,351,214,
- -,SKG,VIE,Air Berlin (AB),Air Berlin,611,01:43,,,,,E90,,,"Direct",1486,1613,214,
- -,SMI,DUS,Air Berlin (AB),Air Berlin,1357,03:12,,,,,320,,,"Direct",1476,345,214,
- -,SMI,MUC,Air Berlin (AB),Air Berlin,1057,02:36,,,,,320,,,"Direct",1476,346,214,
- -,SMI,NUE,Air Berlin (AB),Air Berlin,1132,02:45,,,,,738,,,"Direct",1476,347,214,
- -,SMI,TXL,Air Berlin (AB),Air Berlin,1218,02:56,,,,,320,,,"Direct",1476,351,214,
- -,SOF,TXL,Air Berlin (AB),Air Berlin,826,02:09,,,,,73G,,,"Direct",1194,351,214,
- -,SPC,DUS,Air Berlin (AB),Air Berlin,2013,04:31,,,,,321,,,"Direct",1053,345,214,
- -,SPU,NUE,Air Berlin (AB),Air Berlin,480,01:27,,,,,DH4,,,"Direct",1206,347,214,
- -,STN,DUS,Air Berlin (AB),Air Berlin,283,01:03,,,,,DH4,,,"Direct",548,345,214,
- -,STR,AGP,Air Berlin (AB),Air Berlin,1079,02:39,,,,,320 738,,,"Direct",350,1230,214,
- -,STR,ALC,Air Berlin (AB),Air Berlin,868,02:14,,,,,320 738,,,"Direct",350,1212,214,
- -,STR,AYT,Air Berlin (AB),Air Berlin,1355,03:12,,,,,738 320,,,"Direct",350,1688,214,
- -,STR,BEG,Air Berlin (AB),Air Berlin,587,01:40,,,,,733 319,,,"Direct",350,1739,214,
- -,STR,CTA,Air Berlin (AB),Air Berlin,828,02:09,,,,,738 320,,,"Direct",350,1509,214,
- -,STR,DUS,Air Berlin (AB),Air Berlin,209,00:55,,,,,DH4,,,"Direct",350,345,214,
- -,STR,FLR,Air Berlin (AB),Air Berlin,349,01:11,,,,,DH4,,,"Direct",350,1563,214,
- -,STR,GWT,Air Berlin (AB),Air Berlin,431,01:21,,,,,DH4 73G,,,"Direct",350,410,214,
- -,STR,HAJ,Air Berlin (AB),Air Berlin,261,01:01,,,,,DH4,,,"Direct",350,352,214,
- -,STR,HAM,Air Berlin (AB),Air Berlin,342,01:11,,,,,320 738,,,"Direct",350,342,214,
- -,STR,IBZ,Air Berlin (AB),Air Berlin,781,02:03,,,,,738 320,,,"Direct",350,1225,214,
- -,STR,JER,Air Berlin (AB),Air Berlin,518,01:32,,,,,DH4,,,"Direct",350,499,214,
- -,STR,LHR,Air Berlin (AB),Air Berlin,469,01:26,,,,,319 321 320,,,"Codeshare",350,507,214,
- -,STR,NAP,Air Berlin (AB),Air Berlin,593,01:41,,,,,320 738,,,"Direct",350,1561,214,
- -,STR,OLB,Air Berlin (AB),Air Berlin,538,01:34,,,,,320 738 73G,,,"Direct",350,1520,214,
- -,STR,PMI,Air Berlin (AB),Air Berlin,707,01:54,,,,,321 332 738 320,,,"Direct",350,3998,214,
- -,STR,SAW,Air Berlin (AB),Air Berlin,1116,02:43,,,,,320,,,"Direct",350,4317,214,
- -,STR,SKG,Air Berlin (AB),Air Berlin,878,02:15,,,,,738,,,"Direct",350,1486,214,
- -,STR,TXL,Air Berlin (AB),Air Berlin,321,01:08,,,,,738 320 73G 321 DH4 319,,,"Direct",350,351,214,
- -,STR,VCE,Air Berlin (AB),Air Berlin,264,01:01,,,,,320 73G,,,"Direct",350,1551,214,
- -,SUF,ZRH,Air Berlin (AB),Air Berlin,705,01:54,,,,,320,,,"Direct",1508,1678,214,
- -,SVQ,PMI,Air Berlin (AB),Air Berlin,489,01:28,,,,,738,,,"Direct",1253,3998,214,
- -,SXF,SAW,Air Berlin (AB),Air Berlin,1085,02:40,,,,,738,,,"Direct",337,4317,214,
- -,SZG,ACE,Air Berlin (AB),Air Berlin,1923,04:20,,,,,320,,,"Direct",1612,1055,214,
- -,SZG,CLY,Air Berlin (AB),Air Berlin,417,01:20,,,,,320,,,"Direct",1612,1322,214,
- -,SZG,DUS,Air Berlin (AB),Air Berlin,369,01:14,,,,,DH4,,,"Direct",1612,345,214,
- -,SZG,HAM,Air Berlin (AB),Air Berlin,424,01:20,,,,,320 319,,,"Direct",1612,342,214,
- -,SZG,HER,Air Berlin (AB),Air Berlin,1062,02:37,,,,,321,,,"Direct",1612,1452,214,
- -,SZG,LGW,Air Berlin (AB),Air Berlin,634,01:46,,,,,734,,,"Codeshare",1612,502,214,
- -,SZG,LPA,Air Berlin (AB),Air Berlin,2046,04:35,,,,,320,,,"Direct",1612,1054,214,
- -,SZG,PMI,Air Berlin (AB),Air Berlin,764,02:01,,,,,320,,,"Codeshare",1612,3998,214,
- -,SZG,TFS,Air Berlin (AB),Air Berlin,2088,04:40,,,,,320,,,"Direct",1612,1056,214,
- -,SZG,TXL,Air Berlin (AB),Air Berlin,329,01:09,,,,,319,,,"Direct",1612,351,214,
- -,SZG,VIE,Air Berlin (AB),Air Berlin,166,00:49,,,,,320,,,"Direct",1612,1613,214,
- -,TFS,BSL,Air Berlin (AB),Air Berlin,1869,04:14,,,,,320,,,"Direct",1056,1423,214,
- -,TFS,CGN,Air Berlin (AB),Air Berlin,2002,04:30,,,,,738,,,"Direct",1056,344,214,
- -,TFS,DRS,Air Berlin (AB),Air Berlin,2239,04:58,,,,,738,,,"Direct",1056,338,214,
- -,TFS,DUS,Air Berlin (AB),Air Berlin,2010,04:31,,,,,332 738 321,,,"Direct",1056,345,214,
- -,TFS,GRZ,Air Berlin (AB),Air Berlin,2162,04:49,,,,,320,,,"Direct",1056,1609,214,
- -,TFS,HAM,Air Berlin (AB),Air Berlin,2219,04:56,,,,,320,,,"Direct",1056,342,214,
- -,TFS,LEJ,Air Berlin (AB),Air Berlin,2196,04:53,,,,,738,,,"Direct",1056,348,214,
- -,TFS,MUC,Air Berlin (AB),Air Berlin,2060,04:37,,,,,738,,,"Direct",1056,346,214,
- -,TFS,NUE,Air Berlin (AB),Air Berlin,2077,04:39,,,,,738,,,"Direct",1056,347,214,
- -,TFS,SZG,Air Berlin (AB),Air Berlin,2088,04:40,,,,,320,,,"Direct",1056,1612,214,
- -,TFS,TXL,Air Berlin (AB),Air Berlin,2279,05:03,,,,,321,,,"Direct",1056,351,214,
- -,TFS,VIE,Air Berlin (AB),Air Berlin,2243,04:59,,,,,320,,,"Direct",1056,1613,214,
- -,TFS,ZRH,Air Berlin (AB),Air Berlin,1901,04:18,,,,,320,,,"Direct",1056,1678,214,
- -,TLV,DUS,Air Berlin (AB),Air Berlin,1947,04:23,,,,,321 738,,,"Direct",1590,345,214,
- -,TLV,MUC,Air Berlin (AB),Air Berlin,1648,03:47,,,,,320,,,"Direct",1590,346,214,
- -,TLV,TXL,Air Berlin (AB),Air Berlin,1782,04:03,,,,,320 321 738,,,"Direct",1590,351,214,
- -,TXL,ACE,Air Berlin (AB),Air Berlin,2128,04:45,,,,,321,,,"Direct",351,1055,214,
- -,TXL,AGP,Air Berlin (AB),Air Berlin,1394,03:17,,,,,321,,,"Direct",351,1230,214,
- -,TXL,ALC,Air Berlin (AB),Air Berlin,1188,02:52,,,,,320 73G,,,"Direct",351,1212,214,
- -,TXL,AMM,Air Berlin (AB),Air Berlin,1833,04:09,,,,,320 319,,,"Codeshare",351,2170,214,
- -,TXL,ARN,Air Berlin (AB),Air Berlin,520,01:32,,,,,738 320 321 319,,,"Direct",351,737,214,
- -,TXL,AUH,Air Berlin (AB),Air Berlin,2896,06:17,,,,,332,,,"Direct",351,2179,214,
- -,TXL,AYT,Air Berlin (AB),Air Berlin,1373,03:14,,,,,320 321 738,,,"Direct",351,1688,214,
- -,TXL,BCN,Air Berlin (AB),Air Berlin,937,02:22,,,,,738 320 321,,,"Direct",351,1218,214,
- -,TXL,BEG,Air Berlin (AB),Air Berlin,622,01:44,,,,,319,,,"Direct",351,1739,214,
- -,TXL,BRI,Air Berlin (AB),Air Berlin,805,02:06,,,,,738 320,,,"Direct",351,1501,214,
- -,TXL,BUD,Air Berlin (AB),Air Berlin,442,01:23,,,,,73G 319,,,"Direct",351,1489,214,
- -,TXL,CFU,Air Berlin (AB),Air Berlin,948,02:23,,,,,320 321,,,"Direct",351,1460,214,
- -,TXL,CGN,Air Berlin (AB),Air Berlin,287,01:04,,,,,321 738 73G 320 319,,,"Direct",351,344,214,
- -,TXL,CPH,Air Berlin (AB),Air Berlin,212,00:55,,,,,319 73G 738,,,"Direct",351,609,214,
- -,TXL,CTA,Air Berlin (AB),Air Berlin,1045,02:35,,,,,321 320 738,,,"Direct",351,1509,214,
- -,TXL,DME,Air Berlin (AB),Air Berlin,1013,02:31,,,,,738,,,"Direct",351,4029,214,
- -,TXL,DUS,Air Berlin (AB),Air Berlin,291,01:04,,,,,738 319 73G 320 321 DH4,,,"Direct",351,345,214,
- -,TXL,FAO,Air Berlin (AB),Air Berlin,1484,03:28,,,,,321 320,,,"Direct",351,1626,214,
- -,TXL,FCO,Air Berlin (AB),Air Berlin,744,01:59,,,,,320 738 73G,,,"Direct",351,1555,214,
- -,TXL,FKB,Air Berlin (AB),Air Berlin,346,01:11,,,,,73G 319 DH4,,,"Direct",351,4166,214,
- -,TXL,FNC,Air Berlin (AB),Air Berlin,2026,04:33,,,,,332 321,,,"Direct",351,4091,214,
- -,TXL,FRA,Air Berlin (AB),Air Berlin,268,01:02,,,,,738 73G 319 320 DH4,,,"Direct",351,340,214,
- -,TXL,FUE,Air Berlin (AB),Air Berlin,2165,04:49,,,,,321 738,,,"Direct",351,1051,214,
- -,TXL,GDN,Air Berlin (AB),Air Berlin,247,00:59,,,,,DH4,,,"Direct",351,668,214,
- -,TXL,GOT,Air Berlin (AB),Air Berlin,354,01:12,,,,,73G,,,"Direct",351,687,214,
- -,TXL,GRZ,Air Berlin (AB),Air Berlin,396,01:17,,,,,319,,,"Direct",351,1609,214,
- -,TXL,GWT,Air Berlin (AB),Air Berlin,259,01:01,,,,,DH4,,,"Direct",351,410,214,
- -,TXL,HEL,Air Berlin (AB),Air Berlin,694,01:53,,,,,738 73G,,,"Direct",351,421,214,
- -,TXL,HER,Air Berlin (AB),Air Berlin,1323,03:08,,,,,738 321,,,"Direct",351,1452,214,
- -,TXL,HRG,Air Berlin (AB),Air Berlin,2046,04:35,,,,,321,,,"Direct",351,1130,214,
- -,TXL,IBZ,Air Berlin (AB),Air Berlin,1102,02:42,,,,,738 321,,,"Direct",351,1225,214,
- -,TXL,JFK,Air Berlin (AB),Air Berlin,3954,08:24,,,,,332,,,"Direct",351,3797,214,
- -,TXL,KGD,Air Berlin (AB),Air Berlin,338,01:10,,,,,DH4,,,"Direct",351,2952,214,
- -,TXL,KGS,Air Berlin (AB),Air Berlin,1277,03:03,,,,,320 738,,,"Direct",351,1458,214,
- -,TXL,KRK,Air Berlin (AB),Air Berlin,328,01:09,,,,,319 DH4 73G,,,"Direct",351,669,214,
- -,TXL,LED,Air Berlin (AB),Air Berlin,818,02:08,,,,,738 73G,,,"Direct",351,2948,214,
- -,TXL,LHR,Air Berlin (AB),Air Berlin,588,01:40,,,,,320 321 319,,,"Codeshare",351,507,214,
- -,TXL,LPA,Air Berlin (AB),Air Berlin,2245,04:59,,,,,321 320,,,"Direct",351,1054,214,
- -,TXL,MAD,Air Berlin (AB),Air Berlin,1151,02:48,,,,,738 320,,,"Direct",351,1229,214,
- -,TXL,MAH,Air Berlin (AB),Air Berlin,976,02:27,,,,,738,,,"Direct",351,1231,214,
- -,TXL,MIA,Air Berlin (AB),Air Berlin,4962,10:25,,,,,332,,,"Direct",351,3576,214,
- -,TXL,MUC,Air Berlin (AB),Air Berlin,297,01:05,,,,,321 738 320 319 73G,,,"Direct",351,346,214,
- -,TXL,MXP,Air Berlin (AB),Air Berlin,520,01:32,,,,,738 73G 320,,,"Direct",351,1524,214,
- -,TXL,NAP,Air Berlin (AB),Air Berlin,807,02:06,,,,,320 73G,,,"Direct",351,1561,214,
- -,TXL,NBE,Air Berlin (AB),Air Berlin,1146,02:47,,,,,738,,,"Direct",351,7447,214,
- -,TXL,NUE,Air Berlin (AB),Air Berlin,232,00:57,,,,,319 DH4,,,"Direct",351,347,214,
- -,TXL,OLB,Air Berlin (AB),Air Berlin,824,02:08,,,,,320 73G,,,"Direct",351,1520,214,
- -,TXL,ORD,Air Berlin (AB),Air Berlin,4397,09:17,,,,,332,,,"Direct",351,3830,214,
- -,TXL,ORY,Air Berlin (AB),Air Berlin,545,01:35,,,,,738 320 319,,,"Direct",351,1386,214,
- -,TXL,OSL,Air Berlin (AB),Air Berlin,529,01:33,,,,,319,,,"Direct",351,644,214,
- -,TXL,OTP,Air Berlin (AB),Air Berlin,801,02:06,,,,,320 73G,,,"Direct",351,1657,214,
- -,TXL,PEK,Air Berlin (AB),Air Berlin,4568,09:38,,,,,330,,,"Codeshare",351,3364,214,
- -,TXL,PMI,Air Berlin (AB),Air Berlin,1028,02:33,,,,,320 321 738,,,"Direct",351,3998,214,
- -,TXL,RHO,Air Berlin (AB),Air Berlin,1326,03:09,,,,,320,,,"Direct",351,1472,214,
- -,TXL,RIX,Air Berlin (AB),Air Berlin,520,01:32,,,,,DH4 735,,,"Codeshare",351,3953,214,
- -,TXL,SCN,Air Berlin (AB),Air Berlin,354,01:12,,,,,73G 320,,,"Direct",351,349,214,
- -,TXL,SKG,Air Berlin (AB),Air Berlin,948,02:23,,,,,319,,,"Direct",351,1486,214,
- -,TXL,SMI,Air Berlin (AB),Air Berlin,1218,02:56,,,,,320,,,"Direct",351,1476,214,
- -,TXL,SOF,Air Berlin (AB),Air Berlin,826,02:09,,,,,73G,,,"Direct",351,1194,214,
- -,TXL,STR,Air Berlin (AB),Air Berlin,321,01:08,,,,,320 738 73G 321 DH4 319,,,"Direct",351,350,214,
- -,TXL,SZG,Air Berlin (AB),Air Berlin,329,01:09,,,,,319,,,"Direct",351,1612,214,
- -,TXL,TFS,Air Berlin (AB),Air Berlin,2279,05:03,,,,,321,,,"Direct",351,1056,214,
- -,TXL,TLV,Air Berlin (AB),Air Berlin,1782,04:03,,,,,321 738 320,,,"Direct",351,1590,214,
- -,TXL,VCE,Air Berlin (AB),Air Berlin,488,01:28,,,,,320 738 73G,,,"Direct",351,1551,214,
- -,TXL,VIE,Air Berlin (AB),Air Berlin,339,01:10,,,,,321 320 E90,,,"Direct",351,1613,214,
- -,TXL,WAW,Air Berlin (AB),Air Berlin,324,01:08,,,,,DH4 319,,,"Direct",351,679,214,
- -,TXL,ZRH,Air Berlin (AB),Air Berlin,409,01:19,,,,,738 319 321 320 73G,,,"Direct",351,1678,214,
- -,VCE,DUS,Air Berlin (AB),Air Berlin,474,01:26,,,,,738 320 321,,,"Direct",1551,345,214,
- -,VCE,STR,Air Berlin (AB),Air Berlin,264,01:01,,,,,320 73G,,,"Direct",1551,350,214,
- -,VCE,TXL,Air Berlin (AB),Air Berlin,488,01:28,,,,,320 738 73G,,,"Direct",1551,351,214,
- -,VIE,ACE,Air Berlin (AB),Air Berlin,2076,04:39,,,,,321,,,"Direct",1613,1055,214,
- -,VIE,AGP,Air Berlin (AB),Air Berlin,1326,03:09,,,,,321 320,,,"Codeshare",1613,1230,214,
- -,VIE,AMM,Air Berlin (AB),Air Berlin,1520,03:32,,,,,320 319,,,"Codeshare",1613,2170,214,
- -,VIE,ARN,Air Berlin (AB),Air Berlin,798,02:05,,,,,E90,,,"Codeshare",1613,737,214,
- -,VIE,BCN,Air Berlin (AB),Air Berlin,850,02:12,,,,,320 321,,,"Codeshare",1613,1218,214,
- -,VIE,CDG,Air Berlin (AB),Air Berlin,642,01:47,,,,,320,,,"Codeshare",1613,1382,214,
- -,VIE,CFU,Air Berlin (AB),Air Berlin,610,01:43,,,,,320,,,"Direct",1613,1460,214,
- -,VIE,CHQ,Air Berlin (AB),Air Berlin,951,02:24,,,,,320,,,"Direct",1613,1474,214,
- -,VIE,CPH,Air Berlin (AB),Air Berlin,544,01:35,,,,,E90,,,"Codeshare",1613,609,214,
- -,VIE,DUS,Air Berlin (AB),Air Berlin,489,01:28,,,,,321 738 E90 320 319,,,"Direct",1613,345,214,
- -,VIE,FCO,Air Berlin (AB),Air Berlin,484,01:28,,,,,E90,,,"Direct",1613,1555,214,
- -,VIE,FLR,Air Berlin (AB),Air Berlin,392,01:17,,,,,DH4,,,"Codeshare",1613,1563,214,
- -,VIE,FNC,Air Berlin (AB),Air Berlin,2027,04:33,,,,,321,,,"Direct",1613,4091,214,
- -,VIE,FRA,Air Berlin (AB),Air Berlin,385,01:16,,,,,E90 320,,,"Codeshare",1613,340,214,
- -,VIE,HAJ,Air Berlin (AB),Air Berlin,426,01:21,,,,,320 E90,,,"Direct",1613,352,214,
- -,VIE,HAM,Air Berlin (AB),Air Berlin,476,01:27,,,,,E90 320 321,,,"Direct",1613,342,214,
- -,VIE,HEL,Air Berlin (AB),Air Berlin,906,02:18,,,,,320 319 E90,,,"Codeshare",1613,421,214,
- -,VIE,HER,Air Berlin (AB),Air Berlin,985,02:28,,,,,320 321,,,"Direct",1613,1452,214,
- -,VIE,JMK,Air Berlin (AB),Air Berlin,859,02:13,,,,,320 321,,,"Direct",1613,1468,214,
- -,VIE,JTR,Air Berlin (AB),Air Berlin,926,02:21,,,,,321 320 E90,,,"Direct",1613,1479,214,
- -,VIE,KLX,Air Berlin (AB),Air Berlin,810,02:07,,,,,320 E90,,,"Direct",1613,1456,214,
- -,VIE,LCA,Air Berlin (AB),Air Berlin,1264,03:01,,,,,320,,,"Direct",1613,1197,214,
- -,VIE,LHR,Air Berlin (AB),Air Berlin,791,02:04,,,,,320,,,"Codeshare",1613,507,214,
- -,VIE,LPA,Air Berlin (AB),Air Berlin,2200,04:54,,,,,320,,,"Direct",1613,1054,214,
- -,VIE,MAD,Air Berlin (AB),Air Berlin,1121,02:44,,,,,320 321,,,"Direct",1613,1229,214,
- -,VIE,MLA,Air Berlin (AB),Air Berlin,852,02:12,,,,,E90,,,"Direct",1613,1606,214,
- -,VIE,MUC,Air Berlin (AB),Air Berlin,220,00:56,,,,,E90,,,"Codeshare",1613,346,214,
- -,VIE,MXP,Air Berlin (AB),Air Berlin,407,01:18,,,,,E90,,,"Codeshare",1613,1524,214,
- -,VIE,NCE,Air Berlin (AB),Air Berlin,544,01:35,,,,,E90,,,"Codeshare",1613,1354,214,
- -,VIE,NUE,Air Berlin (AB),Air Berlin,267,01:02,,,,,DH4,,,"Direct",1613,347,214,
- -,VIE,OLB,Air Berlin (AB),Air Berlin,606,01:42,,,,,320,,,"Direct",1613,1520,214,
- -,VIE,PMI,Air Berlin (AB),Air Berlin,905,02:18,,,,,321 320,,,"Direct",1613,3998,214,
- -,VIE,PVK,Air Berlin (AB),Air Berlin,667,01:50,,,,,E90,,,"Direct",1613,1470,214,
- -,VIE,RHO,Air Berlin (AB),Air Berlin,997,02:29,,,,,320 E90,,,"Direct",1613,1472,214,
- -,VIE,SKG,Air Berlin (AB),Air Berlin,611,01:43,,,,,E90,,,"Direct",1613,1486,214,
- -,VIE,SZG,Air Berlin (AB),Air Berlin,166,00:49,,,,,320,,,"Direct",1613,1612,214,
- -,VIE,TFS,Air Berlin (AB),Air Berlin,2243,04:59,,,,,320,,,"Direct",1613,1056,214,
- -,VIE,TXL,Air Berlin (AB),Air Berlin,339,01:10,,,,,321 320 E90,,,"Direct",1613,351,214,
- -,VIE,VLC,Air Berlin (AB),Air Berlin,1033,02:33,,,,,320,,,"Codeshare",1613,1246,214,
- -,VIE,VOL,Air Berlin (AB),Air Berlin,687,01:52,,,,,320,,,"Direct",1613,1448,214,
- -,VIE,ZRH,Air Berlin (AB),Air Berlin,374,01:14,,,,,321 E90 320,,,"Codeshare",1613,1678,214,
- -,VIE,ZTH,Air Berlin (AB),Air Berlin,747,01:59,,,,,320 E90,,,"Direct",1613,1488,214,
- -,VLC,PMI,Air Berlin (AB),Air Berlin,171,00:50,,,,,738 320 73G,,,"Direct",1246,3998,214,
- -,VLC,VIE,Air Berlin (AB),Air Berlin,1033,02:33,,,,,320,,,"Codeshare",1246,1613,214,
- -,VOL,VIE,Air Berlin (AB),Air Berlin,687,01:52,,,,,320,,,"Direct",1448,1613,214,
- -,VRA,DUS,Air Berlin (AB),Air Berlin,4911,10:19,,,,,332,,,"Direct",1923,345,214,
- -,WAW,TXL,Air Berlin (AB),Air Berlin,324,01:08,,,,,319 DH4,,,"Direct",679,351,214,
- -,XRY,PMI,Air Berlin (AB),Air Berlin,515,01:31,,,,,320,,,"Direct",1226,3998,214,
- -,ZRH,ACE,Air Berlin (AB),Air Berlin,1742,03:59,,,,,320,,,"Direct",1678,1055,214,
- -,ZRH,ALC,Air Berlin (AB),Air Berlin,782,02:03,,,,,320 321,,,"Direct",1678,1212,214,
- -,ZRH,BDS,Air Berlin (AB),Air Berlin,661,01:49,,,,,320,,,"Direct",1678,1506,214,
- -,ZRH,CTA,Air Berlin (AB),Air Berlin,765,02:01,,,,,320 319,,,"Direct",1678,1509,214,
- -,ZRH,DUS,Air Berlin (AB),Air Berlin,275,01:03,,,,,319 738 320 73G,,,"Direct",1678,345,214,
- -,ZRH,FNC,Air Berlin (AB),Air Berlin,1669,03:50,,,,,320,,,"Direct",1678,4091,214,
- -,ZRH,FUE,Air Berlin (AB),Air Berlin,1779,04:03,,,,,320,,,"Direct",1678,1051,214,
- -,ZRH,GWT,Air Berlin (AB),Air Berlin,514,01:31,,,,,73G DH4,,,"Direct",1678,410,214,
- -,ZRH,HEL,Air Berlin (AB),Air Berlin,1104,02:42,,,,,319,,,"Direct",1678,421,214,
- -,ZRH,HER,Air Berlin (AB),Air Berlin,1196,02:53,,,,,320 319,,,"Direct",1678,1452,214,
- -,ZRH,IBZ,Air Berlin (AB),Air Berlin,694,01:53,,,,,320,,,"Direct",1678,1225,214,
- -,ZRH,LCY,Air Berlin (AB),Air Berlin,471,01:26,,,,,E90 E70,,,"Codeshare",1678,503,214,
- -,ZRH,LHR,Air Berlin (AB),Air Berlin,489,01:28,,,,,320 319 321,,,"Codeshare",1678,507,214,
- -,ZRH,LPA,Air Berlin (AB),Air Berlin,1863,04:13,,,,,320,,,"Direct",1678,1054,214,
- -,ZRH,MAD,Air Berlin (AB),Air Berlin,770,02:02,,,,,319,,,"Codeshare",1678,1229,214,
- -,ZRH,NAP,Air Berlin (AB),Air Berlin,535,01:34,,,,,320,,,"Direct",1678,1561,214,
- -,ZRH,OLB,Air Berlin (AB),Air Berlin,455,01:24,,,,,320 738,,,"Direct",1678,1520,214,
- -,ZRH,PMI,Air Berlin (AB),Air Berlin,618,01:44,,,,,738 320 332 321,,,"Direct",1678,3998,214,
- -,ZRH,SUF,Air Berlin (AB),Air Berlin,705,01:54,,,,,320,,,"Direct",1678,1508,214,
- -,ZRH,TFS,Air Berlin (AB),Air Berlin,1901,04:18,,,,,320,,,"Direct",1678,1056,214,
- -,ZRH,TXL,Air Berlin (AB),Air Berlin,409,01:19,,,,,319 738 321 320 73G,,,"Direct",1678,351,214,
- -,ZRH,VIE,Air Berlin (AB),Air Berlin,374,01:14,,,,,321 E90 320,,,"Codeshare",1678,1613,214,
- -,ZTH,DUS,Air Berlin (AB),Air Berlin,1160,02:49,,,,,738,,,"Direct",1488,345,214,
- -,ZTH,MUC,Air Berlin (AB),Air Berlin,862,02:13,,,,,738,,,"Direct",1488,346,214,
- -,ZTH,VIE,Air Berlin (AB),Air Berlin,747,01:59,,,,,320 E90,,,"Direct",1488,1613,214,