﻿Date,From,To,Flight_Number,Airline,Distance,Duration,Seat,Seat_Type,Class,Reason,Plane,Registration,Trip,Note,From_OID,To_OID,Airline_OID,Plane_OID
- -,AYT,ADA,Pegasus Airlines (PC),Pegasus Airlines,247,00:59,,,,,738,,,"Direct",1688,1685,3926,
- -,AYT,ADA,SunExpress (XQ),SunExpress,247,00:59,,,,,738,,,"Direct",1688,1685,4573,
- -,AYT,ADB,Pegasus Airlines (PC),Pegasus Airlines,221,00:56,,,,,738,,,"Direct",1688,1706,3926,
- -,AYT,ADB,SunExpress (XQ),SunExpress,221,00:56,,,,,738,,,"Direct",1688,1706,4573,
- -,AYT,AMS,Transavia Holland (HV),Transavia Holland,1648,03:47,,,,,73H,,,"Direct",1688,580,5039,
- -,AYT,AMS,Pegasus Airlines (PC),Pegasus Airlines,1648,03:47,,,,,738,,,"Direct",1688,580,3926,
- -,AYT,BGO,Norwegian Air Shuttle (DY),Norwegian Air Shuttle,1967,04:26,,,,,73H,,,"Direct",1688,636,3737,
- -,AYT,BGW,Turkish Airlines (TK),Turkish Airlines,798,02:05,,,,,738,,,"Direct",1688,4130,4951,
- -,AYT,BHX,Transavia France (TO),Transavia France,1900,04:18,,,,,75W,,,"Direct",1688,469,8745,
- -,AYT,BHX,Thomsonfly (BY),Thomsonfly,1900,04:18,,,,,73H,,,"Direct",1688,469,5013,
- -,AYT,BLL,Pegasus Airlines (PC),Pegasus Airlines,1646,03:47,,,,,738,,,"Direct",1688,608,3926,
- -,AYT,BRE,Germania (ST),Germania,1536,03:34,,,,,319 321,,,"Direct",1688,353,2547,
- -,AYT,BRS,Transavia France (TO),Transavia France,1914,04:19,,,,,75W,,,"Direct",1688,490,8745,
- -,AYT,BRS,Thomsonfly (BY),Thomsonfly,1914,04:19,,,,,75W,,,"Direct",1688,490,5013,
- -,AYT,BRU,Harmony Airways (HQ),Harmony Airways,1613,03:43,,,,,320,,,"Direct",1688,302,2684,
- -,AYT,BRU,Pegasus Airlines (PC),Pegasus Airlines,1613,03:43,,,,,738,,,"Direct",1688,302,3926,
- -,AYT,BSL,easyJet (U2),easyJet,1391,03:16,,,,,320,,,"Direct",1688,1423,2297,
- -,AYT,BSL,SunExpress (XQ),SunExpress,1391,03:16,,,,,738,,,"Direct",1688,1423,4573,
- -,AYT,CGN,Germanwings (4U),Germanwings,1510,03:31,,,,,320,,,"Direct",1688,344,2548,
- -,AYT,CGN,Air Berlin (AB),Air Berlin,1510,03:31,,,,,738,,,"Direct",1688,344,214,
- -,AYT,CGN,Condor Flugdienst (DE),Condor Flugdienst,1510,03:31,,,,,757,,,"Direct",1688,344,1868,
- -,AYT,CGN,TUIfly (X3),TUIfly,1510,03:31,,,,,73H,,,"Direct",1688,344,2681,
- -,AYT,CGN,SunExpress (XQ),SunExpress,1510,03:31,,,,,738,,,"Direct",1688,344,4573,
- -,AYT,CPH,Pegasus Airlines (PC),Pegasus Airlines,1545,03:35,,,,,738,,,"Direct",1688,609,3926,
- -,AYT,DRS,Air Berlin (AB),Air Berlin,1290,03:04,,,,,738,,,"Direct",1688,338,214,
- -,AYT,DRS,Germania (ST),Germania,1290,03:04,,,,,321,,,"Direct",1688,338,2547,
- -,AYT,DUS,Air Berlin (AB),Air Berlin,1539,03:34,,,,,321 320,,,"Direct",1688,345,214,
- -,AYT,DUS,Condor Flugdienst (DE),Condor Flugdienst,1539,03:34,,,,,757,,,"Direct",1688,345,1868,
- -,AYT,DUS,Lufthansa (LH),Lufthansa,1539,03:34,,,,,320,,,"Direct",1688,345,3320,
- -,AYT,DUS,TUIfly (X3),TUIfly,1539,03:34,,,,,73H,,,"Direct",1688,345,2681,
- -,AYT,DUS,SunExpress (XQ),SunExpress,1539,03:34,,,,,738,,,"Direct",1688,345,4573,
- -,AYT,EBL,Turkish Airlines (TK),Turkish Airlines,730,01:57,,,,,738,,,"Direct",1688,3989,4951,
- -,AYT,ECN,Pegasus Airlines (PC),Pegasus Airlines,192,00:53,,,,,738,,,"Direct",1688,5780,3926,
- -,AYT,EIN,Transavia Holland (HV),Transavia Holland,1596,03:41,,,,,73H 73W,,,"Direct",1688,585,5039,
- -,AYT,ERF,Germania (ST),Germania,1376,03:15,,,,,73G,,,"Direct",1688,339,2547,
- -,AYT,ESB,Turkish Airlines (TK),Turkish Airlines,252,01:00,,,,,738,,,"Codeshare",1688,1682,4951,
- -,AYT,FDH,Germania (ST),Germania,1310,03:07,,,,,73G,,,"Direct",1688,382,2547,
- -,AYT,FMO,Air Berlin (AB),Air Berlin,1537,03:34,,,,,738,,,"Direct",1688,341,214,
- -,AYT,FRA,Condor Flugdienst (DE),Condor Flugdienst,1427,03:21,,,,,757,,,"Direct",1688,340,1868,
- -,AYT,FRA,Germania (ST),Germania,1427,03:21,,,,,321,,,"Direct",1688,340,2547,
- -,AYT,FRA,TUIfly (X3),TUIfly,1427,03:21,,,,,73H,,,"Direct",1688,340,2681,
- -,AYT,FRA,SunExpress (XQ),SunExpress,1427,03:21,,,,,738,,,"Direct",1688,340,4573,
- -,AYT,GRQ,Transavia Holland (HV),Transavia Holland,1613,03:43,,,,,73H,,,"Direct",1688,586,5039,
- -,AYT,GRZ,Niki (HG),Niki,1049,02:35,,,,,321,,,"Direct",1688,1609,3661,
- -,AYT,GRZ,SunExpress (XQ),SunExpress,1049,02:35,,,,,738,,,"Direct",1688,1609,4573,
- -,AYT,GVA,Pegasus Airlines (PC),Pegasus Airlines,1421,03:20,,,,,738,,,"Direct",1688,1665,3926,
- -,AYT,HAJ,Condor Flugdienst (DE),Condor Flugdienst,1482,03:27,,,,,32S 321,,,"Direct",1688,352,1868,
- -,AYT,HAJ,TUIfly (X3),TUIfly,1482,03:27,,,,,73H,,,"Direct",1688,352,2681,
- -,AYT,HAJ,SunExpress (XQ),SunExpress,1482,03:27,,,,,738,,,"Direct",1688,352,4573,
- -,AYT,HAM,Air Berlin (AB),Air Berlin,1524,03:32,,,,,320 738,,,"Direct",1688,342,214,
- -,AYT,HAM,Condor Flugdienst (DE),Condor Flugdienst,1524,03:32,,,,,757,,,"Direct",1688,342,1868,
- -,AYT,HAM,Turkish Airlines (TK),Turkish Airlines,1524,03:32,,,,,320,,,"Direct",1688,342,4951,
- -,AYT,HAM,TUIfly (X3),TUIfly,1524,03:32,,,,,73H,,,"Direct",1688,342,2681,
- -,AYT,HAM,SunExpress (XQ),SunExpress,1524,03:32,,,,,738,,,"Direct",1688,342,4573,
- -,AYT,HEL,Finnair (AY),Finnair,1637,03:46,,,,,320,,,"Direct",1688,421,2350,
- -,AYT,ISL,Onur Air (8Q),Onur Air,301,01:06,,,,,320,,,"Direct",1688,1701,3788,
- -,AYT,ISL,Atlasjet (KK),Atlasjet,301,01:06,,,,,320,,,"Direct",1688,1701,995,
- -,AYT,ISL,Turkish Airlines (TK),Turkish Airlines,301,01:06,,,,,738 321 319 320 739,,,"Direct",1688,1701,4951,
- -,AYT,KSF,Germania (ST),Germania,1449,03:23,,,,,319,,,"Direct",1688,400,2547,
- -,AYT,KZN,Onur Air (8Q),Onur Air,1553,03:36,,,,,321,,,"Direct",1688,2990,3788,
- -,AYT,LBA,Air Bourbon (ZB),Air Bourbon,1934,04:22,,,,,320,,,"Direct",1688,517,220,
- -,AYT,LED,Aeroflot Russian Airlines (SU),Aeroflot Russian Airlines,1581,03:39,,,,,763,,,"Direct",1688,2948,130,
- -,AYT,LEJ,Air Berlin (AB),Air Berlin,1353,03:12,,,,,738,,,"Direct",1688,348,214,
- -,AYT,LEJ,Condor Flugdienst (DE),Condor Flugdienst,1353,03:12,,,,,757,,,"Direct",1688,348,1868,
- -,AYT,LEJ,Germania (ST),Germania,1353,03:12,,,,,321,,,"Direct",1688,348,2547,
- -,AYT,LEJ,SunExpress (XQ),SunExpress,1353,03:12,,,,,738,,,"Direct",1688,348,4573,
- -,AYT,LGW,Transavia France (TO),Transavia France,1805,04:06,,,,,73H 75W,,,"Direct",1688,502,8745,
- -,AYT,LGW,Thomsonfly (BY),Thomsonfly,1805,04:06,,,,,73H,,,"Direct",1688,502,5013,
- -,AYT,LGW,easyJet (U2),easyJet,1805,04:06,,,,,320 319,,,"Direct",1688,502,2297,
- -,AYT,LGW,Air Bourbon (ZB),Air Bourbon,1805,04:06,,,,,321,,,"Direct",1688,502,220,
- -,AYT,LNZ,SunExpress (XQ),SunExpress,1147,02:47,,,,,738,,,"Direct",1688,1611,4573,
- -,AYT,LTN,Transavia France (TO),Transavia France,1831,04:09,,,,,73H,,,"Direct",1688,492,8745,
- -,AYT,LTN,Air Bourbon (ZB),Air Bourbon,1831,04:09,,,,,320,,,"Direct",1688,492,220,
- -,AYT,LUX,Luxair (LG),Luxair,1505,03:30,,,,,73H,,,"Direct",1688,629,3329,
- -,AYT,MAN,Transavia France (TO),Transavia France,1944,04:23,,,,,76W 73H,,,"Direct",1688,478,8745,
- -,AYT,MAN,Thomsonfly (BY),Thomsonfly,1944,04:23,,,,,75W,,,"Direct",1688,478,5013,
- -,AYT,MAN,easyJet (U2),easyJet,1944,04:23,,,,,320,,,"Direct",1688,478,2297,
- -,AYT,MAN,Air Bourbon (ZB),Air Bourbon,1944,04:23,,,,,321 320,,,"Direct",1688,478,220,
- -,AYT,MUC,Air Berlin (AB),Air Berlin,1242,02:59,,,,,321,,,"Direct",1688,346,214,
- -,AYT,MUC,Condor Flugdienst (DE),Condor Flugdienst,1242,02:59,,,,,757,,,"Direct",1688,346,1868,
- -,AYT,MUC,TUIfly (X3),TUIfly,1242,02:59,,,,,73H,,,"Direct",1688,346,2681,
- -,AYT,MUC,SunExpress (XQ),SunExpress,1242,02:59,,,,,738,,,"Direct",1688,346,4573,
- -,AYT,NUE,Air Berlin (AB),Air Berlin,1312,03:07,,,,,738,,,"Direct",1688,347,214,
- -,AYT,NUE,TUIfly (X3),TUIfly,1312,03:07,,,,,73H,,,"Direct",1688,347,2681,
- -,AYT,NUE,SunExpress (XQ),SunExpress,1312,03:07,,,,,738,,,"Direct",1688,347,4573,
- -,AYT,ORY,Transavia France (TO),Transavia France,1641,03:46,,,,,73H,,,"Direct",1688,1386,8745,
- -,AYT,OSL,Norwegian Air Shuttle (DY),Norwegian Air Shuttle,1824,04:08,,,,,73H,,,"Direct",1688,644,3737,
- -,AYT,PAD,Air Berlin (AB),Air Berlin,1484,03:28,,,,,738,,,"Direct",1688,371,214,
- -,AYT,PAD,Condor Flugdienst (DE),Condor Flugdienst,1484,03:28,,,,,32S 321,,,"Direct",1688,371,1868,
- -,AYT,PAD,SunExpress (XQ),SunExpress,1484,03:28,,,,,738,,,"Direct",1688,371,4573,
- -,AYT,RLG,Germania (ST),Germania,1469,03:26,,,,,73G,,,"Direct",1688,772,2547,
- -,AYT,ROV,Aeroflot Russian Airlines (SU),Aeroflot Russian Airlines,866,02:13,,,,,319,,,"Direct",1688,2964,130,
- -,AYT,RTM,Transavia Holland (HV),Transavia Holland,1648,03:47,,,,,73W 73H,,,"Direct",1688,591,5039,
- -,AYT,SAW,Pegasus Airlines (PC),Pegasus Airlines,287,01:04,,,,,738 320,,,"Direct",1688,4317,3926,
- -,AYT,SAW,Turkish Airlines (TK),Turkish Airlines,287,01:04,,,,,738,,,"Direct",1688,4317,4951,
- -,AYT,SAW,SunExpress (XQ),SunExpress,287,01:04,,,,,738,,,"Direct",1688,4317,4573,
- -,AYT,STR,Air Berlin (AB),Air Berlin,1355,03:12,,,,,738 320,,,"Direct",1688,350,214,
- -,AYT,STR,Condor Flugdienst (DE),Condor Flugdienst,1355,03:12,,,,,757,,,"Direct",1688,350,1868,
- -,AYT,STR,TUIfly (X3),TUIfly,1355,03:12,,,,,73H,,,"Direct",1688,350,2681,
- -,AYT,STR,SunExpress (XQ),SunExpress,1355,03:12,,,,,738,,,"Direct",1688,350,4573,
- -,AYT,SVO,Onur Air (8Q),Onur Air,1352,03:12,,,,,321,,,"Direct",1688,2985,3788,
- -,AYT,SVO,Aeroflot Russian Airlines (SU),Aeroflot Russian Airlines,1352,03:12,,,,,321 320,,,"Direct",1688,2985,130,
- -,AYT,SXF,Condor Flugdienst (DE),Condor Flugdienst,1357,03:12,,,,,757,,,"Direct",1688,337,1868,
- -,AYT,SXF,Germania (ST),Germania,1357,03:12,,,,,73G,,,"Direct",1688,337,2547,
- -,AYT,SZG,Niki (HG),Niki,1174,02:50,,,,,321,,,"Direct",1688,1612,3661,
- -,AYT,SZG,SunExpress (XQ),SunExpress,1174,02:50,,,,,738,,,"Direct",1688,1612,4573,
- -,AYT,TRD,Norwegian Air Shuttle (DY),Norwegian Air Shuttle,2014,04:31,,,,,73H,,,"Direct",1688,665,3737,
- -,AYT,TRF,Norwegian Air Shuttle (DY),Norwegian Air Shuttle,1791,04:04,,,,,73H,,,"Direct",1688,664,3737,
- -,AYT,TXL,Air Berlin (AB),Air Berlin,1373,03:14,,,,,320 321 738,,,"Direct",1688,351,214,
- -,AYT,TXL,Germania (ST),Germania,1373,03:14,,,,,321,,,"Direct",1688,351,2547,
- -,AYT,TXL,SunExpress (XQ),SunExpress,1373,03:14,,,,,738,,,"Direct",1688,351,4573,
- -,AYT,TZX,Pegasus Airlines (PC),Pegasus Airlines,559,01:37,,,,,738,,,"Direct",1688,1726,3926,
- -,AYT,VIE,Niki (HG),Niki,1056,02:36,,,,,321,,,"Direct",1688,1613,3661,
- -,AYT,VIE,Austrian Airlines (OS),Austrian Airlines,1056,02:36,,,,,320 319,,,"Codeshare",1688,1613,491,
- -,AYT,VIE,Pegasus Airlines (PC),Pegasus Airlines,1056,02:36,,,,,738,,,"Direct",1688,1613,3926,
- -,AYT,VIE,SunExpress (XQ),SunExpress,1056,02:36,,,,,738,,,"Direct",1688,1613,4573,
- -,AYT,VKO,Turkish Airlines (TK),Turkish Airlines,1325,03:09,,,,,321,,,"Direct",1688,2988,4951,
- -,AYT,VKO,Transaero Airlines (UN),Transaero Airlines,1325,03:09,,,,,74E,,,"Direct",1688,2988,5067,
- -,AYT,ZQW,TUIfly (X3),TUIfly,1445,03:23,,,,,73H,,,"Direct",1688,393,2681,
- -,AYT,ZRH,Belair Airlines (4T),Belair Airlines,1344,03:11,,,,,320,,,"Direct",1688,1678,1401,
- -,AYT,ZRH,Swiss International Air Lines (LX),Swiss International Air Lines,1344,03:11,,,,,320,,,"Codeshare",1688,1678,4559,
- -,AYT,ZRH,SunExpress (XQ),SunExpress,1344,03:11,,,,,738,,,"Direct",1688,1678,4573,