﻿Date,From,To,Flight_Number,Airline,Distance,Duration,Seat,Seat_Type,Class,Reason,Plane,Registration,Trip,Note,From_OID,To_OID,Airline_OID,Plane_OID
- -,ISL,LTAO,Onur Air (8Q),Onur Air,533,01:33,,,,,320,,,"Direct",1701,1692,3788,
- -,ISL,OPRN,Turkish Airlines (TK),Turkish Airlines,2458,05:24,,,,,738,,,"Direct",1701,2223,4951,
- -,ISL,LTAO,Turkish Airlines (TK),Turkish Airlines,533,01:33,,,,,738 320 319,,,"Direct",1701,1692,4951,
- -,ISL,AAE,Air Algerie (AH),Air Algerie,1161,02:49,,,,,738,,,"Direct",1701,220,794,
- -,ISL,AAL,Scandinavian Airlines System (SK),Scandinavian Airlines System,1395,03:17,,,,,319 738,,,"Direct",1701,628,4319,
- -,ISL,AAL,Turkish Airlines (TK),Turkish Airlines,1395,03:17,,,,,319 738,,,"Direct",1701,628,4951,
- -,ISL,ACC,Turkish Airlines (TK),Turkish Airlines,3027,06:33,,,,,739,,,"Direct",1701,248,4951,
- -,ISL,ADA,Onur Air (8Q),Onur Air,443,01:23,,,,,320,,,"Direct",1701,1685,3788,
- -,ISL,ADA,Atlasjet (KK),Atlasjet,443,01:23,,,,,320,,,"Direct",1701,1685,995,
- -,ISL,ADA,Turkish Airlines (TK),Turkish Airlines,443,01:23,,,,,319 320 738 321 73W 739,,,"Direct",1701,1685,4951,
- -,ISL,ADB,Onur Air (8Q),Onur Air,205,00:54,,,,,320,,,"Direct",1701,1706,3788,
- -,ISL,ADB,Atlasjet (KK),Atlasjet,205,00:54,,,,,320,,,"Direct",1701,1706,995,
- -,ISL,ADB,Pegasus Airlines (PC),Pegasus Airlines,205,00:54,,,,,738,,,"Direct",1701,1706,3926,
- -,ISL,ADB,Turkish Airlines (TK),Turkish Airlines,205,00:54,,,,,320 738 330 319 739 321 343 73W 77W,,,"Direct",1701,1706,4951,
- -,ISL,ADD,Turkish Airlines (TK),Turkish Airlines,2292,05:05,,,,,738,,,"Direct",1701,1107,4951,
- -,ISL,ADF,Turkish Airlines (TK),Turkish Airlines,561,01:37,,,,,738 320,,,"Direct",1701,5800,4951,
- -,ISL,AER,Aeroflot Russian Airlines (SU),Aeroflot Russian Airlines,594,01:41,,,,,319,,,"Direct",1701,2965,130,
- -,ISL,AER,Turkish Airlines (TK),Turkish Airlines,594,01:41,,,,,321,,,"Direct",1701,2965,4951,
- -,ISL,AGP,Turkish Airlines (TK),Turkish Airlines,1805,04:06,,,,,738,,,"Direct",1701,1230,4951,
- -,ISL,AJI,Turkish Airlines (TK),Turkish Airlines,752,02:00,,,,,738,,,"Direct",1701,5799,4951,
- -,ISL,ALA,Air Astana (KC),Air Astana,2439,05:22,,,,,738 320,,,"Direct",1701,2908,1006,
- -,ISL,ALA,Turkish Airlines (TK),Turkish Airlines,2439,05:22,,,,,738 320,,,"Direct",1701,2908,4951,
- -,ISL,ALG,Air Algerie (AH),Air Algerie,1403,03:18,,,,,736,,,"Direct",1701,210,794,
- -,ISL,ALG,Turkish Airlines (TK),Turkish Airlines,1403,03:18,,,,,321 738,,,"Direct",1701,210,4951,
- -,ISL,AMM,Royal Jordanian (RJ),Royal Jordanian,752,02:00,,,,,320 E75 319 E95,,,"Direct",1701,2170,4259,
- -,ISL,AMM,Turkish Airlines (TK),Turkish Airlines,752,02:00,,,,,321 320,,,"Direct",1701,2170,4951,
- -,ISL,AMS,KLM Royal Dutch Airlines (KL),KLM Royal Dutch Airlines,1372,03:14,,,,,737,,,"Direct",1701,580,3090,
- -,ISL,AMS,Turkish Airlines (TK),Turkish Airlines,1372,03:14,,,,,343 321 320 330,,,"Direct",1701,580,4951,
- -,ISL,AQJ,Turkish Airlines (TK),Turkish Airlines,858,02:12,,,,,319,,,"Direct",1701,2172,4951,
- -,ISL,ARN,Scandinavian Airlines System (SK),Scandinavian Airlines System,1372,03:14,,,,,321 738,,,"Direct",1701,737,4319,
- -,ISL,ARN,Turkish Airlines (TK),Turkish Airlines,1372,03:14,,,,,321 738,,,"Direct",1701,737,4951,
- -,ISL,ASB,Turkmenistan Airlines (T5),Turkmenistan Airlines,1580,03:39,,,,,738 752,,,"Direct",1701,2976,5083,
- -,ISL,ASB,Turkish Airlines (TK),Turkish Airlines,1580,03:39,,,,,321,,,"Direct",1701,2976,4951,
- -,ISL,ASR,Turkish Airlines (TK),Turkish Airlines,385,01:16,,,,,321 738 320 739 319 73W,,,"Direct",1701,1696,4951,
- -,ISL,ATH,Aegean Airlines (A3),Aegean Airlines,333,01:09,,,,,320,,,"Direct",1701,3941,96,
- -,ISL,ATH,Olympic Airlines (OA),Olympic Airlines,333,01:09,,,,,320,,,"Direct",1701,3941,3776,
- -,ISL,ATH,Turkish Airlines (TK),Turkish Airlines,333,01:09,,,,,321 738 320,,,"Direct",1701,3941,4951,
- -,ISL,AUH,Etihad Airways (EY),Etihad Airways,1874,04:14,,,,,333 737 332 320,,,"Direct",1701,2179,2222,
- -,ISL,AUH,Turkish Airlines (TK),Turkish Airlines,1874,04:14,,,,,738 321,,,"Direct",1701,2179,4951,
- -,ISL,AYT,Onur Air (8Q),Onur Air,301,01:06,,,,,320,,,"Direct",1701,1688,3788,
- -,ISL,AYT,Atlasjet (KK),Atlasjet,301,01:06,,,,,320,,,"Direct",1701,1688,995,
- -,ISL,AYT,Turkish Airlines (TK),Turkish Airlines,301,01:06,,,,,738 319 321 320 739,,,"Direct",1701,1688,4951,
- -,ISL,BAH,Gulf Air Bahrain (GF),Gulf Air Bahrain,1605,03:42,,,,,320,,,"Direct",1701,2057,2638,
- -,ISL,BAH,Turkish Airlines (TK),Turkish Airlines,1605,03:42,,,,,321,,,"Direct",1701,2057,4951,
- -,ISL,BAL,Turkish Airlines (TK),Turkish Airlines,688,01:52,,,,,320 319,,,"Direct",1701,1729,4951,
- -,ISL,BCN,Turkish Airlines (TK),Turkish Airlines,1385,03:16,,,,,332 321 738 320 330,,,"Direct",1701,1218,4951,
- -,ISL,BEG,Turkish Airlines (TK),Turkish Airlines,505,01:30,,,,,738 319 321,,,"Direct",1701,1739,4951,
- -,ISL,BEN,Afriqiyah Airways (8U),Afriqiyah Airways,774,02:02,,,,,320,,,"Direct",1701,1154,32,
- -,ISL,BEN,Libyan Arab Airlines (LN),Libyan Arab Airlines,774,02:02,,,,,320,,,"Direct",1701,1154,3258,
- -,ISL,BEN,Turkish Airlines (TK),Turkish Airlines,774,02:02,,,,,738 739,,,"Direct",1701,1154,4951,
- -,ISL,BEY,Middle East Airlines (ME),Middle East Airlines,614,01:43,,,,,320 332 321,,,"Direct",1701,2177,3490,
- -,ISL,BEY,Turkish Airlines (TK),Turkish Airlines,614,01:43,,,,,321 739 738,,,"Direct",1701,2177,4951,
- -,ISL,BGG,Turkish Airlines (TK),Turkish Airlines,640,01:46,,,,,319,,,"Direct",1701,9272,4951,
- -,ISL,BGW,Turkish Airlines (TK),Turkish Airlines,1000,02:30,,,,,738,,,"Direct",1701,4130,4951,
- -,ISL,BHX,Turkish Airlines (TK),Turkish Airlines,1632,03:45,,,,,739 738,,,"Direct",1701,469,4951,
- -,ISL,BIO,Turkish Airlines (TK),Turkish Airlines,1622,03:44,,,,,320,,,"Direct",1701,1216,4951,
- -,ISL,BJV,Onur Air (8Q),Onur Air,264,01:01,,,,,320,,,"Direct",1701,4315,3788,
- -,ISL,BJV,Atlasjet (KK),Atlasjet,264,01:01,,,,,320,,,"Direct",1701,4315,995,
- -,ISL,BJV,Turkish Airlines (TK),Turkish Airlines,264,01:01,,,,,738 321 320,,,"Direct",1701,4315,4951,
- -,ISL,BKK,Thai Airways International (TG),Thai Airways International,4661,09:49,,,,,77W 330,,,"Codeshare",1701,3885,4940,
- -,ISL,BKK,Turkish Airlines (TK),Turkish Airlines,4661,09:49,,,,,77W 330,,,"Direct",1701,3885,4951,
- -,ISL,BLL,Turkish Airlines (TK),Turkish Airlines,1351,03:12,,,,,319 738,,,"Direct",1701,608,4951,
- -,ISL,BLQ,Turkish Airlines (TK),Turkish Airlines,919,02:20,,,,,320 321,,,"Direct",1701,1538,4951,
- -,ISL,BOM,Air India Limited (AI),Air India Limited,2993,06:29,,,,,330,,,"Codeshare",1701,2997,218,
- -,ISL,BOM,Turkish Airlines (TK),Turkish Airlines,2993,06:29,,,,,77W,,,"Direct",1701,2997,4951,
- -,ISL,BRE,Turkish Airlines (TK),Turkish Airlines,1250,03:00,,,,,320,,,"Direct",1701,353,4951,
- -,ISL,BRU,Turkish Airlines (TK),Turkish Airlines,1345,03:11,,,,,738 321 343 320 330,,,"Direct",1701,302,4951,
- -,ISL,BSL,Turkish Airlines (TK),Turkish Airlines,1142,02:47,,,,,738,,,"Direct",1701,1423,4951,
- -,ISL,BSR,Turkish Airlines (TK),Turkish Airlines,1273,03:02,,,,,738,,,"Direct",1701,2234,4951,
- -,ISL,BUD,Turkish Airlines (TK),Turkish Airlines,648,01:47,,,,,321 738 320 319 739,,,"Direct",1701,1489,4951,
- -,ISL,BUS,Turkish Airlines (TK),Turkish Airlines,664,01:49,,,,,738 73W 319,,,"Direct",1701,3971,4951,
- -,ISL,CAI,Egyptair (MS),Egyptair,763,02:01,,,,,320 738 E70,,,"Direct",1701,1128,2143,
- -,ISL,CAI,Turkish Airlines (TK),Turkish Airlines,763,02:01,,,,,320 738 321 739 319,,,"Direct",1701,1128,4951,
- -,ISL,CAN,Air China (CA),Air China,4897,10:17,,,,,330 343,,,"Direct",1701,3370,751,
- -,ISL,CAN,Turkish Airlines (TK),Turkish Airlines,4897,10:17,,,,,330 343,,,"Direct",1701,3370,4951,
- -,ISL,CDG,Onur Air (8Q),Onur Air,1388,03:16,,,,,320,,,"Direct",1701,1382,3788,
- -,ISL,CDG,Air France (AF),Air France,1388,03:16,,,,,320 319 321,,,"Direct",1701,1382,137,
- -,ISL,CDG,Turkish Airlines (TK),Turkish Airlines,1388,03:16,,,,,330 321 320 332 77W 738,,,"Direct",1701,1382,4951,
- -,ISL,CGN,Turkish Airlines (TK),Turkish Airlines,1237,02:58,,,,,320 321,,,"Direct",1701,344,4951,
- -,ISL,CMN,Royal Air Maroc (AT),Royal Air Maroc,2054,04:36,,,,,738,,,"Direct",1701,1074,4248,
- -,ISL,CMN,Turkish Airlines (TK),Turkish Airlines,2054,04:36,,,,,330 332 343,,,"Direct",1701,1074,4951,
- -,ISL,CND,Turkish Airlines (TK),Turkish Airlines,234,00:58,,,,,738 319,,,"Direct",1701,1651,4951,
- -,ISL,CPH,Scandinavian Airlines System (SK),Scandinavian Airlines System,1247,02:59,,,,,321 738,,,"Direct",1701,609,4319,
- -,ISL,CPH,Turkish Airlines (TK),Turkish Airlines,1247,02:59,,,,,321 738,,,"Direct",1701,609,4951,
- -,ISL,CZL,Air Algerie (AH),Air Algerie,1236,02:58,,,,,738,,,"Direct",1701,221,794,
- -,ISL,DAC,Turkish Airlines (TK),Turkish Airlines,3699,07:53,,,,,332,,,"Direct",1701,3076,4951,
- -,ISL,DAR,Turkish Airlines (TK),Turkish Airlines,3369,07:14,,,,,739,,,"Direct",1701,1177,4951,
- -,ISL,DEL,Air India Limited (AI),Air India Limited,2830,06:09,,,,,330,,,"Codeshare",1701,3093,218,
- -,ISL,DEL,Turkish Airlines (TK),Turkish Airlines,2830,06:09,,,,,330,,,"Direct",1701,3093,4951,
- -,ISL,DIY,Onur Air (8Q),Onur Air,642,01:47,,,,,320,,,"Direct",1701,1722,3788,
- -,ISL,DIY,Turkish Airlines (TK),Turkish Airlines,642,01:47,,,,,319 738 321 320 73W,,,"Direct",1701,1722,4951,
- -,ISL,DLA,Turkish Airlines (TK),Turkish Airlines,2814,06:07,,,,,739,,,"Direct",1701,897,4951,
- -,ISL,DLM,Onur Air (8Q),Onur Air,294,01:05,,,,,320,,,"Direct",1701,1715,3788,
- -,ISL,DLM,Turkish Airlines (TK),Turkish Airlines,294,01:05,,,,,320 321 738,,,"Direct",1701,1715,4951,
- -,ISL,DMM,Saudi Arabian Airlines (SV),Saudi Arabian Airlines,1559,03:37,,,,,320,,,"Direct",1701,2064,4533,
- -,ISL,DMM,Turkish Airlines (TK),Turkish Airlines,1559,03:37,,,,,321,,,"Direct",1701,2064,4951,
- -,ISL,DNK,Ukraine International Airlines (PS),Ukraine International Airlines,595,01:41,,,,,320,,,"Direct",1701,2941,5282,
- -,ISL,DNK,Turkish Airlines (TK),Turkish Airlines,595,01:41,,,,,319,,,"Direct",1701,2941,4951,
- -,ISL,DNK,ZABAIKAL AIRLINES (Z6),ZABAIKAL AIRLINES,595,01:41,,,,,ER4,,,"Codeshare",1701,2941,16120,
- -,ISL,DNZ,Turkish Airlines (TK),Turkish Airlines,225,00:57,,,,,738 73W 320 319,,,"Direct",1701,1699,4951,
- -,ISL,DOH,Qatar Airways (QR),Qatar Airways,1697,03:53,,,,,333 332,,,"Direct",1701,11051,4091,
- -,ISL,DOH,Turkish Airlines (TK),Turkish Airlines,1697,03:53,,,,,738 321,,,"Direct",1701,11051,4951,
- -,ISL,DOK,Ukraine International Airlines (PS),Ukraine International Airlines,657,01:48,,,,,738,,,"Direct",1701,2940,5282,
- -,ISL,DOK,Turkish Airlines (TK),Turkish Airlines,657,01:48,,,,,319 73W 738,,,"Direct",1701,2940,4951,
- -,ISL,DOK,AlMasria Universal Airlines (UJ),AlMasria Universal Airlines,657,01:48,,,,,320,,,"Direct",1701,2940,11811,
- -,ISL,DUB,Turkish Airlines (TK),Turkish Airlines,1831,04:09,,,,,738,,,"Direct",1701,599,4951,
- -,ISL,DUS,Turkish Airlines (TK),Turkish Airlines,1265,03:01,,,,,330 321 332 738 343,,,"Direct",1701,345,4951,
- -,ISL,DXB,Emirates (EK),Emirates,1868,04:14,,,,,77W,,,"Direct",1701,2188,2183,
- -,ISL,DXB,Qantas (QF),Qantas,1868,04:14,,,,,77W,,,"Codeshare",1701,2188,4089,
- -,ISL,DXB,Turkish Airlines (TK),Turkish Airlines,1868,04:14,,,,,77W 321 343 332 330,,,"Direct",1701,2188,4951,
- -,ISL,DYU,Tajik Air (7J),Tajik Air,2111,04:43,,,,,735,,,"Direct",1701,2979,9531,
- -,ISL,DYU,Salzburg arrows (SZ),Salzburg arrows,2111,04:43,,,,,737,,,"Direct",1701,2979,10122,
- -,ISL,DYU,Turkish Airlines (TK),Turkish Airlines,2111,04:43,,,,,321,,,"Direct",1701,2979,4951,
- -,ISL,EBL,Atlasjet (KK),Atlasjet,879,02:15,,,,,320,,,"Direct",1701,3989,995,
- -,ISL,EBL,Turkish Airlines (TK),Turkish Airlines,879,02:15,,,,,321,,,"Direct",1701,3989,4951,
- -,ISL,ECN,Onur Air (8Q),Onur Air,475,01:27,,,,,320,,,"Direct",1701,5780,3788,
- -,ISL,ECN,Atlasjet (KK),Atlasjet,475,01:27,,,,,320,,,"Direct",1701,5780,995,
- -,ISL,ECN,Turkish Airlines (TK),Turkish Airlines,475,01:27,,,,,321 738 320,,,"Direct",1701,5780,4951,
- -,ISL,EDI,Turkish Airlines (TK),Turkish Airlines,1774,04:02,,,,,738 739,,,"Direct",1701,535,4951,
- -,ISL,ELQ,Turkish Airlines (TK),Turkish Airlines,1325,03:09,,,,,319 73W,,,"Direct",1701,2067,4951,
- -,ISL,ERC,Turkish Airlines (TK),Turkish Airlines,570,01:38,,,,,320 738,,,"Direct",1701,1723,4951,
- -,ISL,ERZ,Onur Air (8Q),Onur Air,652,01:48,,,,,320,,,"Direct",1701,1724,3788,
- -,ISL,ERZ,Turkish Airlines (TK),Turkish Airlines,652,01:48,,,,,321 738 320,,,"Direct",1701,1724,4951,
- -,ISL,ESB,Turkish Airlines (TK),Turkish Airlines,227,00:57,,,,,738 320 330 739 321 319 343,,,"Direct",1701,1682,4951,
- -,ISL,EZS,Onur Air (8Q),Onur Air,579,01:39,,,,,320,,,"Direct",1701,1721,3788,
- -,ISL,EZS,Turkish Airlines (TK),Turkish Airlines,579,01:39,,,,,320,,,"Direct",1701,1721,4951,
- -,ISL,FCO,Alitalia (AZ),Alitalia,859,02:13,,,,,32S 321 320,,,"Direct",1701,1555,596,
- -,ISL,FCO,Turkish Airlines (TK),Turkish Airlines,859,02:13,,,,,321 320 319,,,"Direct",1701,1555,4951,
- -,ISL,FDH,Turkish Airlines (TK),Turkish Airlines,1055,02:36,,,,,738,,,"Direct",1701,382,4951,
- -,ISL,FIH,Turkish Airlines (TK),Turkish Airlines,3244,06:59,,,,,739,,,"Direct",1701,1020,4951,
- -,ISL,FRA,Lufthansa (LH),Lufthansa,1156,02:48,,,,,321,,,"Direct",1701,340,3320,
- -,ISL,FRA,Turkish Airlines (TK),Turkish Airlines,1156,02:48,,,,,320 330 321 343 332,,,"Direct",1701,340,4951,
- -,ISL,FRA,US Airways (US),US Airways,1156,02:48,,,,,330 321 320 343 332,,,"Codeshare",1701,340,5265,
- -,ISL,FRU,Air Florida (QH),Air Florida,2317,05:08,,,,,73H,,,"Direct",1701,2912,882,
- -,ISL,FRU,Turkish Airlines (TK),Turkish Airlines,2317,05:08,,,,,738 33X,,,"Direct",1701,2912,4951,
- -,ISL,GNY,Onur Air (8Q),Onur Air,591,01:40,,,,,320,,,"Direct",1701,9044,3788,
- -,ISL,GNY,Turkish Airlines (TK),Turkish Airlines,591,01:40,,,,,320,,,"Direct",1701,9044,4951,
- -,ISL,GOA,Turkish Airlines (TK),Turkish Airlines,1038,02:34,,,,,738 739 330,,,"Direct",1701,1528,4951,
- -,ISL,GOT,Scandinavian Airlines System (SK),Scandinavian Airlines System,1363,03:13,,,,,739,,,"Direct",1701,687,4319,
- -,ISL,GOT,Turkish Airlines (TK),Turkish Airlines,1363,03:13,,,,,739 738,,,"Direct",1701,687,4951,
- -,ISL,GRU,Turkish Airlines (TK),Turkish Airlines,6551,13:36,,,,,343,,,"Direct",1701,2564,4951,
- -,ISL,GUW,Air Astana (KC),Air Astana,1212,02:55,,,,,320,,,"Direct",1701,4357,1006,
- -,ISL,GVA,Turkish Airlines (TK),Turkish Airlines,1187,02:52,,,,,738 321 320,,,"Direct",1701,1665,4951,
- -,ISL,GYD,Azerbaijan Airlines (J2),Azerbaijan Airlines,1109,02:43,,,,,767,,,"Direct",1701,2922,197,
- -,ISL,GYD,Turkish Airlines (TK),Turkish Airlines,1109,02:43,,,,,321 738 320,,,"Direct",1701,2922,4951,
- -,ISL,GZP,Onur Air (8Q),Onur Air,373,01:14,,,,,320,,,"Direct",1701,8266,3788,
- -,ISL,GZT,Onur Air (8Q),Onur Air,541,01:34,,,,,320,,,"Direct",1701,1689,3788,
- -,ISL,GZT,Atlasjet (KK),Atlasjet,541,01:34,,,,,320,,,"Direct",1701,1689,995,
- -,ISL,GZT,Turkish Airlines (TK),Turkish Airlines,541,01:34,,,,,320 738 319 321 73W,,,"Direct",1701,1689,4951,
- -,ISL,HAJ,Turkish Airlines (TK),Turkish Airlines,1197,02:53,,,,,321 739 738,,,"Direct",1701,352,4951,
- -,ISL,HAM,Turkish Airlines (TK),Turkish Airlines,1233,02:57,,,,,321 320 738,,,"Direct",1701,342,4951,
- -,ISL,HBE,Egyptair (MS),Egyptair,696,01:53,,,,,73W 319,,,"Codeshare",1701,3410,2143,
- -,ISL,HBE,Turkish Airlines (TK),Turkish Airlines,696,01:53,,,,,73W 319,,,"Direct",1701,3410,4951,
- -,ISL,HEL,Scandinavian Airlines System (SK),Scandinavian Airlines System,1345,03:11,,,,,321,,,"Direct",1701,421,4319,
- -,ISL,HEL,Turkish Airlines (TK),Turkish Airlines,1345,03:11,,,,,321,,,"Direct",1701,421,4951,
- -,ISL,HKG,Turkish Airlines (TK),Turkish Airlines,4973,10:26,,,,,77W,,,"Direct",1701,3077,4951,
- -,ISL,HRG,Egyptair (MS),Egyptair,994,02:29,,,,,738 320,,,"Direct",1701,1130,2143,
- -,ISL,HRG,Turkish Airlines (TK),Turkish Airlines,994,02:29,,,,,738 320,,,"Direct",1701,1130,4951,
- -,ISL,HTY,Turkish Airlines (TK),Turkish Airlines,513,01:31,,,,,73W 738 320 321,,,"Direct",1701,7453,4951,
- -,ISL,IAD,Turkish Airlines (TK),Turkish Airlines,5224,10:56,,,,,330,,,"Direct",1701,3714,4951,
- -,ISL,IAD,US Airways (US),US Airways,5224,10:56,,,,,330,,,"Codeshare",1701,3714,5265,
- -,ISL,IAH,Turkish Airlines (TK),Turkish Airlines,6370,13:14,,,,,77W,,,"Direct",1701,3550,4951,
- -,ISL,IAH,US Airways (US),US Airways,6370,13:14,,,,,77W,,,"Direct",1701,3550,5265,
- -,ISL,ICN,Korean Air (KE),Korean Air,4929,10:21,,,,,772,,,"Direct",1701,3930,3163,
- -,ISL,ICN,Asiana Airlines (OZ),Asiana Airlines,4929,10:21,,,,,333,,,"Direct",1701,3930,28,
- -,ISL,ICN,Turkish Airlines (TK),Turkish Airlines,4929,10:21,,,,,343 330,,,"Direct",1701,3930,4951,
- -,ISL,IFN,Turkish Airlines (TK),Turkish Airlines,1388,03:16,,,,,738,,,"Direct",1701,2121,4951,
- -,ISL,IGD,Turkish Airlines (TK),Turkish Airlines,793,02:05,,,,,320,,,"Direct",1701,9043,4951,
- -,ISL,IKA,Iran Aseman Airlines (EP),Iran Aseman Airlines,1267,03:02,,,,,340,,,"Direct",1701,4330,2923,
- -,ISL,IKA,Iran Air (IR),Iran Air,1267,03:02,,,,,320,,,"Direct",1701,4330,2922,
- -,ISL,IKA,Atlasjet (KK),Atlasjet,1267,03:02,,,,,320,,,"Direct",1701,4330,995,
- -,ISL,IKA,Turkish Airlines (TK),Turkish Airlines,1267,03:02,,,,,321 738 332 739 343,,,"Direct",1701,4330,4951,
- -,ISL,IKA,Mahan Air (W5),Mahan Air,1267,03:02,,,,,AB6,,,"Direct",1701,4330,3370,
- -,ISL,ISE,Turkish Airlines (TK),Turkish Airlines,230,00:57,,,,,738 73W 319,,,"Direct",1701,5801,4951,
- -,ISL,ISU,Atlasjet (KK),Atlasjet,967,02:26,,,,,320,,,"Direct",1701,5952,995,
- -,ISL,ISU,Turkish Airlines (TK),Turkish Airlines,967,02:26,,,,,321 738 739,,,"Direct",1701,5952,4951,
- -,ISL,JED,Saudi Arabian Airlines (SV),Saudi Arabian Airlines,1462,03:25,,,,,333,,,"Direct",1701,2072,4533,
- -,ISL,JED,Turkish Airlines (TK),Turkish Airlines,1462,03:25,,,,,321 330 332,,,"Direct",1701,2072,4951,
- -,ISL,JFK,Turkish Airlines (TK),Turkish Airlines,5000,10:30,,,,,330 77W,,,"Direct",1701,3797,4951,
- -,ISL,JFK,US Airways (US),US Airways,5000,10:30,,,,,330 77W,,,"Codeshare",1701,3797,5265,
- -,ISL,JIB,Turkish Airlines (TK),Turkish Airlines,2210,04:55,,,,,320,,,"Direct",1701,4119,4951,
- -,ISL,JNB,Turkish Airlines (TK),Turkish Airlines,4634,09:46,,,,,330,,,"Direct",1701,813,4951,
- -,ISL,JRO,Turkish Airlines (TK),Turkish Airlines,3110,06:43,,,,,739,,,"Direct",1701,1180,4951,
- -,ISL,KAN,Turkish Airlines (TK),Turkish Airlines,2345,05:11,,,,,738 739,,,"Direct",1701,270,4951,
- -,ISL,KBL,Turkish Airlines (TK),Turkish Airlines,2228,04:57,,,,,332,,,"Direct",1701,2050,4951,
- -,ISL,KBP,Egyptair (MS),Egyptair,654,01:48,,,,,321,,,"Direct",1701,2939,2143,
- -,ISL,KBP,Ukraine International Airlines (PS),Ukraine International Airlines,654,01:48,,,,,73R 738 735,,,"Direct",1701,2939,5282,
- -,ISL,KBP,Turkish Airlines (TK),Turkish Airlines,654,01:48,,,,,321,,,"Direct",1701,2939,4951,
- -,ISL,KBP,AlMasria Universal Airlines (UJ),AlMasria Universal Airlines,654,01:48,,,,,320,,,"Direct",1701,2939,11811,
- -,ISL,KCM,Turkish Airlines (TK),Turkish Airlines,495,01:29,,,,,319,,,"Direct",1701,5798,4951,
- -,ISL,KFS,Turkish Airlines (TK),Turkish Airlines,260,01:01,,,,,319 738,,,"Direct",1701,9273,4951,
- -,ISL,KGL,Turkish Airlines (TK),Turkish Airlines,2966,06:25,,,,,739,,,"Direct",1701,1165,4951,
- -,ISL,KGL,Rwandair Express (WB),Rwandair Express,2966,06:25,,,,,739,,,"Direct",1701,1165,4292,
- -,ISL,KHI,Turkish Airlines (TK),Turkish Airlines,2457,05:24,,,,,738,,,"Direct",1701,2206,4951,
- -,ISL,KIV,Air Moldova (9U),Air Moldova,410,01:19,,,,,320 E90,,,"Direct",1701,1735,1073,
- -,ISL,KIV,Turkish Airlines (TK),Turkish Airlines,410,01:19,,,,,319 73W,,,"Direct",1701,1735,4951,
- -,ISL,KIX,All Nippon Airways (NH),All Nippon Airways,5439,11:22,,,,,332,,,"Codeshare",1701,3992,324,
- -,ISL,KIX,Turkish Airlines (TK),Turkish Airlines,5439,11:22,,,,,330,,,"Direct",1701,3992,4951,
- -,ISL,KRT,Turkish Airlines (TK),Turkish Airlines,1767,04:02,,,,,738,,,"Direct",1701,1175,4951,
- -,ISL,KSH,Turkish Airlines (TK),Turkish Airlines,1099,02:41,,,,,319 320,,,"Direct",1701,2114,4951,
- -,ISL,KSY,Turkish Airlines (TK),Turkish Airlines,747,01:59,,,,,319 738,,,"Direct",1701,5796,4951,
- -,ISL,KTM,Turkish Airlines (TK),Turkish Airlines,3292,07:05,,,,,332 330,,,"Direct",1701,3125,4951,
- -,ISL,KUL,Malaysia Airlines (MH),Malaysia Airlines,5202,10:54,,,,,330 772,,,"Direct",1701,3304,3378,
- -,ISL,KUL,Turkish Airlines (TK),Turkish Airlines,5202,10:54,,,,,330,,,"Direct",1701,3304,4951,
- -,ISL,KVD,Turkish Airlines (TK),Turkish Airlines,912,02:19,,,,,738 319,,,"Direct",1701,6089,4951,
- -,ISL,KWI,Kuwait Airways (KU),Kuwait Airways,1347,03:11,,,,,321,,,"Direct",1701,2176,3179,
- -,ISL,KWI,Turkish Airlines (TK),Turkish Airlines,1347,03:11,,,,,332 321 343,,,"Direct",1701,2176,4951,
- -,ISL,KYA,Turkish Airlines (TK),Turkish Airlines,287,01:04,,,,,319 320 738,,,"Direct",1701,1691,4951,
- -,ISL,KZN,Turkish Airlines (TK),Turkish Airlines,1369,03:14,,,,,738 319,,,"Direct",1701,2990,4951,
- -,ISL,KZR,Turkish Airlines (TK),Turkish Airlines,146,00:47,,,,,319 738,,,"Direct",1701,9045,4951,
- -,ISL,LAX,Turkish Airlines (TK),Turkish Airlines,6852,14:12,,,,,77W,,,"Direct",1701,3484,4951,
- -,ISL,LAX,US Airways (US),US Airways,6852,14:12,,,,,77W,,,"Codeshare",1701,3484,5265,
- -,ISL,LED,Aeroflot Russian Airlines (SU),Aeroflot Russian Airlines,1301,03:06,,,,,319,,,"Direct",1701,2948,130,
- -,ISL,LED,Turkish Airlines (TK),Turkish Airlines,1301,03:06,,,,,321 738,,,"Direct",1701,2948,4951,
- -,ISL,LEJ,Turkish Airlines (TK),Turkish Airlines,1067,02:38,,,,,320,,,"Direct",1701,348,4951,
- -,ISL,LGW,Turkish Airlines (TK),Turkish Airlines,1543,03:35,,,,,739 321 738,,,"Direct",1701,502,4951,
- -,ISL,LHE,Turkish Airlines (TK),Turkish Airlines,2590,05:40,,,,,738,,,"Direct",1701,2207,4951,
- -,ISL,LHR,American Airlines (AA),American Airlines,1560,03:37,,,,,320,,,"Codeshare",1701,507,24,
- -,ISL,LHR,British Airways (BA),British Airways,1560,03:37,,,,,320 767,,,"Direct",1701,507,1355,
- -,ISL,LHR,Turkish Airlines (TK),Turkish Airlines,1560,03:37,,,,,77W 321,,,"Direct",1701,507,4951,
- -,ISL,LIS,Turkish Airlines (TK),Turkish Airlines,2000,04:30,,,,,321 738,,,"Direct",1701,1638,4951,
- -,ISL,LIS,TAP Portugal (TP),TAP Portugal,2000,04:30,,,,,321,,,"Direct",1701,1638,4869,
- -,ISL,LJU,Adria Airways (JP),Adria Airways,802,02:06,,,,,CR9 319,,,"Direct",1701,1569,83,
- -,ISL,LJU,Turkish Airlines (TK),Turkish Airlines,802,02:06,,,,,CR9 319,,,"Direct",1701,1569,4951,
- -,ISL,LOS,Turkish Airlines (TK),Turkish Airlines,2846,06:11,,,,,739,,,"Direct",1701,273,4951,
- -,ISL,LTN,Atlasjet (KK),Atlasjet,1564,03:37,,,,,320,,,"Direct",1701,492,995,
- -,ISL,LUX,Turkish Airlines (TK),Turkish Airlines,1243,02:59,,,,,73W 739 738,,,"Direct",1701,629,4951,
- -,ISL,LWO,Turkish Airlines (TK),Turkish Airlines,653,01:48,,,,,738 739,,,"Direct",1701,2945,4951,
- -,ISL,LYS,Turkish Airlines (TK),Turkish Airlines,1230,02:57,,,,,738 321 330,,,"Direct",1701,1335,4951,
- -,ISL,MAD,Turkish Airlines (TK),Turkish Airlines,1684,03:52,,,,,332 738 739 321,,,"Direct",1701,1229,4951,
- -,ISL,MAN,Turkish Airlines (TK),Turkish Airlines,1671,03:50,,,,,321,,,"Direct",1701,478,4951,
- -,ISL,MCT,Turkish Airlines (TK),Turkish Airlines,2081,04:39,,,,,739 738,,,"Direct",1701,2194,4951,
- -,ISL,MCT,Oman Air (WY),Oman Air,2081,04:39,,,,,321,,,"Direct",1701,2194,3778,
- -,ISL,MED,Saudi Arabian Airlines (SV),Saudi Arabian Airlines,1295,03:05,,,,,320,,,"Direct",1701,2074,4533,
- -,ISL,MED,Turkish Airlines (TK),Turkish Airlines,1295,03:05,,,,,321 343 330 332,,,"Direct",1701,2074,4951,
- -,ISL,MHD,Turkish Airlines (TK),Turkish Airlines,1686,03:52,,,,,319 73W,,,"Direct",1701,4331,4951,
- -,ISL,MLA,Air Malta (KM),Air Malta,851,02:12,,,,,319 737,,,"Direct",1701,1606,242,
- -,ISL,MLA,Turkish Airlines (TK),Turkish Airlines,851,02:12,,,,,319 738,,,"Direct",1701,1606,4951,
- -,ISL,MLE,Turkish Airlines (TK),Turkish Airlines,3752,08:00,,,,,330,,,"Direct",1701,3156,4951,
- -,ISL,MQM,Turkish Airlines (TK),Turkish Airlines,683,01:51,,,,,320,,,"Direct",1701,6753,4951,
- -,ISL,MRA,Afriqiyah Airways (8U),Afriqiyah Airways,966,02:25,,,,,320,,,"Direct",1701,5804,32,
- -,ISL,MRA,Turkish Airlines (TK),Turkish Airlines,966,02:25,,,,,319,,,"Direct",1701,5804,4951,
- -,ISL,MRS,Air France (AF),Air France,1214,02:55,,,,,320,,,"Direct",1701,1353,137,
- -,ISL,MRS,Turkish Airlines (TK),Turkish Airlines,1214,02:55,,,,,738 321 319,,,"Direct",1701,1353,4951,
- -,ISL,MSQ,Belavia Belarusian Airlines (B2),Belavia Belarusian Airlines,891,02:16,,,,,733 E75,,,"Direct",1701,2954,1478,
- -,ISL,MSQ,Turkish Airlines (TK),Turkish Airlines,891,02:16,,,,,320,,,"Direct",1701,2954,4951,
- -,ISL,MSR,Turkish Airlines (TK),Turkish Airlines,697,01:53,,,,,320,,,"Direct",1701,6782,4951,
- -,ISL,MUC,Lufthansa (LH),Lufthansa,976,02:27,,,,,321 320,,,"Direct",1701,346,3320,
- -,ISL,MUC,Asiana Airlines (OZ),Asiana Airlines,976,02:27,,,,,321,,,"Direct",1701,346,28,
- -,ISL,MUC,Turkish Airlines (TK),Turkish Airlines,976,02:27,,,,,321 320 738,,,"Direct",1701,346,4951,
- -,ISL,MUC,US Airways (US),US Airways,976,02:27,,,,,321 320 738,,,"Codeshare",1701,346,5265,
- -,ISL,MXP,Turkish Airlines (TK),Turkish Airlines,1056,02:36,,,,,321 739 320,,,"Direct",1701,1524,4951,
- -,ISL,MZH,Turkish Airlines (TK),Turkish Airlines,350,01:12,,,,,320,,,"Direct",1701,1693,4951,
- -,ISL,MZR,Turkish Airlines (TK),Turkish Airlines,2069,04:38,,,,,320 738,,,"Direct",1701,2053,4951,
- -,ISL,NAJ,Turkish Airlines (TK),Turkish Airlines,886,02:16,,,,,319,,,"Direct",1701,6090,4951,
- -,ISL,NAP,Turkish Airlines (TK),Turkish Airlines,756,02:00,,,,,738,,,"Direct",1701,1561,4951,
- -,ISL,NAV,Turkish Airlines (TK),Turkish Airlines,339,01:10,,,,,738 320 319,,,"Direct",1701,3987,4951,
- -,ISL,NBC,Atlasjet (KK),Atlasjet,1456,03:24,,,,,320,,,"Direct",1701,6969,995,
- -,ISL,NBO,Asiana Airlines (OZ),Asiana Airlines,2964,06:25,,,,,738,,,"Codeshare",1701,4059,28,
- -,ISL,NBO,Turkish Airlines (TK),Turkish Airlines,2964,06:25,,,,,738,,,"Direct",1701,4059,4951,
- -,ISL,NCE,Turkish Airlines (TK),Turkish Airlines,1114,02:43,,,,,320 738 321,,,"Direct",1701,1354,4951,
- -,ISL,NIM,Turkish Airlines (TK),Turkish Airlines,2484,05:28,,,,,739 738,,,"Direct",1701,280,4951,
- -,ISL,NJF,Turkish Airlines (TK),Turkish Airlines,1062,02:37,,,,,738,,,"Direct",1701,7490,4951,
- -,ISL,NRT,All Nippon Airways (NH),All Nippon Airways,5586,11:40,,,,,332 77W,,,"Codeshare",1701,2279,324,
- -,ISL,NRT,Turkish Airlines (TK),Turkish Airlines,5586,11:40,,,,,330 77W,,,"Direct",1701,2279,4951,
- -,ISL,NSI,Turkish Airlines (TK),Turkish Airlines,2786,06:04,,,,,739,,,"Direct",1701,4161,4951,
- -,ISL,NUE,Turkish Airlines (TK),Turkish Airlines,1039,02:34,,,,,320 738,,,"Direct",1701,347,4951,
- -,ISL,ODS,Onur Air (8Q),Onur Air,387,01:16,,,,,320,,,"Direct",1701,2947,3788,
- -,ISL,ODS,Ukraine International Airlines (PS),Ukraine International Airlines,387,01:16,,,,,320 734 738,,,"Direct",1701,2947,5282,
- -,ISL,ODS,Turkish Airlines (TK),Turkish Airlines,387,01:16,,,,,738 739,,,"Direct",1701,2947,4951,
- -,ISL,ODS,AlMasria Universal Airlines (UJ),AlMasria Universal Airlines,387,01:16,,,,,320,,,"Direct",1701,2947,11811,
- -,ISL,ORD,Turkish Airlines (TK),Turkish Airlines,5473,11:26,,,,,330,,,"Direct",1701,3830,4951,
- -,ISL,ORD,US Airways (US),US Airways,5473,11:26,,,,,330,,,"Codeshare",1701,3830,5265,
- -,ISL,ORN,Air Algerie (AH),Air Algerie,1629,03:45,,,,,738,,,"Direct",1701,231,794,
- -,ISL,ORN,Turkish Airlines (TK),Turkish Airlines,1629,03:45,,,,,738,,,"Direct",1701,231,4951,
- -,ISL,OSL,Scandinavian Airlines System (SK),Scandinavian Airlines System,1523,03:32,,,,,321 738,,,"Direct",1701,644,4319,
- -,ISL,OSL,Turkish Airlines (TK),Turkish Airlines,1523,03:32,,,,,321 738,,,"Direct",1701,644,4951,
- -,ISL,OSS,Air Florida (QH),Air Florida,2274,05:02,,,,,319,,,"Direct",1701,2913,882,
- -,ISL,OSS,Turkish Airlines (TK),Turkish Airlines,2274,05:02,,,,,319,,,"Direct",1701,2913,4951,
- -,ISL,OTP,Tarom (RO),Tarom,284,01:04,,,,,318,,,"Direct",1701,1657,5179,
- -,ISL,OTP,Turkish Airlines (TK),Turkish Airlines,284,01:04,,,,,738 319 320 321,,,"Direct",1701,1657,4951,
- -,ISL,OVB,Turkish Airlines (TK),Turkish Airlines,2593,05:41,,,,,738,,,"Direct",1701,4078,4951,
- -,ISL,PEK,Air China (CA),Air China,4391,09:16,,,,,77W,,,"Direct",1701,3364,751,
- -,ISL,PEK,Turkish Airlines (TK),Turkish Airlines,4391,09:16,,,,,77W,,,"Direct",1701,3364,4951,
- -,ISL,PRG,Turkish Airlines (TK),Turkish Airlines,941,02:22,,,,,738 321 320,,,"Direct",1701,1587,4951,
- -,ISL,PRN,Turkish Airlines (TK),Turkish Airlines,415,01:19,,,,,320 73W 319 738,,,"Direct",1701,1742,4951,
- -,ISL,PVG,Air China (CA),Air China,4986,10:28,,,,,77W,,,"Direct",1701,3406,751,
- -,ISL,PVG,Turkish Airlines (TK),Turkish Airlines,4986,10:28,,,,,77W,,,"Direct",1701,3406,4951,
- -,ISL,RIX,Turkish Airlines (TK),Turkish Airlines,1122,02:44,,,,,320,,,"Direct",1701,3953,4951,
- -,ISL,ROV,Aeroflot Russian Airlines (SU),Aeroflot Russian Airlines,709,01:55,,,,,319,,,"Direct",1701,2964,130,
- -,ISL,ROV,Turkish Airlines (TK),Turkish Airlines,709,01:55,,,,,319,,,"Direct",1701,2964,4951,
- -,ISL,RTM,Turkish Airlines (TK),Turkish Airlines,1375,03:15,,,,,320,,,"Direct",1701,591,4951,
- -,ISL,RUH,Saudi Arabian Airlines (SV),Saudi Arabian Airlines,1509,03:31,,,,,320,,,"Direct",1701,2082,4533,
- -,ISL,RUH,Turkish Airlines (TK),Turkish Airlines,1509,03:31,,,,,321 332,,,"Direct",1701,2082,4951,
- -,ISL,SAH,Turkish Airlines (TK),Turkish Airlines,1987,04:28,,,,,738,,,"Direct",1701,3980,4951,
- -,ISL,SCO,Air Astana (KC),Air Astana,1149,02:47,,,,,320,,,"Direct",1701,4367,1006,
- -,ISL,SIN,Garuda Indonesia (GA),Garuda Indonesia,5383,11:15,,,,,333,,,"Codeshare",1701,3316,2520,
- -,ISL,SIN,Singapore Airlines (SQ),Singapore Airlines,5383,11:15,,,,,772,,,"Direct",1701,3316,4435,
- -,ISL,SIN,Turkish Airlines (TK),Turkish Airlines,5383,11:15,,,,,330,,,"Direct",1701,3316,4951,
- -,ISL,SJJ,Air Bosna (JA),Air Bosna,569,01:38,,,,,AT7,,,"Direct",1701,1646,132,
- -,ISL,SJJ,Turkish Airlines (TK),Turkish Airlines,569,01:38,,,,,320 738 321,,,"Direct",1701,1646,4951,
- -,ISL,SKG,Turkish Airlines (TK),Turkish Airlines,307,01:06,,,,,738,,,"Direct",1701,1486,4951,
- -,ISL,SKP,Turkish Airlines (TK),Turkish Airlines,378,01:15,,,,,319,,,"Direct",1701,1737,4951,
- -,ISL,SOF,Turkish Airlines (TK),Turkish Airlines,302,01:06,,,,,738 320,,,"Direct",1701,1194,4951,
- -,ISL,SSH,Egyptair (MS),Egyptair,951,02:24,,,,,738 319,,,"Direct",1701,4057,2143,
- -,ISL,SSH,Turkish Airlines (TK),Turkish Airlines,951,02:24,,,,,738 319,,,"Direct",1701,4057,4951,
- -,ISL,STR,Turkish Airlines (TK),Turkish Airlines,1092,02:41,,,,,320 321,,,"Direct",1701,350,4951,
- -,ISL,SVO,Aeroflot Russian Airlines (SU),Aeroflot Russian Airlines,1105,02:42,,,,,320,,,"Direct",1701,2985,130,
- -,ISL,SVX,Turkish Airlines (TK),Turkish Airlines,1788,04:04,,,,,321,,,"Direct",1701,2975,4951,
- -,ISL,SYZ,Turkish Airlines (TK),Turkish Airlines,1548,03:35,,,,,320 319,,,"Direct",1701,2157,4951,
- -,ISL,SZG,Turkish Airlines (TK),Turkish Airlines,908,02:18,,,,,320,,,"Direct",1701,1612,4951,
- -,ISL,TAS,Uzbekistan Airways (HY),Uzbekistan Airways,2085,04:40,,,,,767,,,"Direct",1701,2983,5281,
- -,ISL,TAS,Turkish Airlines (TK),Turkish Airlines,2085,04:40,,,,,321,,,"Direct",1701,2983,4951,
- -,ISL,TBS,Atlasjet (KK),Atlasjet,837,02:10,,,,,320,,,"Direct",1701,3973,995,
- -,ISL,TBS,Turkish Airlines (TK),Turkish Airlines,837,02:10,,,,,319 73W 738 320,,,"Direct",1701,3973,4951,
- -,ISL,TBZ,Turkish Airlines (TK),Turkish Airlines,946,02:23,,,,,738 319,,,"Direct",1701,2162,4951,
- -,ISL,TGD,Turkish Airlines (TK),Turkish Airlines,502,01:30,,,,,319,,,"Direct",1701,1741,4951,
- -,ISL,TIA,Turkish Airlines (TK),Turkish Airlines,473,01:26,,,,,319,,,"Direct",1701,1190,4951,
- -,ISL,TIF,Turkish Airlines (TK),Turkish Airlines,1510,03:31,,,,,319,,,"Direct",1701,2090,4951,
- -,ISL,TIP,Afriqiyah Airways (8U),Afriqiyah Airways,1036,02:34,,,,,332 319,,,"Direct",1701,1157,32,
- -,ISL,TIP,Libyan Arab Airlines (LN),Libyan Arab Airlines,1036,02:34,,,,,330,,,"Direct",1701,1157,3258,
- -,ISL,TIP,Turkish Airlines (TK),Turkish Airlines,1036,02:34,,,,,320 738,,,"Direct",1701,1157,4951,
- -,ISL,TLL,Turkish Airlines (TK),Turkish Airlines,1284,03:04,,,,,319,,,"Direct",1701,415,4951,
- -,ISL,TLS,Turkish Airlines (TK),Turkish Airlines,1407,03:18,,,,,320 321,,,"Direct",1701,1273,4951,
- -,ISL,TLV,Turkish Airlines (TK),Turkish Airlines,704,01:54,,,,,321 738 320 330 332 739 319,,,"Direct",1701,1590,4951,
- -,ISL,TRN,Turkish Airlines (TK),Turkish Airlines,1102,02:42,,,,,73W 738 319 320,,,"Direct",1701,1526,4951,
- -,ISL,TSE,Air Astana (KC),Air Astana,2126,04:45,,,,,320,,,"Direct",1701,2910,1006,
- -,ISL,TSE,Turkish Airlines (TK),Turkish Airlines,2126,04:45,,,,,738 320,,,"Direct",1701,2910,4951,
- -,ISL,TUN,Turkish Airlines (TK),Turkish Airlines,1036,02:34,,,,,739 321 738,,,"Direct",1701,287,4951,
- -,ISL,TUN,Tunisair (TU),Tunisair,1036,02:34,,,,,32A 736 320,,,"Direct",1701,287,4870,
- -,ISL,TXL,Turkish Airlines (TK),Turkish Airlines,1081,02:39,,,,,738 320 321,,,"Direct",1701,351,4951,
- -,ISL,TZX,Onur Air (8Q),Onur Air,571,01:38,,,,,320,,,"Direct",1701,1726,3788,
- -,ISL,TZX,Turkish Airlines (TK),Turkish Airlines,571,01:38,,,,,320 321 319 738 73W,,,"Direct",1701,1726,4951,
- -,ISL,UFA,Turkish Airlines (TK),Turkish Airlines,1551,03:36,,,,,319,,,"Direct",1701,2992,4951,
- -,ISL,URC,China Southern Airlines (CZ),China Southern Airlines,2932,06:21,,,,,330,,,"Direct",1701,3399,1767,
- -,ISL,VAN,Turkish Airlines (TK),Turkish Airlines,789,02:04,,,,,320 319 73W,,,"Direct",1701,1728,4951,
- -,ISL,VAS,Turkish Airlines (TK),Turkish Airlines,432,01:21,,,,,320 319,,,"Direct",1701,1694,4951,
- -,ISL,VCE,Turkish Airlines (TK),Turkish Airlines,883,02:15,,,,,321 739 738 320 319,,,"Direct",1701,1551,4951,
- -,ISL,VIE,Austrian Airlines (OS),Austrian Airlines,776,02:03,,,,,320 100 319,,,"Codeshare",1701,1613,491,
- -,ISL,VIE,Asiana Airlines (OZ),Asiana Airlines,776,02:03,,,,,321,,,"Direct",1701,1613,28,
- -,ISL,VIE,Turkish Airlines (TK),Turkish Airlines,776,02:03,,,,,321 738 330 320,,,"Direct",1701,1613,4951,
- -,ISL,VKO,Turkish Airlines (TK),Turkish Airlines,1079,02:39,,,,,321 738,,,"Direct",1701,2988,4951,
- -,ISL,VKO,Transaero Airlines (UN),Transaero Airlines,1079,02:39,,,,,738 73G,,,"Direct",1701,2988,5067,
- -,ISL,VLC,Turkish Airlines (TK),Turkish Airlines,1540,03:34,,,,,738,,,"Direct",1701,1246,4951,
- -,ISL,VNO,Turkish Airlines (TK),Turkish Airlines,956,02:24,,,,,319,,,"Direct",1701,3959,4951,
- -,ISL,WAW,LOT Polish Airlines (LO),LOT Polish Airlines,856,02:12,,,,,734 E95,,,"Direct",1701,679,3210,
- -,ISL,WAW,Turkish Airlines (TK),Turkish Airlines,856,02:12,,,,,321,,,"Direct",1701,679,4951,
- -,ISL,YNB,Turkish Airlines (TK),Turkish Airlines,1279,03:03,,,,,320 321,,,"Direct",1701,2096,4951,
- -,ISL,YYZ,Air Canada (AC),Air Canada,5091,10:40,,,,,763 77W,,,"Direct",1701,193,330,
- -,ISL,YYZ,Turkish Airlines (TK),Turkish Airlines,5091,10:40,,,,,763 77W,,,"Direct",1701,193,4951,
- -,ISL,ZAG,Croatia Airlines (OU),Croatia Airlines,718,01:56,,,,,319,,,"Direct",1701,1208,1925,
- -,ISL,ZAG,Turkish Airlines (TK),Turkish Airlines,718,01:56,,,,,739 319 320 738,,,"Direct",1701,1208,4951,
- -,ISL,ZRH,Swiss International Air Lines (LX),Swiss International Air Lines,1094,02:41,,,,,320 32A,,,"Direct",1701,1678,4559,
- -,ISL,ZRH,Asiana Airlines (OZ),Asiana Airlines,1094,02:41,,,,,320,,,"Direct",1701,1678,28,
- -,ISL,ZRH,Turkish Airlines (TK),Turkish Airlines,1094,02:41,,,,,321 320 738,,,"Direct",1701,1678,4951,
- -,ISL,ZRH,US Airways (US),US Airways,1094,02:41,,,,,738 321,,,"Codeshare",1701,1678,5265,