﻿Date,From,To,Flight_Number,Airline,Distance,Duration,Seat,Seat_Type,Class,Reason,Plane,Registration,Trip,Note,From_OID,To_OID,Airline_OID,Plane_OID
- -,AMM,VIE,Austrian Airlines (OS),Austrian Airlines,1520,03:32,,,,,320 319,,,"Codeshare",2170,1613,491,
- -,AMS,VIE,Austrian Airlines (OS),Austrian Airlines,595,01:41,,,,,100 319 F70 320,,,"Codeshare",580,1613,491,
- -,ARN,VIE,Austrian Airlines (OS),Austrian Airlines,798,02:05,,,,,320 100 319,,,"Codeshare",737,1613,491,
- -,ATH,VIE,Austrian Airlines (OS),Austrian Airlines,794,02:05,,,,,321 320,,,"Codeshare",3941,1613,491,
- -,AYT,VIE,Austrian Airlines (OS),Austrian Airlines,1056,02:36,,,,,320 319,,,"Codeshare",1688,1613,491,
- -,BCN,VIE,Austrian Airlines (OS),Austrian Airlines,850,02:12,,,,,321 320,,,"Codeshare",1218,1613,491,
- -,BEG,VIE,Austrian Airlines (OS),Austrian Airlines,288,01:04,,,,,DH4 F70 319 100 320,,,"Codeshare",1739,1613,491,
- -,BKK,VIE,Austrian Airlines (OS),Austrian Airlines,5248,10:59,,,,,772,,,"Direct",3885,1613,491,
- -,BLQ,VIE,Austrian Airlines (OS),Austrian Airlines,352,01:12,,,,,100 F70 DH4,,,"Codeshare",1538,1613,491,
- -,BRU,VIE,Austrian Airlines (OS),Austrian Airlines,574,01:38,,,,,319 320 F70,,,"Codeshare",302,1613,491,
- -,BSL,VIE,Austrian Airlines (OS),Austrian Airlines,420,01:20,,,,,DH4,,,"Codeshare",1423,1613,491,
- -,BUD,VIE,Austrian Airlines (OS),Austrian Airlines,133,00:45,,,,,DH4 100 F70,,,"Codeshare",1489,1613,491,
- -,CAI,VIE,Austrian Airlines (OS),Austrian Airlines,1468,03:26,,,,,319 738 E70,,,"Codeshare",1128,1613,491,
- -,CDG,VIE,Austrian Airlines (OS),Austrian Airlines,642,01:47,,,,,320 321 318,,,"Codeshare",1382,1613,491,
- -,CGN,KLU,Austrian Airlines (OS),Austrian Airlines,438,01:22,,,,,CRJ,,,"Codeshare",344,4322,491,
- -,CGN,SZG,Austrian Airlines (OS),Austrian Airlines,338,01:10,,,,,319,,,"Codeshare",344,1612,491,
- -,CGN,VIE,Austrian Airlines (OS),Austrian Airlines,463,01:25,,,,,319 100 F70 320,,,"Codeshare",344,1613,491,
- -,CHQ,VIE,Austrian Airlines (OS),Austrian Airlines,951,02:24,,,,,320,,,"Codeshare",1474,1613,491,
- -,CLJ,VIE,Austrian Airlines (OS),Austrian Airlines,344,01:11,,,,,AT5,,,"Codeshare",1652,1613,491,
- -,CPH,VIE,Austrian Airlines (OS),Austrian Airlines,544,01:35,,,,,319 320 100,,,"Codeshare",609,1613,491,
- -,CTA,VIE,Austrian Airlines (OS),Austrian Airlines,738,01:58,,,,,320 100,,,"Codeshare",1509,1613,491,
- -,DBV,VIE,Austrian Airlines (OS),Austrian Airlines,391,01:16,,,,,321 319 320,,,"Codeshare",1200,1613,491,
- -,DEL,VIE,Austrian Airlines (OS),Austrian Airlines,3444,07:23,,,,,767 763,,,"Codeshare",3093,1613,491,
- -,DLM,VIE,Austrian Airlines (OS),Austrian Airlines,1001,02:30,,,,,100,,,"Codeshare",1715,1613,491,
- -,DME,VIE,Austrian Airlines (OS),Austrian Airlines,1035,02:34,,,,,320,,,"Codeshare",4029,1613,491,
- -,DNK,VIE,Austrian Airlines (OS),Austrian Airlines,850,02:12,,,,,F70 100,,,"Codeshare",2941,1613,491,
- -,DUS,GRZ,Austrian Airlines (OS),Austrian Airlines,491,01:28,,,,,DH4,,,"Codeshare",345,1609,491,
- -,DUS,LNZ,Austrian Airlines (OS),Austrian Airlines,392,01:17,,,,,DH4,,,"Codeshare",345,1611,491,
- -,DUS,VIE,Austrian Airlines (OS),Austrian Airlines,489,01:28,,,,,320 319 321 100 CR9,,,"Codeshare",345,1613,491,
- -,DXB,VIE,Austrian Airlines (OS),Austrian Airlines,2622,05:44,,,,,763,,,"Codeshare",2188,1613,491,
- -,EBL,VIE,Austrian Airlines (OS),Austrian Airlines,1611,03:43,,,,,319,,,"Codeshare",3989,1613,491,
- -,EVN,VIE,Austrian Airlines (OS),Austrian Airlines,1474,03:26,,,,,320 321,,,"Codeshare",3964,1613,491,
- -,FCO,VIE,Austrian Airlines (OS),Austrian Airlines,484,01:28,,,,,320 100 319,,,"Codeshare",1555,1613,491,
- -,FLR,VIE,Austrian Airlines (OS),Austrian Airlines,392,01:17,,,,,DH4 F70,,,"Codeshare",1563,1613,491,
- -,FNC,VIE,Austrian Airlines (OS),Austrian Airlines,2027,04:33,,,,,321,,,"Codeshare",4091,1613,491,
- -,FRA,GRZ,Austrian Airlines (OS),Austrian Airlines,377,01:15,,,,,E90 733,,,"Codeshare",340,1609,491,
- -,FRA,INN,Austrian Airlines (OS),Austrian Airlines,229,00:57,,,,,DH4,,,"Codeshare",340,1610,491,
- -,FRA,LNZ,Austrian Airlines (OS),Austrian Airlines,282,01:03,,,,,CR7 E90,,,"Codeshare",340,1611,491,
- -,FRA,SZG,Austrian Airlines (OS),Austrian Airlines,253,01:00,,,,,100,,,"Codeshare",340,1612,491,
- -,FRA,VIE,Austrian Airlines (OS),Austrian Airlines,385,01:16,,,,,321 320 319,,,"Codeshare",340,1613,491,
- -,GRZ,DUS,Austrian Airlines (OS),Austrian Airlines,491,01:28,,,,,DH4,,,"Codeshare",1609,345,491,
- -,GRZ,FRA,Austrian Airlines (OS),Austrian Airlines,377,01:15,,,,,E90 733,,,"Codeshare",1609,340,491,
- -,GRZ,MUC,Austrian Airlines (OS),Austrian Airlines,194,00:53,,,,,CR9 CR7,,,"Codeshare",1609,346,491,
- -,GRZ,STR,Austrian Airlines (OS),Austrian Airlines,311,01:07,,,,,DH4,,,"Codeshare",1609,350,491,
- -,GRZ,VIE,Austrian Airlines (OS),Austrian Airlines,93,00:41,,,,,100 DH4 F70,,,"Codeshare",1609,1613,491,
- -,GVA,VIE,Austrian Airlines (OS),Austrian Airlines,507,01:30,,,,,F70 319 100,,,"Codeshare",1665,1613,491,
- -,GYD,VIE,Austrian Airlines (OS),Austrian Airlines,1721,03:56,,,,,319,,,"Codeshare",2922,1613,491,
- -,HAJ,VIE,Austrian Airlines (OS),Austrian Airlines,426,01:21,,,,,319,,,"Codeshare",352,1613,491,
- -,HAM,KLU,Austrian Airlines (OS),Austrian Airlines,519,01:32,,,,,319 CRJ,,,"Codeshare",342,4322,491,
- -,HAM,VIE,Austrian Airlines (OS),Austrian Airlines,476,01:27,,,,,319 320 321 CRJ,,,"Codeshare",342,1613,491,
- -,HER,VIE,Austrian Airlines (OS),Austrian Airlines,985,02:28,,,,,320,,,"Codeshare",1452,1613,491,
- -,HRG,VIE,Austrian Airlines (OS),Austrian Airlines,1716,03:55,,,,,319,,,"Codeshare",1130,1613,491,
- -,HRK,VIE,Austrian Airlines (OS),Austrian Airlines,899,02:17,,,,,F70,,,"Codeshare",6105,1613,491,
- -,IAD,VIE,Austrian Airlines (OS),Austrian Airlines,4449,09:23,,,,,763,,,"Codeshare",3714,1613,491,
- -,IAS,VIE,Austrian Airlines (OS),Austrian Airlines,517,01:32,,,,,DH4,,,"Codeshare",1655,1613,491,
- -,IKA,VIE,Austrian Airlines (OS),Austrian Airlines,1963,04:25,,,,,320 319,,,"Codeshare",4330,1613,491,
- -,INN,FRA,Austrian Airlines (OS),Austrian Airlines,229,00:57,,,,,DH4,,,"Codeshare",1610,340,491,
- -,INN,VIE,Austrian Airlines (OS),Austrian Airlines,249,00:59,,,,,F70 100 DH4 320,,,"Codeshare",1610,1613,491,
- -,ISL,VIE,Austrian Airlines (OS),Austrian Airlines,776,02:03,,,,,320 100 319,,,"Codeshare",1701,1613,491,
- -,JFK,VIE,Austrian Airlines (OS),Austrian Airlines,4226,08:57,,,,,772,,,"Codeshare",3797,1613,491,
- -,JTR,VIE,Austrian Airlines (OS),Austrian Airlines,926,02:21,,,,,F70,,,"Codeshare",1479,1613,491,
- -,KBP,VIE,Austrian Airlines (OS),Austrian Airlines,663,01:49,,,,,E90 F70 100 73G 735,,,"Codeshare",2939,1613,491,
- -,KIV,VIE,Austrian Airlines (OS),Austrian Airlines,581,01:39,,,,,100 DH4,,,"Codeshare",1735,1613,491,
- -,KLU,CGN,Austrian Airlines (OS),Austrian Airlines,438,01:22,,,,,CRJ,,,"Codeshare",4322,344,491,
- -,KLU,HAM,Austrian Airlines (OS),Austrian Airlines,519,01:32,,,,,319 CRJ,,,"Codeshare",4322,342,491,
- -,KLU,TXL,Austrian Airlines (OS),Austrian Airlines,411,01:19,,,,,319 CRJ,,,"Codeshare",4322,351,491,
- -,KLU,VIE,Austrian Airlines (OS),Austrian Airlines,145,00:47,,,,,DH4,,,"Codeshare",4322,1613,491,
- -,KRK,VIE,Austrian Airlines (OS),Austrian Airlines,198,00:53,,,,,F70 DH4,,,"Codeshare",669,1613,491,
- -,KRR,VIE,Austrian Airlines (OS),Austrian Airlines,1089,02:40,,,,,100 F70 319,,,"Codeshare",2960,1613,491,
- -,KSC,VIE,Austrian Airlines (OS),Austrian Airlines,217,00:56,,,,,100 DH4,,,"Codeshare",1746,1613,491,
- -,LCA,VIE,Austrian Airlines (OS),Austrian Airlines,1264,03:01,,,,,320 321,,,"Codeshare",1197,1613,491,
- -,LED,VIE,Austrian Airlines (OS),Austrian Airlines,976,02:27,,,,,100 F70,,,"Codeshare",2948,1613,491,
- -,LEJ,VIE,Austrian Airlines (OS),Austrian Airlines,299,01:05,,,,,DH4,,,"Codeshare",348,1613,491,
- -,LHR,VIE,Austrian Airlines (OS),Austrian Airlines,791,02:04,,,,,321 320,,,"Codeshare",507,1613,491,
- -,LIS,VIE,Austrian Airlines (OS),Austrian Airlines,1431,03:21,,,,,320 319,,,"Codeshare",1638,1613,491,
- -,LJU,VIE,Austrian Airlines (OS),Austrian Airlines,163,00:49,,,,,CR9 CR2,,,"Codeshare",1569,1613,491,
- -,LNZ,DUS,Austrian Airlines (OS),Austrian Airlines,392,01:17,,,,,DH4,,,"Codeshare",1611,345,491,
- -,LNZ,FRA,Austrian Airlines (OS),Austrian Airlines,282,01:03,,,,,E90 CR7,,,"Codeshare",1611,340,491,
- -,LNZ,VIE,Austrian Airlines (OS),Austrian Airlines,110,00:43,,,,,DH4 D38,,,"Codeshare",1611,1613,491,
- -,LPA,VIE,Austrian Airlines (OS),Austrian Airlines,2200,04:54,,,,,320,,,"Codeshare",1054,1613,491,
- -,LUX,VIE,Austrian Airlines (OS),Austrian Airlines,481,01:27,,,,,DH4,,,"Direct",629,1613,491,
- -,LWO,VIE,Austrian Airlines (OS),Austrian Airlines,354,01:12,,,,,DH4,,,"Codeshare",2945,1613,491,
- -,LYS,VIE,Austrian Airlines (OS),Austrian Airlines,565,01:37,,,,,DH4 F70,,,"Codeshare",1335,1613,491,
- -,MLA,VIE,Austrian Airlines (OS),Austrian Airlines,852,02:12,,,,,319 320,,,"Codeshare",1606,1613,491,
- -,MSQ,VIE,Austrian Airlines (OS),Austrian Airlines,636,01:46,,,,,F70 100 320 319 321,,,"Codeshare",2954,1613,491,
- -,MUC,GRZ,Austrian Airlines (OS),Austrian Airlines,194,00:53,,,,,CR9 CR7,,,"Codeshare",346,1609,491,
- -,MUC,VIE,Austrian Airlines (OS),Austrian Airlines,220,00:56,,,,,E95 320 319 100 CR9 F70,,,"Codeshare",346,1613,491,
- -,MXP,VIE,Austrian Airlines (OS),Austrian Airlines,407,01:18,,,,,320 319 100,,,"Codeshare",1524,1613,491,
- -,NAP,VIE,Austrian Airlines (OS),Austrian Airlines,511,01:31,,,,,321,,,"Codeshare",1561,1613,491,
- -,NCE,VIE,Austrian Airlines (OS),Austrian Airlines,544,01:35,,,,,100 320 DH4 F70 321,,,"Codeshare",1354,1613,491,
- -,NRT,VIE,Austrian Airlines (OS),Austrian Airlines,5684,11:52,,,,,772,,,"Direct",2279,1613,491,
- -,ODS,VIE,Austrian Airlines (OS),Austrian Airlines,670,01:50,,,,,E90,,,"Codeshare",2947,1613,491,
- -,OLB,VIE,Austrian Airlines (OS),Austrian Airlines,606,01:42,,,,,320,,,"Codeshare",1520,1613,491,
- -,ORD,VIE,Austrian Airlines (OS),Austrian Airlines,4698,09:53,,,,,763,,,"Codeshare",3830,1613,491,
- -,OSL,VIE,Austrian Airlines (OS),Austrian Airlines,858,02:12,,,,,319 100 F70,,,"Codeshare",644,1613,491,
- -,OTP,VIE,Austrian Airlines (OS),Austrian Airlines,514,01:31,,,,,320 319 100 321,,,"Codeshare",1657,1613,491,
- -,PEK,VIE,Austrian Airlines (OS),Austrian Airlines,4627,09:45,,,,,763 767,,,"Codeshare",3364,1613,491,
- -,PMI,VIE,Austrian Airlines (OS),Austrian Airlines,905,02:18,,,,,319,,,"Codeshare",3998,1613,491,
- -,PMO,VIE,Austrian Airlines (OS),Austrian Airlines,707,01:54,,,,,F70,,,"Codeshare",1512,1613,491,
- -,PRG,VIE,Austrian Airlines (OS),Austrian Airlines,172,00:50,,,,,100 DH4 F70,,,"Codeshare",1587,1613,491,
- -,PRN,VIE,Austrian Airlines (OS),Austrian Airlines,439,01:22,,,,,100 319,,,"Codeshare",1742,1613,491,
- -,RHO,VIE,Austrian Airlines (OS),Austrian Airlines,997,02:29,,,,,320,,,"Codeshare",1472,1613,491,
- -,RIX,VIE,Austrian Airlines (OS),Austrian Airlines,682,01:51,,,,,73C 735 DH4,,,"Codeshare",3953,1613,491,
- -,ROV,VIE,Austrian Airlines (OS),Austrian Airlines,1079,02:39,,,,,F70 100,,,"Codeshare",2964,1613,491,
- -,SBZ,VIE,Austrian Airlines (OS),Austrian Airlines,388,01:16,,,,,DH4,,,"Codeshare",1658,1613,491,
- -,SJJ,VIE,Austrian Airlines (OS),Austrian Airlines,307,01:06,,,,,100 320 319,,,"Codeshare",1646,1613,491,
- -,SKG,VIE,Austrian Airlines (OS),Austrian Airlines,611,01:43,,,,,320 100,,,"Codeshare",1486,1613,491,
- -,SKP,VIE,Austrian Airlines (OS),Austrian Airlines,490,01:28,,,,,F70 320 100,,,"Codeshare",1737,1613,491,
- -,SOF,VIE,Austrian Airlines (OS),Austrian Airlines,499,01:29,,,,,319 100 320 321 F70,,,"Codeshare",1194,1613,491,
- -,SPU,VIE,Austrian Airlines (OS),Austrian Airlines,315,01:07,,,,,DH4 320 319,,,"Codeshare",1206,1613,491,
- -,STR,GRZ,Austrian Airlines (OS),Austrian Airlines,311,01:07,,,,,DH4,,,"Codeshare",350,1609,491,
- -,STR,VIE,Austrian Airlines (OS),Austrian Airlines,339,01:10,,,,,319 100 F70 320 DH4 CRJ,,,"Codeshare",350,1613,491,
- -,SUF,VIE,Austrian Airlines (OS),Austrian Airlines,635,01:46,,,,,320,,,"Codeshare",1508,1613,491,
- -,SZG,CGN,Austrian Airlines (OS),Austrian Airlines,338,01:10,,,,,319,,,"Codeshare",1612,344,491,
- -,SZG,FRA,Austrian Airlines (OS),Austrian Airlines,253,01:00,,,,,100,,,"Codeshare",1612,340,491,
- -,SZG,VIE,Austrian Airlines (OS),Austrian Airlines,166,00:49,,,,,DH4 100,,,"Codeshare",1612,1613,491,
- -,TBS,VIE,Austrian Airlines (OS),Austrian Airlines,1448,03:23,,,,,735,,,"Codeshare",3973,1613,491,
- -,TFS,VIE,Austrian Airlines (OS),Austrian Airlines,2243,04:59,,,,,320,,,"Codeshare",1056,1613,491,
- -,TGD,VIE,Austrian Airlines (OS),Austrian Airlines,417,01:20,,,,,100 DH4,,,"Codeshare",1741,1613,491,
- -,TIA,VIE,Austrian Airlines (OS),Austrian Airlines,487,01:28,,,,,100 320,,,"Codeshare",1190,1613,491,
- -,TLV,VIE,Austrian Airlines (OS),Austrian Airlines,1466,03:25,,,,,321,,,"Codeshare",1590,1613,491,
- -,TSE,VIE,Austrian Airlines (OS),Austrian Airlines,2409,05:19,,,,,321 320,,,"Codeshare",2910,1613,491,
- -,TXL,KLU,Austrian Airlines (OS),Austrian Airlines,411,01:19,,,,,319 CRJ,,,"Codeshare",351,4322,491,
- -,TXL,VIE,Austrian Airlines (OS),Austrian Airlines,339,01:10,,,,,320 319 321,,,"Codeshare",351,1613,491,
- -,VAR,VIE,Austrian Airlines (OS),Austrian Airlines,638,01:46,,,,,320 100 F70,,,"Codeshare",1196,1613,491,
- -,VCE,VIE,Austrian Airlines (OS),Austrian Airlines,268,01:02,,,,,DH4,,,"Codeshare",1551,1613,491,
- -,VIE,AMM,Austrian Airlines (OS),Austrian Airlines,1520,03:32,,,,,320 319,,,"Codeshare",1613,2170,491,
- -,VIE,AMS,Austrian Airlines (OS),Austrian Airlines,595,01:41,,,,,319 F70 100 320,,,"Codeshare",1613,580,491,
- -,VIE,ARN,Austrian Airlines (OS),Austrian Airlines,798,02:05,,,,,100 319 320,,,"Codeshare",1613,737,491,
- -,VIE,ATH,Austrian Airlines (OS),Austrian Airlines,794,02:05,,,,,321 320,,,"Codeshare",1613,3941,491,
- -,VIE,AYT,Austrian Airlines (OS),Austrian Airlines,1056,02:36,,,,,320 319,,,"Codeshare",1613,1688,491,
- -,VIE,BCN,Austrian Airlines (OS),Austrian Airlines,850,02:12,,,,,321 320,,,"Codeshare",1613,1218,491,
- -,VIE,BEG,Austrian Airlines (OS),Austrian Airlines,288,01:04,,,,,F70 319 DH4 100 320,,,"Codeshare",1613,1739,491,
- -,VIE,BKK,Austrian Airlines (OS),Austrian Airlines,5248,10:59,,,,,772,,,"Direct",1613,3885,491,
- -,VIE,BLQ,Austrian Airlines (OS),Austrian Airlines,352,01:12,,,,,F70 DH4 100,,,"Codeshare",1613,1538,491,
- -,VIE,BRU,Austrian Airlines (OS),Austrian Airlines,574,01:38,,,,,320 319 F70,,,"Codeshare",1613,302,491,
- -,VIE,BSL,Austrian Airlines (OS),Austrian Airlines,420,01:20,,,,,DH4,,,"Codeshare",1613,1423,491,
- -,VIE,BUD,Austrian Airlines (OS),Austrian Airlines,133,00:45,,,,,DH4 100 F70,,,"Codeshare",1613,1489,491,
- -,VIE,CAI,Austrian Airlines (OS),Austrian Airlines,1468,03:26,,,,,319 738 E70,,,"Codeshare",1613,1128,491,
- -,VIE,CDG,Austrian Airlines (OS),Austrian Airlines,642,01:47,,,,,321 320 318,,,"Codeshare",1613,1382,491,
- -,VIE,CGN,Austrian Airlines (OS),Austrian Airlines,463,01:25,,,,,100 319 F70 320,,,"Codeshare",1613,344,491,
- -,VIE,CHQ,Austrian Airlines (OS),Austrian Airlines,951,02:24,,,,,320,,,"Codeshare",1613,1474,491,
- -,VIE,CLJ,Austrian Airlines (OS),Austrian Airlines,344,01:11,,,,,AT5,,,"Codeshare",1613,1652,491,
- -,VIE,CPH,Austrian Airlines (OS),Austrian Airlines,544,01:35,,,,,320 100 319,,,"Codeshare",1613,609,491,
- -,VIE,CTA,Austrian Airlines (OS),Austrian Airlines,738,01:58,,,,,320 100,,,"Codeshare",1613,1509,491,
- -,VIE,DBV,Austrian Airlines (OS),Austrian Airlines,391,01:16,,,,,321 319 320,,,"Codeshare",1613,1200,491,
- -,VIE,DEL,Austrian Airlines (OS),Austrian Airlines,3444,07:23,,,,,767 763,,,"Codeshare",1613,3093,491,
- -,VIE,DLM,Austrian Airlines (OS),Austrian Airlines,1001,02:30,,,,,100,,,"Codeshare",1613,1715,491,
- -,VIE,DME,Austrian Airlines (OS),Austrian Airlines,1035,02:34,,,,,320,,,"Codeshare",1613,4029,491,
- -,VIE,DNK,Austrian Airlines (OS),Austrian Airlines,850,02:12,,,,,F70 100,,,"Codeshare",1613,2941,491,
- -,VIE,DUS,Austrian Airlines (OS),Austrian Airlines,489,01:28,,,,,320 319 321 100 CR9,,,"Codeshare",1613,345,491,
- -,VIE,DXB,Austrian Airlines (OS),Austrian Airlines,2622,05:44,,,,,763,,,"Codeshare",1613,2188,491,
- -,VIE,EBL,Austrian Airlines (OS),Austrian Airlines,1611,03:43,,,,,319,,,"Codeshare",1613,3989,491,
- -,VIE,EVN,Austrian Airlines (OS),Austrian Airlines,1474,03:26,,,,,320 321,,,"Codeshare",1613,3964,491,
- -,VIE,FCO,Austrian Airlines (OS),Austrian Airlines,484,01:28,,,,,320 100 319,,,"Codeshare",1613,1555,491,
- -,VIE,FLR,Austrian Airlines (OS),Austrian Airlines,392,01:17,,,,,DH4 F70,,,"Codeshare",1613,1563,491,
- -,VIE,FNC,Austrian Airlines (OS),Austrian Airlines,2027,04:33,,,,,321,,,"Codeshare",1613,4091,491,
- -,VIE,FRA,Austrian Airlines (OS),Austrian Airlines,385,01:16,,,,,321 320 319,,,"Codeshare",1613,340,491,
- -,VIE,GRZ,Austrian Airlines (OS),Austrian Airlines,93,00:41,,,,,DH4 F70 100,,,"Codeshare",1613,1609,491,
- -,VIE,GVA,Austrian Airlines (OS),Austrian Airlines,507,01:30,,,,,319 100 F70,,,"Codeshare",1613,1665,491,
- -,VIE,GYD,Austrian Airlines (OS),Austrian Airlines,1721,03:56,,,,,319,,,"Codeshare",1613,2922,491,
- -,VIE,HAJ,Austrian Airlines (OS),Austrian Airlines,426,01:21,,,,,319,,,"Codeshare",1613,352,491,
- -,VIE,HAM,Austrian Airlines (OS),Austrian Airlines,476,01:27,,,,,320 319 321 CRJ,,,"Codeshare",1613,342,491,
- -,VIE,HER,Austrian Airlines (OS),Austrian Airlines,985,02:28,,,,,320,,,"Codeshare",1613,1452,491,
- -,VIE,HRG,Austrian Airlines (OS),Austrian Airlines,1716,03:55,,,,,319,,,"Codeshare",1613,1130,491,
- -,VIE,HRK,Austrian Airlines (OS),Austrian Airlines,899,02:17,,,,,F70,,,"Codeshare",1613,6105,491,
- -,VIE,IAD,Austrian Airlines (OS),Austrian Airlines,4449,09:23,,,,,763,,,"Codeshare",1613,3714,491,
- -,VIE,IAS,Austrian Airlines (OS),Austrian Airlines,517,01:32,,,,,DH4,,,"Codeshare",1613,1655,491,
- -,VIE,IKA,Austrian Airlines (OS),Austrian Airlines,1963,04:25,,,,,319 320,,,"Codeshare",1613,4330,491,
- -,VIE,INN,Austrian Airlines (OS),Austrian Airlines,249,00:59,,,,,100 DH4 320 F70,,,"Codeshare",1613,1610,491,
- -,VIE,ISL,Austrian Airlines (OS),Austrian Airlines,776,02:03,,,,,320 100 319,,,"Codeshare",1613,1701,491,
- -,VIE,JFK,Austrian Airlines (OS),Austrian Airlines,4226,08:57,,,,,772,,,"Codeshare",1613,3797,491,
- -,VIE,JTR,Austrian Airlines (OS),Austrian Airlines,926,02:21,,,,,F70,,,"Codeshare",1613,1479,491,
- -,VIE,KBP,Austrian Airlines (OS),Austrian Airlines,663,01:49,,,,,F70 100 E90 73G 735,,,"Codeshare",1613,2939,491,
- -,VIE,KIV,Austrian Airlines (OS),Austrian Airlines,581,01:39,,,,,100 DH4 F70,,,"Codeshare",1613,1735,491,
- -,VIE,KLU,Austrian Airlines (OS),Austrian Airlines,145,00:47,,,,,DH4,,,"Codeshare",1613,4322,491,
- -,VIE,KRK,Austrian Airlines (OS),Austrian Airlines,198,00:53,,,,,F70 DH4,,,"Codeshare",1613,669,491,
- -,VIE,KRR,Austrian Airlines (OS),Austrian Airlines,1089,02:40,,,,,100 F70 319,,,"Codeshare",1613,2960,491,
- -,VIE,KSC,Austrian Airlines (OS),Austrian Airlines,217,00:56,,,,,DH4 100 F70,,,"Codeshare",1613,1746,491,
- -,VIE,LCA,Austrian Airlines (OS),Austrian Airlines,1264,03:01,,,,,321 320,,,"Codeshare",1613,1197,491,
- -,VIE,LED,Austrian Airlines (OS),Austrian Airlines,976,02:27,,,,,100 F70,,,"Codeshare",1613,2948,491,
- -,VIE,LEJ,Austrian Airlines (OS),Austrian Airlines,299,01:05,,,,,DH4,,,"Codeshare",1613,348,491,
- -,VIE,LHR,Austrian Airlines (OS),Austrian Airlines,791,02:04,,,,,320 321,,,"Codeshare",1613,507,491,
- -,VIE,LIS,Austrian Airlines (OS),Austrian Airlines,1431,03:21,,,,,320 319,,,"Codeshare",1613,1638,491,
- -,VIE,LJU,Austrian Airlines (OS),Austrian Airlines,163,00:49,,,,,CR9 CR2,,,"Codeshare",1613,1569,491,
- -,VIE,LNZ,Austrian Airlines (OS),Austrian Airlines,110,00:43,,,,,D38 DH4,,,"Codeshare",1613,1611,491,
- -,VIE,LPA,Austrian Airlines (OS),Austrian Airlines,2200,04:54,,,,,320,,,"Codeshare",1613,1054,491,
- -,VIE,LUX,Austrian Airlines (OS),Austrian Airlines,481,01:27,,,,,DH4,,,"Direct",1613,629,491,
- -,VIE,LWO,Austrian Airlines (OS),Austrian Airlines,354,01:12,,,,,DH4,,,"Codeshare",1613,2945,491,
- -,VIE,LYS,Austrian Airlines (OS),Austrian Airlines,565,01:37,,,,,DH4 F70,,,"Codeshare",1613,1335,491,
- -,VIE,MLA,Austrian Airlines (OS),Austrian Airlines,852,02:12,,,,,319 320,,,"Codeshare",1613,1606,491,
- -,VIE,MSQ,Austrian Airlines (OS),Austrian Airlines,636,01:46,,,,,100 F70 320 319 321,,,"Codeshare",1613,2954,491,
- -,VIE,MUC,Austrian Airlines (OS),Austrian Airlines,220,00:56,,,,,320 E95 319 100 CR9 F70,,,"Codeshare",1613,346,491,
- -,VIE,MXP,Austrian Airlines (OS),Austrian Airlines,407,01:18,,,,,319 320 100,,,"Codeshare",1613,1524,491,
- -,VIE,NAP,Austrian Airlines (OS),Austrian Airlines,511,01:31,,,,,321,,,"Codeshare",1613,1561,491,
- -,VIE,NCE,Austrian Airlines (OS),Austrian Airlines,544,01:35,,,,,320 DH4 F70 100 321,,,"Codeshare",1613,1354,491,
- -,VIE,NRT,Austrian Airlines (OS),Austrian Airlines,5684,11:52,,,,,772,,,"Direct",1613,2279,491,
- -,VIE,ODS,Austrian Airlines (OS),Austrian Airlines,670,01:50,,,,,E90,,,"Codeshare",1613,2947,491,
- -,VIE,OLB,Austrian Airlines (OS),Austrian Airlines,606,01:42,,,,,320,,,"Codeshare",1613,1520,491,
- -,VIE,ORD,Austrian Airlines (OS),Austrian Airlines,4698,09:53,,,,,763,,,"Codeshare",1613,3830,491,
- -,VIE,OSL,Austrian Airlines (OS),Austrian Airlines,858,02:12,,,,,100 F70,,,"Codeshare",1613,644,491,
- -,VIE,OTP,Austrian Airlines (OS),Austrian Airlines,514,01:31,,,,,320 319 100 321,,,"Codeshare",1613,1657,491,
- -,VIE,PEK,Austrian Airlines (OS),Austrian Airlines,4627,09:45,,,,,763 767,,,"Codeshare",1613,3364,491,
- -,VIE,PMI,Austrian Airlines (OS),Austrian Airlines,905,02:18,,,,,319,,,"Codeshare",1613,3998,491,
- -,VIE,PMO,Austrian Airlines (OS),Austrian Airlines,707,01:54,,,,,F70,,,"Codeshare",1613,1512,491,
- -,VIE,PRG,Austrian Airlines (OS),Austrian Airlines,172,00:50,,,,,100 DH4 F70,,,"Codeshare",1613,1587,491,
- -,VIE,PRN,Austrian Airlines (OS),Austrian Airlines,439,01:22,,,,,319 100,,,"Codeshare",1613,1742,491,
- -,VIE,RHO,Austrian Airlines (OS),Austrian Airlines,997,02:29,,,,,320,,,"Codeshare",1613,1472,491,
- -,VIE,RIX,Austrian Airlines (OS),Austrian Airlines,682,01:51,,,,,73C 735 DH4,,,"Codeshare",1613,3953,491,
- -,VIE,ROV,Austrian Airlines (OS),Austrian Airlines,1079,02:39,,,,,F70 100,,,"Codeshare",1613,2964,491,
- -,VIE,SBZ,Austrian Airlines (OS),Austrian Airlines,388,01:16,,,,,DH4,,,"Codeshare",1613,1658,491,
- -,VIE,SJJ,Austrian Airlines (OS),Austrian Airlines,307,01:06,,,,,320 100 319,,,"Codeshare",1613,1646,491,
- -,VIE,SKG,Austrian Airlines (OS),Austrian Airlines,611,01:43,,,,,320 100,,,"Codeshare",1613,1486,491,
- -,VIE,SKP,Austrian Airlines (OS),Austrian Airlines,490,01:28,,,,,320 100 319,,,"Codeshare",1613,1737,491,
- -,VIE,SOF,Austrian Airlines (OS),Austrian Airlines,499,01:29,,,,,100 320 321 319 F70,,,"Codeshare",1613,1194,491,
- -,VIE,SPU,Austrian Airlines (OS),Austrian Airlines,315,01:07,,,,,DH4 320 319,,,"Codeshare",1613,1206,491,
- -,VIE,STR,Austrian Airlines (OS),Austrian Airlines,339,01:10,,,,,100 319 F70 320 DH4 CRJ,,,"Codeshare",1613,350,491,
- -,VIE,SUF,Austrian Airlines (OS),Austrian Airlines,635,01:46,,,,,320,,,"Codeshare",1613,1508,491,
- -,VIE,SZG,Austrian Airlines (OS),Austrian Airlines,166,00:49,,,,,DH4 100,,,"Codeshare",1613,1612,491,
- -,VIE,TBS,Austrian Airlines (OS),Austrian Airlines,1448,03:23,,,,,735,,,"Codeshare",1613,3973,491,
- -,VIE,TFS,Austrian Airlines (OS),Austrian Airlines,2243,04:59,,,,,320,,,"Codeshare",1613,1056,491,
- -,VIE,TGD,Austrian Airlines (OS),Austrian Airlines,417,01:20,,,,,100 DH4,,,"Codeshare",1613,1741,491,
- -,VIE,TIA,Austrian Airlines (OS),Austrian Airlines,487,01:28,,,,,320 100,,,"Codeshare",1613,1190,491,
- -,VIE,TLV,Austrian Airlines (OS),Austrian Airlines,1466,03:25,,,,,321,,,"Codeshare",1613,1590,491,
- -,VIE,TSE,Austrian Airlines (OS),Austrian Airlines,2409,05:19,,,,,320,,,"Codeshare",1613,2910,491,
- -,VIE,TXL,Austrian Airlines (OS),Austrian Airlines,339,01:10,,,,,320 319 321,,,"Codeshare",1613,351,491,
- -,VIE,VAR,Austrian Airlines (OS),Austrian Airlines,638,01:46,,,,,320 100 F70,,,"Codeshare",1613,1196,491,
- -,VIE,VCE,Austrian Airlines (OS),Austrian Airlines,268,01:02,,,,,DH4,,,"Codeshare",1613,1551,491,
- -,VIE,VKO,Austrian Airlines (OS),Austrian Airlines,1016,02:31,,,,,735,,,"Codeshare",1613,2988,491,
- -,VIE,VNO,Austrian Airlines (OS),Austrian Airlines,585,01:40,,,,,100 F70,,,"Codeshare",1613,3959,491,
- -,VIE,WAW,Austrian Airlines (OS),Austrian Airlines,340,01:10,,,,,F70 E95 100 DH4 E75,,,"Codeshare",1613,679,491,
- -,VIE,YYZ,Austrian Airlines (OS),Austrian Airlines,4315,09:07,,,,,767,,,"Codeshare",1613,193,491,
- -,VIE,ZAG,Austrian Airlines (OS),Austrian Airlines,165,00:49,,,,,DH4 F70 100,,,"Codeshare",1613,1208,491,
- -,VIE,ZRH,Austrian Airlines (OS),Austrian Airlines,374,01:14,,,,,320 32A 319 321 AR1,,,"Codeshare",1613,1678,491,
- -,VKO,VIE,Austrian Airlines (OS),Austrian Airlines,1016,02:31,,,,,735,,,"Codeshare",2988,1613,491,
- -,VNO,VIE,Austrian Airlines (OS),Austrian Airlines,585,01:40,,,,,100 F70,,,"Codeshare",3959,1613,491,
- -,WAW,VIE,Austrian Airlines (OS),Austrian Airlines,340,01:10,,,,,E95 F70 100 DH4 E75,,,"Codeshare",679,1613,491,
- -,YYZ,VIE,Austrian Airlines (OS),Austrian Airlines,4315,09:07,,,,,767,,,"Codeshare",193,1613,491,
- -,ZAG,VIE,Austrian Airlines (OS),Austrian Airlines,165,00:49,,,,,DH4 F70 100,,,"Codeshare",1208,1613,491,
- -,ZRH,VIE,Austrian Airlines (OS),Austrian Airlines,374,01:14,,,,,32A 320 319 321 AR1,,,"Codeshare",1678,1613,491,