﻿Date,From,To,Flight_Number,Airline,Distance,Duration,Seat,Seat_Type,Class,Reason,Plane,Registration,Trip,Note,From_OID,To_OID,Airline_OID,Plane_OID
- -,BCN,OPRN,Pakistan International Airlines (PK),Pakistan International Airlines,3820,08:08,,,,,310,,,"Direct",1218,2223,3871,
- -,BCN,AAL,Iberia Airlines (IB),Iberia Airlines,1143,02:47,,,,,320,,,"Codeshare",1218,628,2822,
- -,BCN,AAL,Formosa Airlines (VY),Formosa Airlines,1143,02:47,,,,,320,,,"Direct",1218,628,2439,
- -,BCN,ACE,Ryanair (FR),Ryanair,1225,02:57,,,,,738,,,"Direct",1218,1055,4296,
- -,BCN,ACE,Iberia Airlines (IB),Iberia Airlines,1225,02:57,,,,,320,,,"Codeshare",1218,1055,2822,
- -,BCN,ACE,Formosa Airlines (VY),Formosa Airlines,1225,02:57,,,,,320,,,"Direct",1218,1055,2439,
- -,BCN,AGP,Ryanair (FR),Ryanair,475,01:27,,,,,738,,,"Direct",1218,1230,4296,
- -,BCN,AGP,Iberia Airlines (IB),Iberia Airlines,475,01:27,,,,,320,,,"Codeshare",1218,1230,2822,
- -,BCN,AGP,Formosa Airlines (VY),Formosa Airlines,475,01:27,,,,,320,,,"Direct",1218,1230,2439,
- -,BCN,ALC,Iberia Airlines (IB),Iberia Airlines,250,01:00,,,,,320,,,"Codeshare",1218,1212,2822,
- -,BCN,ALC,Formosa Airlines (VY),Formosa Airlines,250,01:00,,,,,320,,,"Direct",1218,1212,2439,
- -,BCN,ALG,Air Algerie (AH),Air Algerie,323,01:08,,,,,736,,,"Direct",1218,210,794,
- -,BCN,ALG,Iberia Airlines (IB),Iberia Airlines,323,01:08,,,,,320,,,"Codeshare",1218,210,2822,
- -,BCN,ALG,Formosa Airlines (VY),Formosa Airlines,323,01:08,,,,,320,,,"Direct",1218,210,2439,
- -,BCN,AMM,Iberia Airlines (IB),Iberia Airlines,1980,04:27,,,,,320,,,"Codeshare",1218,2170,2822,
- -,BCN,AMM,Royal Jordanian (RJ),Royal Jordanian,1980,04:27,,,,,320,,,"Direct",1218,2170,4259,
- -,BCN,AMS,Transavia Holland (HV),Transavia Holland,770,02:02,,,,,73H 73W,,,"Direct",1218,580,5039,
- -,BCN,AMS,Iberia Airlines (IB),Iberia Airlines,770,02:02,,,,,320,,,"Codeshare",1218,580,2822,
- -,BCN,AMS,KLM Royal Dutch Airlines (KL),KLM Royal Dutch Airlines,770,02:02,,,,,737,,,"Direct",1218,580,3090,
- -,BCN,AMS,China Eastern Airlines (MU),China Eastern Airlines,770,02:02,,,,,737,,,"Direct",1218,580,1758,
- -,BCN,AMS,Formosa Airlines (VY),Formosa Airlines,770,02:02,,,,,320,,,"Direct",1218,580,2439,
- -,BCN,ARN,Norwegian Air Shuttle (DY),Norwegian Air Shuttle,1437,03:22,,,,,73H,,,"Direct",1218,737,3737,
- -,BCN,ARN,Iberia Airlines (IB),Iberia Airlines,1437,03:22,,,,,320,,,"Codeshare",1218,737,2822,
- -,BCN,ARN,Scandinavian Airlines System (SK),Scandinavian Airlines System,1437,03:22,,,,,73H,,,"Direct",1218,737,4319,
- -,BCN,ARN,Formosa Airlines (VY),Formosa Airlines,1437,03:22,,,,,320,,,"Direct",1218,737,2439,
- -,BCN,ATH,Aegean Airlines (A3),Aegean Airlines,1182,02:51,,,,,320 321,,,"Direct",1218,3941,96,
- -,BCN,ATH,Iberia Airlines (IB),Iberia Airlines,1182,02:51,,,,,320,,,"Codeshare",1218,3941,2822,
- -,BCN,ATH,Olympic Airlines (OA),Olympic Airlines,1182,02:51,,,,,320 321,,,"Codeshare",1218,3941,3776,
- -,BCN,ATH,Formosa Airlines (VY),Formosa Airlines,1182,02:51,,,,,320,,,"Direct",1218,3941,2439,
- -,BCN,BES,Iberia Airlines (IB),Iberia Airlines,586,01:40,,,,,320,,,"Codeshare",1218,1403,2822,
- -,BCN,BES,Formosa Airlines (VY),Formosa Airlines,586,01:40,,,,,320,,,"Direct",1218,1403,2439,
- -,BCN,BFS,easyJet (U2),easyJet,997,02:29,,,,,319,,,"Direct",1218,465,2297,
- -,BCN,BGO,Norwegian Air Shuttle (DY),Norwegian Air Shuttle,1318,03:08,,,,,73H,,,"Direct",1218,636,3737,
- -,BCN,BGO,Iberia Airlines (IB),Iberia Airlines,1318,03:08,,,,,320,,,"Codeshare",1218,636,2822,
- -,BCN,BGO,Formosa Airlines (VY),Formosa Airlines,1318,03:08,,,,,320,,,"Direct",1218,636,2439,
- -,BCN,BGY,Ryanair (FR),Ryanair,486,01:28,,,,,738,,,"Direct",1218,1525,4296,
- -,BCN,BHX,Ryanair (FR),Ryanair,791,02:04,,,,,738,,,"Direct",1218,469,4296,
- -,BCN,BHX,Air Bourbon (ZB),Air Bourbon,791,02:04,,,,,320 321,,,"Direct",1218,469,220,
- -,BCN,BIO,Iberia Airlines (IB),Iberia Airlines,289,01:04,,,,,320,,,"Codeshare",1218,1216,2822,
- -,BCN,BIO,Formosa Airlines (VY),Formosa Airlines,289,01:04,,,,,320,,,"Direct",1218,1216,2439,
- -,BCN,BJL,Atlant-Soyuz Airlines (3G),Atlant-Soyuz Airlines,2235,04:58,,,,,319,,,"Direct",1218,1050,595,
- -,BCN,BJL,Iberia Airlines (IB),Iberia Airlines,2235,04:58,,,,,320,,,"Codeshare",1218,1050,2822,
- -,BCN,BJL,Formosa Airlines (VY),Formosa Airlines,2235,04:58,,,,,320,,,"Direct",1218,1050,2439,
- -,BCN,BJZ,Air Europa (UX),Air Europa,498,01:29,,,,,ATR,,,"Direct",1218,1219,90,
- -,BCN,BLQ,Ryanair (FR),Ryanair,516,01:31,,,,,738,,,"Direct",1218,1538,4296,
- -,BCN,BLQ,Iberia Airlines (IB),Iberia Airlines,516,01:31,,,,,320,,,"Codeshare",1218,1538,2822,
- -,BCN,BLQ,Formosa Airlines (VY),Formosa Airlines,516,01:31,,,,,320,,,"Direct",1218,1538,2439,
- -,BCN,BOD,Iberia Airlines (IB),Iberia Airlines,281,01:03,,,,,320,,,"Codeshare",1218,1264,2822,
- -,BCN,BOD,Formosa Airlines (VY),Formosa Airlines,281,01:03,,,,,320,,,"Direct",1218,1264,2439,
- -,BCN,BOG,Avianca - Aerovias Nacionales de Colombia (AV),Avianca - Aerovias Nacionales de Colombia,5286,11:04,,,,,330,,,"Direct",1218,2709,515,
- -,BCN,BRI,Iberia Airlines (IB),Iberia Airlines,761,02:01,,,,,320,,,"Codeshare",1218,1501,2822,
- -,BCN,BRI,Formosa Airlines (VY),Formosa Airlines,761,02:01,,,,,320,,,"Direct",1218,1501,2439,
- -,BCN,BRS,easyJet (U2),easyJet,732,01:57,,,,,319,,,"Direct",1218,490,2297,
- -,BCN,BRU,Ryanair (FR),Ryanair,673,01:50,,,,,738,,,"Direct",1218,302,4296,
- -,BCN,BRU,Hainan Airlines (HU),Hainan Airlines,673,01:50,,,,,320 319,,,"Direct",1218,302,2660,
- -,BCN,BRU,Iberia Airlines (IB),Iberia Airlines,673,01:50,,,,,320,,,"Codeshare",1218,302,2822,
- -,BCN,BRU,Brussels Airlines (SN),Brussels Airlines,673,01:50,,,,,320 319,,,"Direct",1218,302,1531,
- -,BCN,BRU,Formosa Airlines (VY),Formosa Airlines,673,01:50,,,,,320,,,"Direct",1218,302,2439,
- -,BCN,BSL,Swiss International Air Lines (LX),Swiss International Air Lines,510,01:31,,,,,AR1,,,"Codeshare",1218,1423,4559,
- -,BCN,BSL,easyJet (U2),easyJet,510,01:31,,,,,320 319,,,"Direct",1218,1423,2297,
- -,BCN,BUD,Ryanair (FR),Ryanair,945,02:23,,,,,738,,,"Direct",1218,1489,4296,
- -,BCN,BUD,Wizz Air (W6),Wizz Air,945,02:23,,,,,320,,,"Direct",1218,1489,5461,
- -,BCN,BVA,Ryanair (FR),Ryanair,563,01:37,,,,,738,,,"Direct",1218,1367,4296,
- -,BCN,CAI,Egyptair (MS),Egyptair,1804,04:06,,,,,738,,,"Direct",1218,1128,2143,
- -,BCN,CDG,Air France (AF),Air France,533,01:33,,,,,321 32A 318 320,,,"Direct",1218,1382,137,
- -,BCN,CDG,Iberia Airlines (IB),Iberia Airlines,533,01:33,,,,,320,,,"Direct",1218,1382,2822,
- -,BCN,CDG,easyJet (U2),easyJet,533,01:33,,,,,319,,,"Direct",1218,1382,2297,
- -,BCN,CDG,Air Europa (UX),Air Europa,533,01:33,,,,,32S,,,"Codeshare",1218,1382,90,
- -,BCN,CDG,Formosa Airlines (VY),Formosa Airlines,533,01:33,,,,,320 319,,,"Direct",1218,1382,2439,
- -,BCN,CGN,Germanwings (4U),Germanwings,703,01:54,,,,,320 319,,,"Direct",1218,344,2548,
- -,BCN,CIA,Ryanair (FR),Ryanair,544,01:35,,,,,738,,,"Direct",1218,1553,4296,
- -,BCN,CLJ,Wizz Air (W6),Wizz Air,1133,02:45,,,,,320,,,"Direct",1218,1652,5461,
- -,BCN,CMN,Air Arabia Maroc (3O),Air Arabia Maroc,761,02:01,,,,,320,,,"Direct",1218,1074,9818,
- -,BCN,CMN,Royal Air Maroc (AT),Royal Air Maroc,761,02:01,,,,,73G 738,,,"Direct",1218,1074,4248,
- -,BCN,CMN,Iberia Airlines (IB),Iberia Airlines,761,02:01,,,,,73G 320 738,,,"Codeshare",1218,1074,2822,
- -,BCN,CMN,Formosa Airlines (VY),Formosa Airlines,761,02:01,,,,,320,,,"Direct",1218,1074,2439,
- -,BCN,CPH,Norwegian Air Shuttle (DY),Norwegian Air Shuttle,1098,02:41,,,,,73H,,,"Direct",1218,609,3737,
- -,BCN,CPH,Iberia Airlines (IB),Iberia Airlines,1098,02:41,,,,,320,,,"Codeshare",1218,609,2822,
- -,BCN,CPH,Scandinavian Airlines System (SK),Scandinavian Airlines System,1098,02:41,,,,,321,,,"Direct",1218,609,4319,
- -,BCN,CPH,Formosa Airlines (VY),Formosa Airlines,1098,02:41,,,,,320,,,"Direct",1218,609,2439,
- -,BCN,CRL,Ryanair (FR),Ryanair,642,01:47,,,,,738,,,"Direct",1218,304,4296,
- -,BCN,CTA,Iberia Airlines (IB),Iberia Airlines,741,01:58,,,,,320,,,"Direct",1218,1509,2822,
- -,BCN,CTA,Formosa Airlines (VY),Formosa Airlines,741,01:58,,,,,320,,,"Direct",1218,1509,2439,
- -,BCN,CWL,Iberia Airlines (IB),Iberia Airlines,743,01:59,,,,,320,,,"Codeshare",1218,488,2822,
- -,BCN,CWL,Formosa Airlines (VY),Formosa Airlines,743,01:59,,,,,320,,,"Direct",1218,488,2439,
- -,BCN,DBV,Iberia Airlines (IB),Iberia Airlines,835,02:10,,,,,320,,,"Codeshare",1218,1200,2822,
- -,BCN,DBV,Formosa Airlines (VY),Formosa Airlines,835,02:10,,,,,320,,,"Direct",1218,1200,2439,
- -,BCN,DKR,Iberia Airlines (IB),Iberia Airlines,2176,04:51,,,,,320,,,"Direct",1218,1084,2822,
- -,BCN,DKR,Formosa Airlines (VY),Formosa Airlines,2176,04:51,,,,,320,,,"Direct",1218,1084,2439,
- -,BCN,DME,Iberia Airlines (IB),Iberia Airlines,1880,04:15,,,,,320,,,"Codeshare",1218,4029,2822,
- -,BCN,DME,Transaero Airlines (UN),Transaero Airlines,1880,04:15,,,,,763 734 772 744,,,"Direct",1218,4029,5067,
- -,BCN,DME,Formosa Airlines (VY),Formosa Airlines,1880,04:15,,,,,320,,,"Direct",1218,4029,2439,
- -,BCN,DOH,Cathay Pacific (CX),Cathay Pacific,3019,06:32,,,,,332,,,"Direct",1218,11051,1680,
- -,BCN,DOH,Qatar Airways (QR),Qatar Airways,3019,06:32,,,,,332,,,"Direct",1218,11051,4091,
- -,BCN,DRS,Iberia Airlines (IB),Iberia Airlines,877,02:15,,,,,320,,,"Codeshare",1218,338,2822,
- -,BCN,DRS,Formosa Airlines (VY),Formosa Airlines,877,02:15,,,,,319 320,,,"Direct",1218,338,2439,
- -,BCN,DTM,Iberia Airlines (IB),Iberia Airlines,752,02:00,,,,,320,,,"Direct",1218,373,2822,
- -,BCN,DTM,Formosa Airlines (VY),Formosa Airlines,752,02:00,,,,,319,,,"Direct",1218,373,2439,
- -,BCN,DUB,Aer Lingus (EI),Aer Lingus,922,02:20,,,,,320,,,"Direct",1218,599,837,
- -,BCN,DUB,Ryanair (FR),Ryanair,922,02:20,,,,,738,,,"Direct",1218,599,4296,
- -,BCN,DUS,Germanwings (4U),Germanwings,724,01:56,,,,,320 319,,,"Direct",1218,345,2548,
- -,BCN,DUS,Air Berlin (AB),Air Berlin,724,01:56,,,,,738 321,,,"Direct",1218,345,214,
- -,BCN,DUS,Iberia Airlines (IB),Iberia Airlines,724,01:56,,,,,320 738 321,,,"Codeshare",1218,345,2822,
- -,BCN,DUS,Formosa Airlines (VY),Formosa Airlines,724,01:56,,,,,320,,,"Direct",1218,345,2439,
- -,BCN,DXB,Emirates (EK),Emirates,3214,06:55,,,,,388,,,"Direct",1218,2188,2183,
- -,BCN,EAS,Iberia Airlines (IB),Iberia Airlines,243,00:59,,,,,320 319,,,"Codeshare",1218,1242,2822,
- -,BCN,EAS,Formosa Airlines (VY),Formosa Airlines,243,00:59,,,,,319,,,"Direct",1218,1242,2439,
- -,BCN,EDI,Ryanair (FR),Ryanair,1041,02:34,,,,,738,,,"Direct",1218,535,4296,
- -,BCN,EDI,Iberia Airlines (IB),Iberia Airlines,1041,02:34,,,,,320,,,"Codeshare",1218,535,2822,
- -,BCN,EDI,Formosa Airlines (VY),Formosa Airlines,1041,02:34,,,,,320,,,"Direct",1218,535,2439,
- -,BCN,EIN,Transavia Holland (HV),Transavia Holland,718,01:56,,,,,73W 73H,,,"Direct",1218,585,5039,
- -,BCN,EMA,Ryanair (FR),Ryanair,812,02:07,,,,,738,,,"Direct",1218,523,4296,
- -,BCN,EWR,Lufthansa (LH),Lufthansa,3835,08:10,,,,,752,,,"Codeshare",1218,3494,3320,
- -,BCN,EWR,United Airlines (UA),United Airlines,3835,08:10,,,,,752,,,"Direct",1218,3494,5209,
- -,BCN,EZE,Aerolineas Argentinas (AR),Aerolineas Argentinas,6508,13:30,,,,,340,,,"Direct",1218,3988,412,
- -,BCN,FCO,Alitalia (AZ),Alitalia,525,01:33,,,,,32S 320 319 321,,,"Direct",1218,1555,596,
- -,BCN,FCO,Ryanair (FR),Ryanair,525,01:33,,,,,738,,,"Direct",1218,1555,4296,
- -,BCN,FCO,Iberia Airlines (IB),Iberia Airlines,525,01:33,,,,,320,,,"Codeshare",1218,1555,2822,
- -,BCN,FCO,Formosa Airlines (VY),Formosa Airlines,525,01:33,,,,,320,,,"Direct",1218,1555,2439,
- -,BCN,FEZ,Ryanair (FR),Ryanair,638,01:46,,,,,738,,,"Direct",1218,1066,4296,
- -,BCN,FEZ,Iberia Airlines (IB),Iberia Airlines,638,01:46,,,,,320,,,"Codeshare",1218,1066,2822,
- -,BCN,FEZ,Formosa Airlines (VY),Formosa Airlines,638,01:46,,,,,320,,,"Direct",1218,1066,2439,
- -,BCN,FLR,Iberia Airlines (IB),Iberia Airlines,495,01:29,,,,,320,,,"Codeshare",1218,1563,2822,
- -,BCN,FLR,Formosa Airlines (VY),Formosa Airlines,495,01:29,,,,,319,,,"Direct",1218,1563,2439,
- -,BCN,FRA,Ethiopian Airlines (ET),Ethiopian Airlines,679,01:51,,,,,321,,,"Codeshare",1218,340,2220,
- -,BCN,FRA,Iberia Airlines (IB),Iberia Airlines,679,01:51,,,,,320,,,"Codeshare",1218,340,2822,
- -,BCN,FRA,Lufthansa (LH),Lufthansa,679,01:51,,,,,321 320 319 32A,,,"Direct",1218,340,3320,
- -,BCN,FRA,Formosa Airlines (VY),Formosa Airlines,679,01:51,,,,,320,,,"Direct",1218,340,2439,
- -,BCN,FUE,Ryanair (FR),Ryanair,1261,03:01,,,,,738,,,"Direct",1218,1051,4296,
- -,BCN,FUE,Iberia Airlines (IB),Iberia Airlines,1261,03:01,,,,,320,,,"Codeshare",1218,1051,2822,
- -,BCN,FUE,Formosa Airlines (VY),Formosa Airlines,1261,03:01,,,,,320,,,"Direct",1218,1051,2439,
- -,BCN,GDN,Wizz Air (W6),Wizz Air,1174,02:50,,,,,320,,,"Direct",1218,668,5461,
- -,BCN,GLA,Jet2.com (LS),Jet2.com,1048,02:35,,,,,73H,,,"Direct",1218,534,3026,
- -,BCN,GOA,Iberia Airlines (IB),Iberia Airlines,403,01:18,,,,,320,,,"Codeshare",1218,1528,2822,
- -,BCN,GOA,Formosa Airlines (VY),Formosa Airlines,403,01:18,,,,,320,,,"Direct",1218,1528,2439,
- -,BCN,GOT,Norwegian Air Shuttle (DY),Norwegian Air Shuttle,1216,02:55,,,,,73H,,,"Direct",1218,687,3737,
- -,BCN,GOT,Iberia Airlines (IB),Iberia Airlines,1216,02:55,,,,,320,,,"Codeshare",1218,687,2822,
- -,BCN,GOT,Formosa Airlines (VY),Formosa Airlines,1216,02:55,,,,,320,,,"Direct",1218,687,2439,
- -,BCN,GRU,Singapore Airlines (SQ),Singapore Airlines,5443,11:23,,,,,77W,,,"Direct",1218,2564,4435,
- -,BCN,GRX,Iberia Airlines (IB),Iberia Airlines,422,01:20,,,,,320,,,"Codeshare",1218,1223,2822,
- -,BCN,GRX,Formosa Airlines (VY),Formosa Airlines,422,01:20,,,,,320,,,"Direct",1218,1223,2439,
- -,BCN,GVA,Swiss International Air Lines (LX),Swiss International Air Lines,395,01:17,,,,,320 319 AR1,,,"Direct",1218,1665,4559,
- -,BCN,GVA,easyJet (U2),easyJet,395,01:17,,,,,319 320,,,"Direct",1218,1665,2297,
- -,BCN,HAJ,Germanwings (4U),Germanwings,849,02:11,,,,,319,,,"Direct",1218,352,2548,
- -,BCN,HAJ,Iberia Airlines (IB),Iberia Airlines,849,02:11,,,,,320,,,"Codeshare",1218,352,2822,
- -,BCN,HAJ,Formosa Airlines (VY),Formosa Airlines,849,02:11,,,,,320,,,"Direct",1218,352,2439,
- -,BCN,HAM,Germanwings (4U),Germanwings,926,02:21,,,,,319,,,"Direct",1218,342,2548,
- -,BCN,HAM,Norwegian Air Shuttle (DY),Norwegian Air Shuttle,926,02:21,,,,,73H,,,"Direct",1218,342,3737,
- -,BCN,HAM,Iberia Airlines (IB),Iberia Airlines,926,02:21,,,,,320,,,"Codeshare",1218,342,2822,
- -,BCN,HAM,Formosa Airlines (VY),Formosa Airlines,926,02:21,,,,,320,,,"Direct",1218,342,2439,
- -,BCN,HEL,Finnair (AY),Finnair,1632,03:45,,,,,321,,,"Direct",1218,421,2350,
- -,BCN,HEL,Norwegian Air Shuttle (DY),Norwegian Air Shuttle,1632,03:45,,,,,73H,,,"Direct",1218,421,3737,
- -,BCN,HEL,Iberia Airlines (IB),Iberia Airlines,1632,03:45,,,,,321 320,,,"Codeshare",1218,421,2822,
- -,BCN,HEL,Formosa Airlines (VY),Formosa Airlines,1632,03:45,,,,,320,,,"Direct",1218,421,2439,
- -,BCN,IBZ,Ryanair (FR),Ryanair,171,00:50,,,,,738,,,"Direct",1218,1225,4296,
- -,BCN,IBZ,Iberia Airlines (IB),Iberia Airlines,171,00:50,,,,,320,,,"Codeshare",1218,1225,2822,
- -,BCN,IBZ,Formosa Airlines (VY),Formosa Airlines,171,00:50,,,,,320,,,"Direct",1218,1225,2439,
- -,BCN,IEV,Iberia Airlines (IB),Iberia Airlines,1490,03:28,,,,,320,,,"Codeshare",1218,2944,2822,
- -,BCN,IEV,Formosa Airlines (VY),Formosa Airlines,1490,03:28,,,,,320,,,"Direct",1218,2944,2439,
- -,BCN,ISL,Turkish Airlines (TK),Turkish Airlines,1385,03:16,,,,,320 332 321 738 330,,,"Direct",1218,1701,4951,
- -,BCN,JFK,American Airlines (AA),American Airlines,3819,08:08,,,,,763,,,"Direct",1218,3797,24,
- -,BCN,JFK,Air France (AF),Air France,3819,08:08,,,,,333,,,"Codeshare",1218,3797,137,
- -,BCN,JFK,Finnair (AY),Finnair,3819,08:08,,,,,763,,,"Direct",1218,3797,2350,
- -,BCN,JFK,British Airways (BA),British Airways,3819,08:08,,,,,763,,,"Codeshare",1218,3797,1355,
- -,BCN,JFK,Delta Air Lines (DL),Delta Air Lines,3819,08:08,,,,,333,,,"Direct",1218,3797,2009,
- -,BCN,JFK,Iberia Airlines (IB),Iberia Airlines,3819,08:08,,,,,763,,,"Codeshare",1218,3797,2822,
- -,BCN,JFK,KLM Royal Dutch Airlines (KL),KLM Royal Dutch Airlines,3819,08:08,,,,,330,,,"Codeshare",1218,3797,3090,
- -,BCN,JFK,Qatar Airways (QR),Qatar Airways,3819,08:08,,,,,763,,,"Codeshare",1218,3797,4091,
- -,BCN,JFK,US Airways (US),US Airways,3819,08:08,,,,,763,,,"Direct",1218,3797,5265,
- -,BCN,KBP,Iberia Airlines (IB),Iberia Airlines,1508,03:30,,,,,737,,,"Codeshare",1218,2939,2822,
- -,BCN,KBP,Ukraine International Airlines (PS),Ukraine International Airlines,1508,03:30,,,,,73J,,,"Direct",1218,2939,5282,
- -,BCN,KTW,Wizz Air (W6),Wizz Air,1030,02:33,,,,,320,,,"Direct",1218,671,5461,
- -,BCN,LBA,Jet2.com (LS),Jet2.com,884,02:16,,,,,733,,,"Direct",1218,517,3026,
- -,BCN,LBA,Air Bourbon (ZB),Air Bourbon,884,02:16,,,,,320,,,"Direct",1218,517,220,
- -,BCN,LCG,Iberia Airlines (IB),Iberia Airlines,551,01:36,,,,,320,,,"Direct",1218,1220,2822,
- -,BCN,LCG,Formosa Airlines (VY),Formosa Airlines,551,01:36,,,,,320,,,"Direct",1218,1220,2439,
- -,BCN,LED,Iberia Airlines (IB),Iberia Airlines,1752,04:00,,,,,320,,,"Codeshare",1218,2948,2822,
- -,BCN,LED,Aeroflot Russian Airlines (SU),Aeroflot Russian Airlines,1752,04:00,,,,,763 320,,,"Direct",1218,2948,130,
- -,BCN,LED,Formosa Airlines (VY),Formosa Airlines,1752,04:00,,,,,320,,,"Direct",1218,2948,2439,
- -,BCN,LEI,Iberia Airlines (IB),Iberia Airlines,389,01:16,,,,,320,,,"Codeshare",1218,1213,2822,
- -,BCN,LEI,Formosa Airlines (VY),Formosa Airlines,389,01:16,,,,,320,,,"Direct",1218,1213,2439,
- -,BCN,LEJ,Iberia Airlines (IB),Iberia Airlines,848,02:11,,,,,319 320,,,"Codeshare",1218,348,2822,
- -,BCN,LEJ,Formosa Airlines (VY),Formosa Airlines,848,02:11,,,,,319 320,,,"Direct",1218,348,2439,
- -,BCN,LEN,Iberia Airlines (IB),Iberia Airlines,406,01:18,,,,,CR2,,,"Codeshare",1218,6756,2822,
- -,BCN,LGW,British Airways (BA),British Airways,688,01:52,,,,,319 734 320,,,"Direct",1218,502,1355,
- -,BCN,LGW,Norwegian Air Shuttle (DY),Norwegian Air Shuttle,688,01:52,,,,,73H,,,"Direct",1218,502,3737,
- -,BCN,LGW,Iberia Airlines (IB),Iberia Airlines,688,01:52,,,,,320 319 734,,,"Codeshare",1218,502,2822,
- -,BCN,LGW,easyJet (U2),easyJet,688,01:52,,,,,319 320,,,"Direct",1218,502,2297,
- -,BCN,LGW,Formosa Airlines (VY),Formosa Airlines,688,01:52,,,,,320,,,"Direct",1218,502,2439,
- -,BCN,LGW,Air Bourbon (ZB),Air Bourbon,688,01:52,,,,,321 752,,,"Direct",1218,502,220,
- -,BCN,LHE,Pakistan International Airlines (PK),Pakistan International Airlines,3960,08:25,,,,,310,,,"Direct",1218,2207,3871,
- -,BCN,LHR,American Airlines (AA),American Airlines,712,01:55,,,,,320 319 321 767,,,"Codeshare",1218,507,24,
- -,BCN,LHR,British Airways (BA),British Airways,712,01:55,,,,,320 319 321 767,,,"Direct",1218,507,1355,
- -,BCN,LHR,Iberia Airlines (IB),Iberia Airlines,712,01:55,,,,,320 319 321,,,"Codeshare",1218,507,2822,
- -,BCN,LIL,Iberia Airlines (IB),Iberia Airlines,641,01:46,,,,,320,,,"Direct",1218,1399,2822,
- -,BCN,LIL,Formosa Airlines (VY),Formosa Airlines,641,01:46,,,,,320,,,"Direct",1218,1399,2439,
- -,BCN,LIN,Alitalia (AZ),Alitalia,460,01:25,,,,,E75,,,"Direct",1218,1529,596,
- -,BCN,LIS,Iberia Airlines (IB),Iberia Airlines,617,01:44,,,,,320,,,"Codeshare",1218,1638,2822,
- -,BCN,LIS,SATA International (S4),SATA International,617,01:44,,,,,ER4 319 100 320,,,"Codeshare",1218,1638,4304,
- -,BCN,LIS,TAP Portugal (TP),TAP Portugal,617,01:44,,,,,ER4 320 319 100,,,"Direct",1218,1638,4869,
- -,BCN,LIS,Formosa Airlines (VY),Formosa Airlines,617,01:44,,,,,320,,,"Direct",1218,1638,2439,
- -,BCN,LPA,Ryanair (FR),Ryanair,1350,03:12,,,,,738,,,"Direct",1218,1054,4296,
- -,BCN,LPA,Iberia Airlines (IB),Iberia Airlines,1350,03:12,,,,,320,,,"Codeshare",1218,1054,2822,
- -,BCN,LPA,Formosa Airlines (VY),Formosa Airlines,1350,03:12,,,,,320,,,"Direct",1218,1054,2439,
- -,BCN,LPL,Ryanair (FR),Ryanair,862,02:13,,,,,738,,,"Direct",1218,491,4296,
- -,BCN,LPL,easyJet (U2),easyJet,862,02:13,,,,,319,,,"Direct",1218,491,2297,
- -,BCN,LTN,easyJet (U2),easyJet,739,01:58,,,,,319 320,,,"Direct",1218,492,2297,
- -,BCN,LUX,Iberia Airlines (IB),Iberia Airlines,608,01:42,,,,,320,,,"Codeshare",1218,629,2822,
- -,BCN,LUX,Luxair (LG),Luxair,608,01:42,,,,,DH4,,,"Direct",1218,629,3329,
- -,BCN,LUX,Formosa Airlines (VY),Formosa Airlines,608,01:42,,,,,320,,,"Direct",1218,629,2439,
- -,BCN,LYS,Iberia Airlines (IB),Iberia Airlines,340,01:10,,,,,320,,,"Codeshare",1218,1335,2822,
- -,BCN,LYS,easyJet (U2),easyJet,340,01:10,,,,,319,,,"Direct",1218,1335,2297,
- -,BCN,LYS,Formosa Airlines (VY),Formosa Airlines,340,01:10,,,,,320,,,"Direct",1218,1335,2439,
- -,BCN,MAD,Iberia Airlines (IB),Iberia Airlines,299,01:05,,,,,321 319 320,,,"Direct",1218,1229,2822,
- -,BCN,MAD,Air Europa (UX),Air Europa,299,01:05,,,,,332 333,,,"Direct",1218,1229,90,
- -,BCN,MAD,Formosa Airlines (VY),Formosa Airlines,299,01:05,,,,,320,,,"Direct",1218,1229,2439,
- -,BCN,MAH,Ryanair (FR),Ryanair,149,00:47,,,,,738,,,"Direct",1218,1231,4296,
- -,BCN,MAH,Iberia Airlines (IB),Iberia Airlines,149,00:47,,,,,320,,,"Codeshare",1218,1231,2822,
- -,BCN,MAH,Formosa Airlines (VY),Formosa Airlines,149,00:47,,,,,320,,,"Direct",1218,1231,2439,
- -,BCN,MAN,Ryanair (FR),Ryanair,856,02:12,,,,,738,,,"Direct",1218,478,4296,
- -,BCN,MAN,Jet2.com (LS),Jet2.com,856,02:12,,,,,738 733 73H,,,"Direct",1218,478,3026,
- -,BCN,MAN,Air Bourbon (ZB),Air Bourbon,856,02:12,,,,,321,,,"Direct",1218,478,220,
- -,BCN,MIA,American Airlines (AA),American Airlines,4685,09:52,,,,,763,,,"Direct",1218,3576,24,
- -,BCN,MIA,Finnair (AY),Finnair,4685,09:52,,,,,763,,,"Direct",1218,3576,2350,
- -,BCN,MIA,British Airways (BA),British Airways,4685,09:52,,,,,763,,,"Codeshare",1218,3576,1355,
- -,BCN,MIA,Iberia Airlines (IB),Iberia Airlines,4685,09:52,,,,,763,,,"Codeshare",1218,3576,2822,
- -,BCN,MIA,US Airways (US),US Airways,4685,09:52,,,,,763,,,"Direct",1218,3576,5265,
- -,BCN,MLA,Iberia Airlines (IB),Iberia Airlines,766,02:01,,,,,320,,,"Codeshare",1218,1606,2822,
- -,BCN,MLA,Formosa Airlines (VY),Formosa Airlines,766,02:01,,,,,320,,,"Direct",1218,1606,2439,
- -,BCN,MRS,Iberia Airlines (IB),Iberia Airlines,218,00:56,,,,,320,,,"Codeshare",1218,1353,2822,
- -,BCN,MRS,Formosa Airlines (VY),Formosa Airlines,218,00:56,,,,,320,,,"Direct",1218,1353,2439,
- -,BCN,MSQ,Belavia Belarusian Airlines (B2),Belavia Belarusian Airlines,1474,03:26,,,,,E75 733 735,,,"Direct",1218,2954,1478,
- -,BCN,MUC,Iberia Airlines (IB),Iberia Airlines,679,01:51,,,,,320,,,"Codeshare",1218,346,2822,
- -,BCN,MUC,Lufthansa (LH),Lufthansa,679,01:51,,,,,321 319 320 E95,,,"Direct",1218,346,3320,
- -,BCN,MUC,Formosa Airlines (VY),Formosa Airlines,679,01:51,,,,,320,,,"Direct",1218,346,2439,
- -,BCN,MXP,Iberia Airlines (IB),Iberia Airlines,447,01:23,,,,,320,,,"Codeshare",1218,1524,2822,
- -,BCN,MXP,Singapore Airlines (SQ),Singapore Airlines,447,01:23,,,,,77W,,,"Direct",1218,1524,4435,
- -,BCN,MXP,easyJet (U2),easyJet,447,01:23,,,,,320 319,,,"Direct",1218,1524,2297,
- -,BCN,MXP,Formosa Airlines (VY),Formosa Airlines,447,01:23,,,,,320,,,"Direct",1218,1524,2439,
- -,BCN,NAP,Iberia Airlines (IB),Iberia Airlines,635,01:46,,,,,320,,,"Codeshare",1218,1561,2822,
- -,BCN,NAP,Formosa Airlines (VY),Formosa Airlines,635,01:46,,,,,320,,,"Direct",1218,1561,2439,
- -,BCN,NCE,Iberia Airlines (IB),Iberia Airlines,308,01:06,,,,,320,,,"Codeshare",1218,1354,2822,
- -,BCN,NCE,easyJet (U2),easyJet,308,01:06,,,,,319 320,,,"Direct",1218,1354,2297,
- -,BCN,NCE,Formosa Airlines (VY),Formosa Airlines,308,01:06,,,,,320,,,"Direct",1218,1354,2439,
- -,BCN,NCL,easyJet (U2),easyJet,964,02:25,,,,,319 320,,,"Direct",1218,521,2297,
- -,BCN,NDR,Air Arabia Maroc (3O),Air Arabia Maroc,516,01:31,,,,,320,,,"Direct",1218,5673,9818,
- -,BCN,NDR,Ryanair (FR),Ryanair,516,01:31,,,,,738,,,"Direct",1218,5673,4296,
- -,BCN,NDR,Iberia Airlines (IB),Iberia Airlines,516,01:31,,,,,320,,,"Codeshare",1218,5673,2822,
- -,BCN,NDR,Formosa Airlines (VY),Formosa Airlines,516,01:31,,,,,320,,,"Direct",1218,5673,2439,
- -,BCN,NTE,Iberia Airlines (IB),Iberia Airlines,443,01:23,,,,,320,,,"Codeshare",1218,1418,2822,
- -,BCN,NTE,Formosa Airlines (VY),Formosa Airlines,443,01:23,,,,,320,,,"Direct",1218,1418,2439,
- -,BCN,NUE,Iberia Airlines (IB),Iberia Airlines,713,01:55,,,,,320,,,"Codeshare",1218,347,2822,
- -,BCN,NUE,Formosa Airlines (VY),Formosa Airlines,713,01:55,,,,,320,,,"Direct",1218,347,2439,
- -,BCN,NYO,Ryanair (FR),Ryanair,1368,03:14,,,,,738,,,"Direct",1218,699,4296,
- -,BCN,OPO,Ryanair (FR),Ryanair,558,01:36,,,,,738,,,"Direct",1218,1636,4296,
- -,BCN,OPO,Iberia Airlines (IB),Iberia Airlines,558,01:36,,,,,320,,,"Direct",1218,1636,2822,
- -,BCN,OPO,SATA International (S4),SATA International,558,01:36,,,,,ER4,,,"Codeshare",1218,1636,4304,
- -,BCN,OPO,TAP Portugal (TP),TAP Portugal,558,01:36,,,,,ER4,,,"Codeshare",1218,1636,4869,
- -,BCN,OPO,Formosa Airlines (VY),Formosa Airlines,558,01:36,,,,,320,,,"Direct",1218,1636,2439,
- -,BCN,ORK,Aer Lingus (EI),Aer Lingus,882,02:15,,,,,320,,,"Direct",1218,596,837,
- -,BCN,ORN,Air Algerie (AH),Air Algerie,418,01:20,,,,,736,,,"Direct",1218,231,794,
- -,BCN,ORN,Iberia Airlines (IB),Iberia Airlines,418,01:20,,,,,320,,,"Codeshare",1218,231,2822,
- -,BCN,ORN,Formosa Airlines (VY),Formosa Airlines,418,01:20,,,,,320,,,"Direct",1218,231,2439,
- -,BCN,ORY,Iberia Airlines (IB),Iberia Airlines,513,01:31,,,,,320,,,"Codeshare",1218,1386,2822,
- -,BCN,ORY,Formosa Airlines (VY),Formosa Airlines,513,01:31,,,,,320 319,,,"Direct",1218,1386,2439,
- -,BCN,OSL,Norwegian Air Shuttle (DY),Norwegian Air Shuttle,1354,03:12,,,,,73H,,,"Direct",1218,644,3737,
- -,BCN,OSL,Iberia Airlines (IB),Iberia Airlines,1354,03:12,,,,,320,,,"Codeshare",1218,644,2822,
- -,BCN,OSL,Scandinavian Airlines System (SK),Scandinavian Airlines System,1354,03:12,,,,,738 73G,,,"Direct",1218,644,4319,
- -,BCN,OSL,Formosa Airlines (VY),Formosa Airlines,1354,03:12,,,,,320,,,"Direct",1218,644,2439,
- -,BCN,OTP,Iberia Airlines (IB),Iberia Airlines,1229,02:57,,,,,320,,,"Codeshare",1218,1657,2822,
- -,BCN,OTP,Tarom (RO),Tarom,1229,02:57,,,,,73W,,,"Direct",1218,1657,5179,
- -,BCN,OTP,Air Europa (UX),Air Europa,1229,02:57,,,,,737,,,"Codeshare",1218,1657,90,
- -,BCN,OTP,Formosa Airlines (VY),Formosa Airlines,1229,02:57,,,,,320,,,"Direct",1218,1657,2439,
- -,BCN,OTP,Wizz Air (W6),Wizz Air,1229,02:57,,,,,320,,,"Direct",1218,1657,5461,
- -,BCN,OVD,Iberia Airlines (IB),Iberia Airlines,441,01:22,,,,,320,,,"Codeshare",1218,1214,2822,
- -,BCN,OVD,Formosa Airlines (VY),Formosa Airlines,441,01:22,,,,,320,,,"Direct",1218,1214,2439,
- -,BCN,PHL,American Airlines (AA),American Airlines,3912,08:19,,,,,332,,,"Direct",1218,3752,24,
- -,BCN,PHL,US Airways (US),US Airways,3912,08:19,,,,,332,,,"Direct",1218,3752,5265,
- -,BCN,PIK,Ryanair (FR),Ryanair,1026,02:33,,,,,738,,,"Direct",1218,537,4296,
- -,BCN,PMI,Alitalia (AZ),Alitalia,125,00:45,,,,,E90,,,"Codeshare",1218,3998,596,
- -,BCN,PMI,Ryanair (FR),Ryanair,125,00:45,,,,,738,,,"Direct",1218,3998,4296,
- -,BCN,PMI,Iberia Airlines (IB),Iberia Airlines,125,00:45,,,,,320,,,"Codeshare",1218,3998,2822,
- -,BCN,PMI,Czech Airlines (OK),Czech Airlines,125,00:45,,,,,738 E90,,,"Direct",1218,3998,1946,
- -,BCN,PMI,Air Europa (UX),Air Europa,125,00:45,,,,,738 E90,,,"Direct",1218,3998,90,
- -,BCN,PMI,Formosa Airlines (VY),Formosa Airlines,125,00:45,,,,,320,,,"Direct",1218,3998,2439,
- -,BCN,PMO,Iberia Airlines (IB),Iberia Airlines,622,01:44,,,,,320,,,"Codeshare",1218,1512,2822,
- -,BCN,PMO,Formosa Airlines (VY),Formosa Airlines,622,01:44,,,,,320,,,"Direct",1218,1512,2439,
- -,BCN,POZ,Wizz Air (W6),Wizz Air,1032,02:33,,,,,320,,,"Direct",1218,674,5461,
- -,BCN,PRG,Iberia Airlines (IB),Iberia Airlines,843,02:11,,,,,320 319,,,"Codeshare",1218,1587,2822,
- -,BCN,PRG,Czech Airlines (OK),Czech Airlines,843,02:11,,,,,319 320 738,,,"Direct",1218,1587,1946,
- -,BCN,PRG,Air Europa (UX),Air Europa,843,02:11,,,,,32S,,,"Direct",1218,1587,90,
- -,BCN,PRG,Formosa Airlines (VY),Formosa Airlines,843,02:11,,,,,320,,,"Direct",1218,1587,2439,
- -,BCN,PSA,Iberia Airlines (IB),Iberia Airlines,454,01:24,,,,,320,,,"Codeshare",1218,1562,2822,
- -,BCN,PSA,Formosa Airlines (VY),Formosa Airlines,454,01:24,,,,,320,,,"Direct",1218,1562,2439,
- -,BCN,RAK,Iberia Airlines (IB),Iberia Airlines,872,02:14,,,,,320,,,"Codeshare",1218,1075,2822,
- -,BCN,RAK,Formosa Airlines (VY),Formosa Airlines,872,02:14,,,,,320,,,"Direct",1218,1075,2439,
- -,BCN,RGS,Iberia Airlines (IB),Iberia Airlines,302,01:06,,,,,CR2,,,"Codeshare",1218,6757,2822,
- -,BCN,RIX,Air Baltic (BT),Air Baltic,1451,03:24,,,,,735 73C,,,"Direct",1218,3953,333,
- -,BCN,RNS,Iberia Airlines (IB),Iberia Airlines,503,01:30,,,,,320,,,"Codeshare",1218,1415,2822,
- -,BCN,RNS,Formosa Airlines (VY),Formosa Airlines,503,01:30,,,,,320,,,"Direct",1218,1415,2439,
- -,BCN,RTM,Transavia Holland (HV),Transavia Holland,744,01:59,,,,,73H 73W,,,"Direct",1218,591,5039,
- -,BCN,RYG,Ryanair (FR),Ryanair,1303,03:06,,,,,738,,,"Direct",1218,657,4296,
- -,BCN,SAW,Pegasus Airlines (PC),Pegasus Airlines,1411,03:19,,,,,738,,,"Direct",1218,4317,3926,
- -,BCN,SCQ,Ryanair (FR),Ryanair,548,01:35,,,,,738,,,"Direct",1218,1243,4296,
- -,BCN,SCQ,Iberia Airlines (IB),Iberia Airlines,548,01:35,,,,,320,,,"Codeshare",1218,1243,2822,
- -,BCN,SCQ,Formosa Airlines (VY),Formosa Airlines,548,01:35,,,,,320,,,"Direct",1218,1243,2439,
- -,BCN,SDR,Ryanair (FR),Ryanair,334,01:10,,,,,738,,,"Direct",1218,1251,4296,
- -,BCN,SDR,Iberia Airlines (IB),Iberia Airlines,334,01:10,,,,,320,,,"Codeshare",1218,1251,2822,
- -,BCN,SDR,Formosa Airlines (VY),Formosa Airlines,334,01:10,,,,,320,,,"Direct",1218,1251,2439,
- -,BCN,SEN,easyJet (U2),easyJet,712,01:55,,,,,319,,,"Direct",1218,508,2297,
- -,BCN,SIN,Singapore Airlines (SQ),Singapore Airlines,6768,14:02,,,,,77W,,,"Direct",1218,3316,4435,
- -,BCN,SLM,Iberia Airlines (IB),Iberia Airlines,394,01:17,,,,,CR2,,,"Codeshare",1218,1238,2822,
- -,BCN,SOF,Bulgaria Air (FB),Bulgaria Air,1096,02:41,,,,,320 319,,,"Direct",1218,1194,1548,
- -,BCN,SOF,Wizz Air (W6),Wizz Air,1096,02:41,,,,,320,,,"Direct",1218,1194,5461,
- -,BCN,STN,Ryanair (FR),Ryanair,736,01:58,,,,,738,,,"Direct",1218,548,4296,
- -,BCN,STR,Germanwings (4U),Germanwings,617,01:44,,,,,319 320,,,"Direct",1218,350,2548,
- -,BCN,STR,Iberia Airlines (IB),Iberia Airlines,617,01:44,,,,,320,,,"Codeshare",1218,350,2822,
- -,BCN,STR,Formosa Airlines (VY),Formosa Airlines,617,01:44,,,,,320,,,"Direct",1218,350,2439,
- -,BCN,SVG,Iberia Airlines (IB),Iberia Airlines,1223,02:56,,,,,320,,,"Codeshare",1218,666,2822,
- -,BCN,SVG,Formosa Airlines (VY),Formosa Airlines,1223,02:56,,,,,320,,,"Direct",1218,666,2439,
- -,BCN,SVO,Aeroflot Russian Airlines (SU),Aeroflot Russian Airlines,1873,04:14,,,,,321,,,"Direct",1218,2985,130,
- -,BCN,SVO,Air Europa (UX),Air Europa,1873,04:14,,,,,32S,,,"Direct",1218,2985,90,
- -,BCN,SVQ,Ryanair (FR),Ryanair,502,01:30,,,,,738,,,"Direct",1218,1253,4296,
- -,BCN,SVQ,Iberia Airlines (IB),Iberia Airlines,502,01:30,,,,,320,,,"Codeshare",1218,1253,2822,
- -,BCN,SVQ,Formosa Airlines (VY),Formosa Airlines,502,01:30,,,,,320,,,"Direct",1218,1253,2439,
- -,BCN,SXF,Norwegian Air Shuttle (DY),Norwegian Air Shuttle,934,02:22,,,,,73H,,,"Direct",1218,337,3737,
- -,BCN,SXF,easyJet (U2),easyJet,934,02:22,,,,,319 320,,,"Direct",1218,337,2297,
- -,BCN,TFN,Alitalia (AZ),Alitalia,1362,03:13,,,,,738,,,"Codeshare",1218,1057,596,
- -,BCN,TFN,Ryanair (FR),Ryanair,1362,03:13,,,,,738,,,"Direct",1218,1057,4296,
- -,BCN,TFN,Iberia Airlines (IB),Iberia Airlines,1362,03:13,,,,,320,,,"Codeshare",1218,1057,2822,
- -,BCN,TFN,Air Europa (UX),Air Europa,1362,03:13,,,,,738,,,"Direct",1218,1057,90,
- -,BCN,TFN,Formosa Airlines (VY),Formosa Airlines,1362,03:13,,,,,320,,,"Direct",1218,1057,2439,
- -,BCN,TFS,Ryanair (FR),Ryanair,1394,03:17,,,,,738,,,"Direct",1218,1056,4296,
- -,BCN,TFS,Iberia Airlines (IB),Iberia Airlines,1394,03:17,,,,,320,,,"Codeshare",1218,1056,2822,
- -,BCN,TFS,Formosa Airlines (VY),Formosa Airlines,1394,03:17,,,,,320,,,"Direct",1218,1056,2439,
- -,BCN,TLS,Iberia Airlines (IB),Iberia Airlines,165,00:49,,,,,320,,,"Codeshare",1218,1273,2822,
- -,BCN,TLS,Formosa Airlines (VY),Formosa Airlines,165,00:49,,,,,320,,,"Direct",1218,1273,2439,
- -,BCN,TLV,Iberia Airlines (IB),Iberia Airlines,1913,04:19,,,,,763 320 744 739,,,"Codeshare",1218,1590,2822,
- -,BCN,TLV,Arkia Israel Airlines (IZ),Arkia Israel Airlines,1913,04:19,,,,,753,,,"Direct",1218,1590,231,
- -,BCN,TLV,El Al Israel Airlines (LY),El Al Israel Airlines,1913,04:19,,,,,763 744 738,,,"Direct",1218,1590,2150,
- -,BCN,TLV,Formosa Airlines (VY),Formosa Airlines,1913,04:19,,,,,320,,,"Direct",1218,1590,2439,
- -,BCN,TNG,Air Arabia Maroc (3O),Air Arabia Maroc,577,01:39,,,,,320,,,"Direct",1218,1080,9818,
- -,BCN,TNG,Royal Air Maroc (AT),Royal Air Maroc,577,01:39,,,,,73G,,,"Direct",1218,1080,4248,
- -,BCN,TNG,Iberia Airlines (IB),Iberia Airlines,577,01:39,,,,,320 73G,,,"Codeshare",1218,1080,2822,
- -,BCN,TNG,Formosa Airlines (VY),Formosa Airlines,577,01:39,,,,,320,,,"Direct",1218,1080,2439,
- -,BCN,TRF,Norwegian Air Shuttle (DY),Norwegian Air Shuttle,1284,03:04,,,,,73H,,,"Direct",1218,664,3737,
- -,BCN,TRN,Ryanair (FR),Ryanair,388,01:16,,,,,738,,,"Direct",1218,1526,4296,
- -,BCN,TRN,Iberia Airlines (IB),Iberia Airlines,388,01:16,,,,,320,,,"Codeshare",1218,1526,2822,
- -,BCN,TRN,Formosa Airlines (VY),Formosa Airlines,388,01:16,,,,,320,,,"Direct",1218,1526,2439,
- -,BCN,TSF,Ryanair (FR),Ryanair,588,01:40,,,,,738,,,"Direct",1218,1539,4296,
- -,BCN,TSR,Wizz Air (W6),Wizz Air,1010,02:31,,,,,320,,,"Direct",1218,1663,5461,
- -,BCN,TUN,Tunisair (TU),Tunisair,533,01:33,,,,,32A 320 319,,,"Direct",1218,287,4870,
- -,BCN,TXL,Air Berlin (AB),Air Berlin,937,02:22,,,,,738 320 321,,,"Direct",1218,351,214,
- -,BCN,TXL,Iberia Airlines (IB),Iberia Airlines,937,02:22,,,,,320 738 321,,,"Codeshare",1218,351,2822,
- -,BCN,TXL,Lufthansa (LH),Lufthansa,937,02:22,,,,,320,,,"Direct",1218,351,3320,
- -,BCN,TXL,Formosa Airlines (VY),Formosa Airlines,937,02:22,,,,,320,,,"Direct",1218,351,2439,
- -,BCN,VCE,Iberia Airlines (IB),Iberia Airlines,591,01:40,,,,,320,,,"Codeshare",1218,1551,2822,
- -,BCN,VCE,Formosa Airlines (VY),Formosa Airlines,591,01:40,,,,,320,,,"Direct",1218,1551,2439,
- -,BCN,VGO,Iberia Airlines (IB),Iberia Airlines,554,01:36,,,,,320,,,"Codeshare",1218,1250,2822,
- -,BCN,VGO,Formosa Airlines (VY),Formosa Airlines,554,01:36,,,,,320,,,"Direct",1218,1250,2439,
- -,BCN,VIE,Air Berlin (AB),Air Berlin,850,02:12,,,,,320 321,,,"Codeshare",1218,1613,214,
- -,BCN,VIE,Air China (CA),Air China,850,02:12,,,,,333,,,"Direct",1218,1613,751,
- -,BCN,VIE,Niki (HG),Niki,850,02:12,,,,,320 321,,,"Direct",1218,1613,3661,
- -,BCN,VIE,Iberia Airlines (IB),Iberia Airlines,850,02:12,,,,,320 321,,,"Codeshare",1218,1613,2822,
- -,BCN,VIE,Austrian Airlines (OS),Austrian Airlines,850,02:12,,,,,321 320,,,"Codeshare",1218,1613,491,
- -,BCN,VIE,Formosa Airlines (VY),Formosa Airlines,850,02:12,,,,,320,,,"Direct",1218,1613,2439,
- -,BCN,VLL,Ryanair (FR),Ryanair,359,01:13,,,,,738,,,"Direct",1218,1247,4296,
- -,BCN,VLL,Iberia Airlines (IB),Iberia Airlines,359,01:13,,,,,CR2,,,"Codeshare",1218,1247,2822,
- -,BCN,VLL,Formosa Airlines (VY),Formosa Airlines,359,01:13,,,,,320,,,"Direct",1218,1247,2439,
- -,BCN,VNO,Ryanair (FR),Ryanair,1402,03:18,,,,,738,,,"Direct",1218,3959,4296,
- -,BCN,VNO,Wizz Air (W6),Wizz Air,1402,03:18,,,,,320,,,"Direct",1218,3959,5461,
- -,BCN,WAW,Norwegian Air Shuttle (DY),Norwegian Air Shuttle,1161,02:49,,,,,73H,,,"Direct",1218,679,3737,
- -,BCN,WAW,Iberia Airlines (IB),Iberia Airlines,1161,02:49,,,,,320,,,"Direct",1218,679,2822,
- -,BCN,WAW,LOT Polish Airlines (LO),LOT Polish Airlines,1161,02:49,,,,,E95 734,,,"Direct",1218,679,3210,
- -,BCN,WAW,Formosa Airlines (VY),Formosa Airlines,1161,02:49,,,,,320,,,"Direct",1218,679,2439,
- -,BCN,WAW,Wizz Air (W6),Wizz Air,1161,02:49,,,,,320,,,"Direct",1218,679,5461,
- -,BCN,WMI,Ryanair (FR),Ryanair,1160,02:49,,,,,738,,,"Direct",1218,8414,4296,
- -,BCN,XRY,Ryanair (FR),Ryanair,537,01:34,,,,,738,,,"Direct",1218,1226,4296,
- -,BCN,XRY,Iberia Airlines (IB),Iberia Airlines,537,01:34,,,,,320,,,"Direct",1218,1226,2822,
- -,BCN,XRY,Formosa Airlines (VY),Formosa Airlines,537,01:34,,,,,320,,,"Direct",1218,1226,2439,
- -,BCN,YUL,Air Transat (TS),Air Transat,3671,07:50,,,,,310,,,"Direct",1218,146,1317,
- -,BCN,YYZ,Air Canada (AC),Air Canada,3985,08:28,,,,,763,,,"Codeshare",1218,193,330,
- -,BCN,YYZ,Air Transat (TS),Air Transat,3985,08:28,,,,,310,,,"Direct",1218,193,1317,
- -,BCN,ZAG,Iberia Airlines (IB),Iberia Airlines,763,02:01,,,,,320,,,"Codeshare",1218,1208,2822,
- -,BCN,ZAG,Croatia Airlines (OU),Croatia Airlines,763,02:01,,,,,319,,,"Direct",1218,1208,1925,
- -,BCN,ZAG,Formosa Airlines (VY),Formosa Airlines,763,02:01,,,,,320,,,"Direct",1218,1208,2439,
- -,BCN,ZRH,Iberia Airlines (IB),Iberia Airlines,531,01:33,,,,,320,,,"Codeshare",1218,1678,2822,
- -,BCN,ZRH,Swiss International Air Lines (LX),Swiss International Air Lines,531,01:33,,,,,321 320,,,"Direct",1218,1678,4559,
- -,BCN,ZRH,Formosa Airlines (VY),Formosa Airlines,531,01:33,,,,,319 320,,,"Direct",1218,1678,2439,