﻿Date,From,To,Flight_Number,Airline,Distance,Duration,Seat,Seat_Type,Class,Reason,Plane,Registration,Trip,Note,From_OID,To_OID,Airline_OID,Plane_OID
- -,CDG,OPRN,Pakistan International Airlines (PK),Pakistan International Airlines,3669,07:50,,,,,777,,,"Direct",1382,2223,3871,
- -,CDG,AAE,Air Algerie (AH),Air Algerie,882,02:15,,,,,738,,,"Direct",1382,220,794,
- -,CDG,ABJ,Air France (AF),Air France,3044,06:35,,,,,772,,,"Direct",1382,253,137,
- -,CDG,ABJ,Alitalia (AZ),Alitalia,3044,06:35,,,,,772,,,"Codeshare",1382,253,596,
- -,CDG,ABV,Air France (AF),Air France,2776,06:03,,,,,332,,,"Direct",1382,260,137,
- -,CDG,ABV,Delta Air Lines (DL),Delta Air Lines,2776,06:03,,,,,332,,,"Codeshare",1382,260,2009,
- -,CDG,ABV,KLM Royal Dutch Airlines (KL),KLM Royal Dutch Airlines,2776,06:03,,,,,330,,,"Codeshare",1382,260,3090,
- -,CDG,ABZ,Air France (AF),Air France,598,01:41,,,,,E70,,,"Direct",1382,532,137,
- -,CDG,ABZ,Alitalia (AZ),Alitalia,598,01:41,,,,,E70,,,"Codeshare",1382,532,596,
- -,CDG,ABZ,Flybe (BE),Flybe,598,01:41,,,,,EMJ,,,"Codeshare",1382,532,2421,
- -,CDG,ADB,Harmony Airways (HQ),Harmony Airways,1425,03:21,,,,,320,,,"Direct",1382,1706,2684,
- -,CDG,ADB,SunExpress (XQ),SunExpress,1425,03:21,,,,,738,,,"Direct",1382,1706,4573,
- -,CDG,ADD,Ethiopian Airlines (ET),Ethiopian Airlines,3465,07:25,,,,,763,,,"Direct",1382,1107,2220,
- -,CDG,AGA,easyJet (U2),easyJet,1434,03:22,,,,,319,,,"Direct",1382,1064,2297,
- -,CDG,AGP,Air France (AF),Air France,922,02:20,,,,,738,,,"Codeshare",1382,1230,137,
- -,CDG,AGP,easyJet (U2),easyJet,922,02:20,,,,,319 320,,,"Direct",1382,1230,2297,
- -,CDG,AGP,Air Europa (UX),Air Europa,922,02:20,,,,,738,,,"Direct",1382,1230,90,
- -,CDG,AJA,easyJet (U2),easyJet,575,01:39,,,,,319,,,"Direct",1382,1324,2297,
- -,CDG,ALG,Air France (AF),Air France,851,02:12,,,,,319,,,"Direct",1382,210,137,
- -,CDG,ALG,Air Algerie (AH),Air Algerie,851,02:12,,,,,330 738,,,"Direct",1382,210,794,
- -,CDG,ALG,KLM Royal Dutch Airlines (KL),KLM Royal Dutch Airlines,851,02:12,,,,,319,,,"Codeshare",1382,210,3090,
- -,CDG,ALG,Aeroflot Russian Airlines (SU),Aeroflot Russian Airlines,851,02:12,,,,,319,,,"Codeshare",1382,210,130,
- -,CDG,ALG,Aigle Azur (ZI),Aigle Azur,851,02:12,,,,,319,,,"Direct",1382,210,21,
- -,CDG,AMM,Air France (AF),Air France,2099,04:41,,,,,320,,,"Direct",1382,2170,137,
- -,CDG,AMM,Royal Jordanian (RJ),Royal Jordanian,2099,04:41,,,,,319 320 321,,,"Direct",1382,2170,4259,
- -,CDG,AMS,Air France (AF),Air France,247,00:59,,,,,321 320 319 318 32A,,,"Direct",1382,580,137,
- -,CDG,AMS,KLM Royal Dutch Airlines (KL),KLM Royal Dutch Airlines,247,00:59,,,,,737,,,"Direct",1382,580,3090,
- -,CDG,AMS,China Eastern Airlines (MU),China Eastern Airlines,247,00:59,,,,,737,,,"Codeshare",1382,580,1758,
- -,CDG,ARN,Air France (AF),Air France,955,02:24,,,,,320 321 32A 319,,,"Direct",1382,737,137,
- -,CDG,ARN,Alitalia (AZ),Alitalia,955,02:24,,,,,320 321 32A 319,,,"Codeshare",1382,737,596,
- -,CDG,ARN,Scandinavian Airlines System (SK),Scandinavian Airlines System,955,02:24,,,,,73H 73G 736 73W 717,,,"Direct",1382,737,4319,
- -,CDG,ATH,Aegean Airlines (A3),Aegean Airlines,1309,03:07,,,,,321 320,,,"Direct",1382,3941,96,
- -,CDG,ATH,Air France (AF),Air France,1309,03:07,,,,,319 32A 320 321,,,"Direct",1382,3941,137,
- -,CDG,ATH,Olympic Airlines (OA),Olympic Airlines,1309,03:07,,,,,321 320,,,"Codeshare",1382,3941,3776,
- -,CDG,ATH,US Airways (US),US Airways,1309,03:07,,,,,321,,,"Codeshare",1382,3941,5265,
- -,CDG,ATL,Air France (AF),Air France,4381,09:15,,,,,77W 744 772,,,"Direct",1382,3682,137,
- -,CDG,ATL,AeroMéxico (AM),AeroMéxico,4381,09:15,,,,,76W,,,"Codeshare",1382,3682,321,
- -,CDG,ATL,Alitalia (AZ),Alitalia,4381,09:15,,,,,77W 744 772,,,"Codeshare",1382,3682,596,
- -,CDG,ATL,Delta Air Lines (DL),Delta Air Lines,4381,09:15,,,,,76W,,,"Direct",1382,3682,2009,
- -,CDG,AUH,Air France (AF),Air France,3261,07:01,,,,,346,,,"Codeshare",1382,2179,137,
- -,CDG,AUH,Etihad Airways (EY),Etihad Airways,3261,07:01,,,,,346,,,"Direct",1382,2179,2222,
- -,CDG,BAH,Gulf Air Bahrain (GF),Gulf Air Bahrain,2994,06:29,,,,,320,,,"Direct",1382,2057,2638,
- -,CDG,BCN,Air France (AF),Air France,533,01:33,,,,,321 32A 318 320,,,"Direct",1382,1218,137,
- -,CDG,BCN,Iberia Airlines (IB),Iberia Airlines,533,01:33,,,,,320,,,"Direct",1382,1218,2822,
- -,CDG,BCN,easyJet (U2),easyJet,533,01:33,,,,,319,,,"Direct",1382,1218,2297,
- -,CDG,BCN,Air Europa (UX),Air Europa,533,01:33,,,,,32S,,,"Codeshare",1382,1218,90,
- -,CDG,BCN,Formosa Airlines (VY),Formosa Airlines,533,01:33,,,,,320 319,,,"Direct",1382,1218,2439,
- -,CDG,BEG,Air France (AF),Air France,883,02:15,,,,,320,,,"Codeshare",1382,1739,137,
- -,CDG,BEG,Air Serbia (JU),Air Serbia,883,02:15,,,,,320,,,"Direct",1382,1739,19582,
- -,CDG,BES,Air France (AF),Air France,319,01:08,,,,,318 321,,,"Direct",1382,1403,137,
- -,CDG,BES,Alitalia (AZ),Alitalia,319,01:08,,,,,318 321,,,"Codeshare",1382,1403,596,
- -,CDG,BEY,Air France (AF),Air France,1979,04:27,,,,,772 343,,,"Direct",1382,2177,137,
- -,CDG,BEY,Middle East Airlines (ME),Middle East Airlines,1979,04:27,,,,,332,,,"Direct",1382,2177,3490,
- -,CDG,BFS,easyJet (U2),easyJet,539,01:34,,,,,319,,,"Direct",1382,465,2297,
- -,CDG,BGF,Air France (AF),Air France,3220,06:56,,,,,772,,,"Direct",1382,888,137,
- -,CDG,BHX,Air France (AF),Air France,302,01:06,,,,,319 320,,,"Direct",1382,469,137,
- -,CDG,BHX,Flybe (BE),Flybe,302,01:06,,,,,E95,,,"Direct",1382,469,2421,
- -,CDG,BIA,easyJet (U2),easyJet,556,01:36,,,,,319,,,"Direct",1382,1321,2297,
- -,CDG,BIO,Air France (AF),Air France,472,01:26,,,,,E90 E70,,,"Direct",1382,1216,137,
- -,CDG,BIO,Alitalia (AZ),Alitalia,472,01:26,,,,,E90 E70,,,"Codeshare",1382,1216,596,
- -,CDG,BIO,Air Europa (UX),Air Europa,472,01:26,,,,,E90,,,"Codeshare",1382,1216,90,
- -,CDG,BIQ,easyJet (U2),easyJet,429,01:21,,,,,319,,,"Direct",1382,1280,2297,
- -,CDG,BKK,Air France (AF),Air France,5867,12:14,,,,,77W,,,"Direct",1382,3885,137,
- -,CDG,BKK,Alitalia (AZ),Alitalia,5867,12:14,,,,,77W,,,"Codeshare",1382,3885,596,
- -,CDG,BKK,Thai Airways International (TG),Thai Airways International,5867,12:14,,,,,380,,,"Direct",1382,3885,4940,
- -,CDG,BKO,Air France (AF),Air France,2589,05:40,,,,,343,,,"Direct",1382,1044,137,
- -,CDG,BLL,Air France (AF),Air France,540,01:34,,,,,E90,,,"Direct",1382,608,137,
- -,CDG,BLL,Alitalia (AZ),Alitalia,540,01:34,,,,,E90,,,"Codeshare",1382,608,596,
- -,CDG,BLQ,Air France (AF),Air France,515,01:31,,,,,E70 E90,,,"Direct",1382,1538,137,
- -,CDG,BLQ,Alitalia (AZ),Alitalia,515,01:31,,,,,E70 E90,,,"Codeshare",1382,1538,596,
- -,CDG,BLQ,easyJet (U2),easyJet,515,01:31,,,,,319,,,"Direct",1382,1538,2297,
- -,CDG,BLR,Air France (AF),Air France,4859,10:13,,,,,332,,,"Direct",1382,3131,137,
- -,CDG,BOD,Air France (AF),Air France,327,01:09,,,,,321 320 32A 318,,,"Direct",1382,1264,137,
- -,CDG,BOD,Alitalia (AZ),Alitalia,327,01:09,,,,,321 320 32A 318,,,"Codeshare",1382,1264,596,
- -,CDG,BOG,Air France (AF),Air France,5368,11:14,,,,,343,,,"Direct",1382,2709,137,
- -,CDG,BOM,Air France (AF),Air France,4343,09:11,,,,,332,,,"Direct",1382,2997,137,
- -,CDG,BOS,Air France (AF),Air France,3436,07:22,,,,,744,,,"Direct",1382,3448,137,
- -,CDG,BOS,Alitalia (AZ),Alitalia,3436,07:22,,,,,744,,,"Codeshare",1382,3448,596,
- -,CDG,BOS,Delta Air Lines (DL),Delta Air Lines,3436,07:22,,,,,752,,,"Direct",1382,3448,2009,
- -,CDG,BRE,Air France (AF),Air France,388,01:16,,,,,E70,,,"Direct",1382,353,137,
- -,CDG,BRE,Alitalia (AZ),Alitalia,388,01:16,,,,,E70,,,"Codeshare",1382,353,596,
- -,CDG,BRI,easyJet (U2),easyJet,878,02:15,,,,,319,,,"Direct",1382,1501,2297,
- -,CDG,BRS,easyJet (U2),easyJet,284,01:04,,,,,319 320,,,"Direct",1382,490,2297,
- -,CDG,BRU,Ethiopian Airlines (ET),Ethiopian Airlines,156,00:48,,,,,763,,,"Direct",1382,302,2220,
- -,CDG,BRU,Brussels Airlines (SN),Brussels Airlines,156,00:48,,,,,320 319,,,"Direct",1382,302,1531,
- -,CDG,BSB,Air France (AF),Air France,5437,11:22,,,,,772,,,"Direct",1382,2531,137,
- -,CDG,BSL,Air France (AF),Air France,248,00:59,,,,,AT7,,,"Direct",1382,1423,137,
- -,CDG,BSL,KLM Royal Dutch Airlines (KL),KLM Royal Dutch Airlines,248,00:59,,,,,ATR,,,"Codeshare",1382,1423,3090,
- -,CDG,BSL,Air Mauritius (MK),Air Mauritius,248,00:59,,,,,AT7,,,"Codeshare",1382,1423,1057,
- -,CDG,BUD,Air France (AF),Air France,774,02:02,,,,,318 321 320 319,,,"Direct",1382,1489,137,
- -,CDG,BUD,easyJet (U2),easyJet,774,02:02,,,,,319,,,"Direct",1382,1489,2297,
- -,CDG,BVC,XL Airways France (SE),XL Airways France,2682,05:51,,,,,738,,,"Direct",1382,1103,5479,
- -,CDG,BZV,Air France (AF),Air France,3756,08:00,,,,,343,,,"Direct",1382,883,137,
- -,CDG,BZV,Varig Log (LC),Varig Log,3756,08:00,,,,,757,,,"Direct",1382,883,5354,
- -,CDG,CAI,Air France (AF),Air France,1993,04:29,,,,,343 332,,,"Direct",1382,1128,137,
- -,CDG,CAI,Yemenia (IY),Yemenia,1993,04:29,,,,,330,,,"Direct",1382,1128,5496,
- -,CDG,CAI,Egyptair (MS),Egyptair,1993,04:29,,,,,333 320,,,"Direct",1382,1128,2143,
- -,CDG,CAN,Air France (AF),Air France,5872,12:14,,,,,772,,,"Direct",1382,3370,137,
- -,CDG,CAN,China Southern Airlines (CZ),China Southern Airlines,5872,12:14,,,,,332,,,"Direct",1382,3370,1767,
- -,CDG,CCS,Air France (AF),Air France,4739,09:58,,,,,332,,,"Direct",1382,2851,137,
- -,CDG,CFE,Air France (AF),Air France,224,00:56,,,,,E90 E70,,,"Direct",1382,1330,137,
- -,CDG,CFE,Alitalia (AZ),Alitalia,224,00:56,,,,,E70 E90,,,"Codeshare",1382,1330,596,
- -,CDG,CKY,Air France (AF),Air France,2878,06:15,,,,,332,,,"Direct",1382,4162,137,
- -,CDG,CLT,American Airlines (AA),American Airlines,4161,08:49,,,,,333,,,"Direct",1382,3876,24,
- -,CDG,CLT,US Airways (US),US Airways,4161,08:49,,,,,333,,,"Direct",1382,3876,5265,
- -,CDG,CLY,Air France (AF),Air France,539,01:34,,,,,320,,,"Direct",1382,1322,137,
- -,CDG,CMB,SriLankan Airlines (UL),SriLankan Airlines,5268,11:02,,,,,332,,,"Direct",1382,3024,4349,
- -,CDG,CMN,Air France (AF),Air France,1199,02:53,,,,,320 319 321,,,"Direct",1382,1074,137,
- -,CDG,CMN,Delta Air Lines (DL),Delta Air Lines,1199,02:53,,,,,320 319 321,,,"Codeshare",1382,1074,2009,
- -,CDG,CMN,KLM Royal Dutch Airlines (KL),KLM Royal Dutch Airlines,1199,02:53,,,,,320 319,,,"Codeshare",1382,1074,3090,
- -,CDG,CMN,Mauritania Airlines International (L6),Mauritania Airlines International,1199,02:53,,,,,73G,,,"Direct",1382,1074,16942,
- -,CDG,CMN,Aeroflot Russian Airlines (SU),Aeroflot Russian Airlines,1199,02:53,,,,,320 319,,,"Codeshare",1382,1074,130,
- -,CDG,CMN,easyJet (U2),easyJet,1199,02:53,,,,,319,,,"Direct",1382,1074,2297,
- -,CDG,COO,Air France (AF),Air France,2945,06:23,,,,,343,,,"Direct",1382,245,137,
- -,CDG,CPH,Air France (AF),Air France,623,01:44,,,,,318 319 320,,,"Direct",1382,609,137,
- -,CDG,CPH,Alitalia (AZ),Alitalia,623,01:44,,,,,319 318 320,,,"Codeshare",1382,609,596,
- -,CDG,CPH,Scandinavian Airlines System (SK),Scandinavian Airlines System,623,01:44,,,,,320 321 319,,,"Direct",1382,609,4319,
- -,CDG,CPH,easyJet (U2),easyJet,623,01:44,,,,,319 320,,,"Direct",1382,609,2297,
- -,CDG,CTA,Air One (AP),Air One,1013,02:31,,,,,320,,,"Direct",1382,1509,240,
- -,CDG,CTA,Alitalia (AZ),Alitalia,1013,02:31,,,,,320,,,"Codeshare",1382,1509,596,
- -,CDG,CTA,easyJet (U2),easyJet,1013,02:31,,,,,319,,,"Direct",1382,1509,2297,
- -,CDG,CUN,XL Airways France (SE),XL Airways France,5104,10:42,,,,,332,,,"Direct",1382,1852,5479,
- -,CDG,CVG,Air France (AF),Air France,4142,08:47,,,,,76W,,,"Codeshare",1382,3488,137,
- -,CDG,CVG,Delta Air Lines (DL),Delta Air Lines,4142,08:47,,,,,76W,,,"Direct",1382,3488,2009,
- -,CDG,CZL,Air Algerie (AH),Air Algerie,903,02:18,,,,,738,,,"Direct",1382,221,794,
- -,CDG,DBV,Croatia Airlines (OU),Croatia Airlines,875,02:15,,,,,319,,,"Direct",1382,1200,1925,
- -,CDG,DEL,Air France (AF),Air France,4077,08:39,,,,,332,,,"Direct",1382,3093,137,
- -,CDG,DEL,Air India Limited (AI),Air India Limited,4077,08:39,,,,,788,,,"Direct",1382,3093,218,
- -,CDG,DFW,American Airlines (AA),American Airlines,4933,10:21,,,,,763 777,,,"Direct",1382,3670,24,
- -,CDG,DFW,Finnair (AY),Finnair,4933,10:21,,,,,763 777,,,"Codeshare",1382,3670,2350,
- -,CDG,DFW,British Airways (BA),British Airways,4933,10:21,,,,,763 777,,,"Codeshare",1382,3670,1355,
- -,CDG,DFW,Iberia Airlines (IB),Iberia Airlines,4933,10:21,,,,,763 777,,,"Codeshare",1382,3670,2822,
- -,CDG,DFW,Malaysia Airlines (MH),Malaysia Airlines,4933,10:21,,,,,763 777,,,"Direct",1382,3670,3378,
- -,CDG,DFW,US Airways (US),US Airways,4933,10:21,,,,,763 777,,,"Direct",1382,3670,5265,
- -,CDG,DJE,Nouvel Air Tunisie (BJ),Nouvel Air Tunisie,1127,02:45,,,,,321 320,,,"Direct",1382,293,3740,
- -,CDG,DJE,Servicios de Transportes A (FS),Servicios de Transportes A,1127,02:45,,,,,319,,,"Direct",1382,293,4513,
- -,CDG,DKR,Air France (AF),Air France,2624,05:44,,,,,77W,,,"Direct",1382,1084,137,
- -,CDG,DKR,Alitalia (AZ),Alitalia,2624,05:44,,,,,77W,,,"Codeshare",1382,1084,596,
- -,CDG,DLA,Air France (AF),Air France,3136,06:46,,,,,772,,,"Direct",1382,897,137,
- -,CDG,DLA,KLM Royal Dutch Airlines (KL),KLM Royal Dutch Airlines,3136,06:46,,,,,777,,,"Codeshare",1382,897,3090,
- -,CDG,DOH,Qatar Airways (QR),Qatar Airways,3085,06:40,,,,,346 77W,,,"Direct",1382,11051,4091,
- -,CDG,DTW,Air France (AF),Air France,3949,08:23,,,,,343,,,"Direct",1382,3645,137,
- -,CDG,DTW,Alitalia (AZ),Alitalia,3949,08:23,,,,,343,,,"Codeshare",1382,3645,596,
- -,CDG,DTW,Delta Air Lines (DL),Delta Air Lines,3949,08:23,,,,,333 76W 764,,,"Direct",1382,3645,2009,
- -,CDG,DUB,Air France (AF),Air France,487,01:28,,,,,AR8,,,"Direct",1382,599,137,
- -,CDG,DUB,Alitalia (AZ),Alitalia,487,01:28,,,,,AR8,,,"Codeshare",1382,599,596,
- -,CDG,DUB,Aer Lingus (EI),Aer Lingus,487,01:28,,,,,320 319,,,"Direct",1382,599,837,
- -,CDG,DUS,Air France (AF),Air France,243,00:59,,,,,318 320,,,"Direct",1382,345,137,
- -,CDG,DUS,Alitalia (AZ),Alitalia,243,00:59,,,,,318 320,,,"Codeshare",1382,345,596,
- -,CDG,DUS,Lufthansa (LH),Lufthansa,243,00:59,,,,,CR9 319 320,,,"Direct",1382,345,3320,
- -,CDG,DXB,Air France (AF),Air France,3253,07:00,,,,,77W,,,"Direct",1382,2188,137,
- -,CDG,DXB,Alitalia (AZ),Alitalia,3253,07:00,,,,,77W,,,"Codeshare",1382,2188,596,
- -,CDG,DXB,Emirates (EK),Emirates,3253,07:00,,,,,77W 388,,,"Direct",1382,2188,2183,
- -,CDG,EDI,Air France (AF),Air France,539,01:34,,,,,AR8,,,"Direct",1382,535,137,
- -,CDG,EDI,Alitalia (AZ),Alitalia,539,01:34,,,,,AR8,,,"Codeshare",1382,535,596,
- -,CDG,EDI,Flybe (BE),Flybe,539,01:34,,,,,ARJ,,,"Codeshare",1382,535,2421,
- -,CDG,EDI,easyJet (U2),easyJet,539,01:34,,,,,319,,,"Direct",1382,535,2297,
- -,CDG,EMA,Jet2.com (LS),Jet2.com,312,01:07,,,,,733,,,"Direct",1382,523,3026,
- -,CDG,EVN,Air France (AF),Air France,2117,04:44,,,,,320,,,"Direct",1382,3964,137,
- -,CDG,EVN,Alitalia (AZ),Alitalia,2117,04:44,,,,,320,,,"Direct",1382,3964,596,
- -,CDG,EVN,Air Armenia (QN),Air Armenia,2117,04:44,,,,,320,,,"Direct",1382,3964,426,
- -,CDG,EWR,Air France (AF),Air France,3637,07:46,,,,,76W,,,"Codeshare",1382,3494,137,
- -,CDG,EWR,Delta Air Lines (DL),Delta Air Lines,3637,07:46,,,,,76W,,,"Direct",1382,3494,2009,
- -,CDG,EWR,Lufthansa (LH),Lufthansa,3637,07:46,,,,,764 752 763,,,"Codeshare",1382,3494,3320,
- -,CDG,EWR,United Airlines (UA),United Airlines,3637,07:46,,,,,764 752 763,,,"Direct",1382,3494,5209,
- -,CDG,EXT,Air France (AF),Air France,290,01:04,,,,,DH4,,,"Codeshare",1382,552,137,
- -,CDG,EXT,Flybe (BE),Flybe,290,01:04,,,,,DH4,,,"Direct",1382,552,2421,
- -,CDG,EZE,Air France (AF),Air France,6893,14:17,,,,,772,,,"Direct",1382,3988,137,
- -,CDG,EZE,KLM Royal Dutch Airlines (KL),KLM Royal Dutch Airlines,6893,14:17,,,,,777,,,"Codeshare",1382,3988,3090,
- -,CDG,FAO,Aigle Azur (ZI),Aigle Azur,981,02:27,,,,,319,,,"Direct",1382,1626,21,
- -,CDG,FCO,Air France (AF),Air France,683,01:51,,,,,320 321 319 32A,,,"Direct",1382,1555,137,
- -,CDG,FCO,Alitalia (AZ),Alitalia,683,01:51,,,,,32S 321 319,,,"Direct",1382,1555,596,
- -,CDG,FCO,Kuwait Airways (KU),Kuwait Airways,683,01:51,,,,,340,,,"Direct",1382,1555,3179,
- -,CDG,FDF,XL Airways France (SE),XL Airways France,4266,09:01,,,,,333,,,"Direct",1382,2878,5479,
- -,CDG,FIH,Air France (AF),Air France,3768,08:02,,,,,343,,,"Direct",1382,1020,137,
- -,CDG,FLR,Air France (AF),Air France,546,01:35,,,,,318,,,"Direct",1382,1563,137,
- -,CDG,FLR,Alitalia (AZ),Alitalia,546,01:35,,,,,318,,,"Codeshare",1382,1563,596,
- -,CDG,FRA,Air France (AF),Air France,278,01:03,,,,,318,,,"Direct",1382,340,137,
- -,CDG,FRA,Lufthansa (LH),Lufthansa,278,01:03,,,,,319 321 32A 735 320 733,,,"Direct",1382,340,3320,
- -,CDG,GIG,Air France (AF),Air France,5703,11:54,,,,,77W 332,,,"Direct",1382,2560,137,
- -,CDG,GLA,easyJet (U2),easyJet,556,01:36,,,,,319,,,"Direct",1382,534,2297,
- -,CDG,GOA,Air France (AF),Air France,435,01:22,,,,,E70 E90,,,"Direct",1382,1528,137,
- -,CDG,GOA,Alitalia (AZ),Alitalia,435,01:22,,,,,E70 E90,,,"Codeshare",1382,1528,596,
- -,CDG,GOT,Air France (AF),Air France,717,01:56,,,,,E70 E90,,,"Direct",1382,687,137,
- -,CDG,GOT,Alitalia (AZ),Alitalia,717,01:56,,,,,E70 E90,,,"Codeshare",1382,687,596,
- -,CDG,GOT,Air Europa (UX),Air Europa,717,01:56,,,,,E90,,,"Codeshare",1382,687,90,
- -,CDG,GRU,Air France (AF),Air France,5840,12:10,,,,,772 77W,,,"Direct",1382,2564,137,
- -,CDG,GRU,TAM Brazilian Airlines (JJ),TAM Brazilian Airlines,5840,12:10,,,,,773,,,"Direct",1382,2564,4867,
- -,CDG,GVA,Air France (AF),Air France,253,01:00,,,,,319 321 320 318,,,"Direct",1382,1665,137,
- -,CDG,GVA,Swiss International Air Lines (LX),Swiss International Air Lines,253,01:00,,,,,319 321 320 318,,,"Codeshare",1382,1665,4559,
- -,CDG,GYD,Air France (AF),Air France,2361,05:13,,,,,320,,,"Codeshare",1382,2922,137,
- -,CDG,GYD,Azerbaijan Airlines (J2),Azerbaijan Airlines,2361,05:13,,,,,320,,,"Direct",1382,2922,197,
- -,CDG,HAJ,Air France (AF),Air France,392,01:17,,,,,E70 AR8,,,"Direct",1382,352,137,
- -,CDG,HAJ,Alitalia (AZ),Alitalia,392,01:17,,,,,E70 AR8,,,"Codeshare",1382,352,596,
- -,CDG,HAM,Germanwings (4U),Germanwings,452,01:24,,,,,319 CRJ,,,"Direct",1382,342,2548,
- -,CDG,HAM,Air France (AF),Air France,452,01:24,,,,,318 321 320 32A,,,"Direct",1382,342,137,
- -,CDG,HAM,Alitalia (AZ),Alitalia,452,01:24,,,,,318 321 320 32A,,,"Codeshare",1382,342,596,
- -,CDG,HAN,Air France (AF),Air France,5686,11:52,,,,,777,,,"Codeshare",1382,3199,137,
- -,CDG,HAN,Alitalia (AZ),Alitalia,5686,11:52,,,,,777,,,"Codeshare",1382,3199,596,
- -,CDG,HAN,Vietnam Airlines (VN),Vietnam Airlines,5686,11:52,,,,,777,,,"Direct",1382,3199,5309,
- -,CDG,HAV,Air France (AF),Air France,4809,10:07,,,,,77W,,,"Direct",1382,1909,137,
- -,CDG,HEL,Air France (AF),Air France,1177,02:51,,,,,E90 321 320 32B 319,,,"Codeshare",1382,421,137,
- -,CDG,HEL,Finnair (AY),Finnair,1177,02:51,,,,,321 320 32B 319,,,"Direct",1382,421,2350,
- -,CDG,HEL,Malaysia Airlines (MH),Malaysia Airlines,1177,02:51,,,,,321,,,"Codeshare",1382,421,3378,
- -,CDG,HER,Aegean Airlines (A3),Aegean Airlines,1484,03:28,,,,,320,,,"Direct",1382,1452,96,
- -,CDG,HKG,Air France (AF),Air France,5955,12:24,,,,,77W,,,"Direct",1382,3077,137,
- -,CDG,HKG,Alitalia (AZ),Alitalia,5955,12:24,,,,,77W,,,"Codeshare",1382,3077,596,
- -,CDG,HKG,Cathay Pacific (CX),Cathay Pacific,5955,12:24,,,,,77W 343,,,"Direct",1382,3077,1680,
- -,CDG,HND,Air France (AF),Air France,6028,12:33,,,,,77W 772,,,"Direct",1382,2359,137,
- -,CDG,HND,Japan Airlines (JL),Japan Airlines,6028,12:33,,,,,773,,,"Direct",1382,2359,2987,
- -,CDG,HND,All Nippon Airways (NH),All Nippon Airways,6028,12:33,,,,,777,,,"Direct",1382,2359,324,
- -,CDG,IAD,Air France (AF),Air France,3848,08:11,,,,,388 77W,,,"Direct",1382,3714,137,
- -,CDG,IAD,Alitalia (AZ),Alitalia,3848,08:11,,,,,388 77W,,,"Codeshare",1382,3714,596,
- -,CDG,IAD,Delta Air Lines (DL),Delta Air Lines,3848,08:11,,,,,388 77W,,,"Codeshare",1382,3714,2009,
- -,CDG,IAD,Lufthansa (LH),Lufthansa,3848,08:11,,,,,763,,,"Codeshare",1382,3714,3320,
- -,CDG,IAD,United Airlines (UA),United Airlines,3848,08:11,,,,,763,,,"Direct",1382,3714,5209,
- -,CDG,IAH,Air France (AF),Air France,5012,10:31,,,,,77W,,,"Direct",1382,3550,137,
- -,CDG,IAH,Alitalia (AZ),Alitalia,5012,10:31,,,,,77W,,,"Codeshare",1382,3550,596,
- -,CDG,IAH,Delta Air Lines (DL),Delta Air Lines,5012,10:31,,,,,77W,,,"Codeshare",1382,3550,2009,
- -,CDG,ICN,Air France (AF),Air France,5543,11:35,,,,,77W 772,,,"Direct",1382,3930,137,
- -,CDG,ICN,Korean Air (KE),Korean Air,5543,11:35,,,,,388,,,"Direct",1382,3930,3163,
- -,CDG,ICN,Asiana Airlines (OZ),Asiana Airlines,5543,11:35,,,,,772,,,"Direct",1382,3930,28,
- -,CDG,ISL,Onur Air (8Q),Onur Air,1388,03:16,,,,,320,,,"Direct",1382,1701,3788,
- -,CDG,ISL,Air France (AF),Air France,1388,03:16,,,,,319 320 321,,,"Direct",1382,1701,137,
- -,CDG,ISL,Turkish Airlines (TK),Turkish Airlines,1388,03:16,,,,,320 330 321 332 77W 738,,,"Direct",1382,1701,4951,
- -,CDG,JED,Air France (AF),Air France,2749,05:59,,,,,333,,,"Codeshare",1382,2072,137,
- -,CDG,JED,Saudi Arabian Airlines (SV),Saudi Arabian Airlines,2749,05:59,,,,,333,,,"Direct",1382,2072,4533,
- -,CDG,JER,Skynet Airlines (SI),Skynet Airlines,214,00:55,,,,,AT4,,,"Direct",1382,499,4438,
- -,CDG,JFK,American Airlines (AA),American Airlines,3622,07:44,,,,,763 757,,,"Direct",1382,3797,24,
- -,CDG,JFK,Air France (AF),Air France,3622,07:44,,,,,332 772 388 343,,,"Direct",1382,3797,137,
- -,CDG,JFK,Finnair (AY),Finnair,3622,07:44,,,,,763 757,,,"Direct",1382,3797,2350,
- -,CDG,JFK,Alitalia (AZ),Alitalia,3622,07:44,,,,,332 388 772 343,,,"Codeshare",1382,3797,596,
- -,CDG,JFK,British Airways (BA),British Airways,3622,07:44,,,,,763 757,,,"Codeshare",1382,3797,1355,
- -,CDG,JFK,Delta Air Lines (DL),Delta Air Lines,3622,07:44,,,,,332 772 388 343,,,"Direct",1382,3797,2009,
- -,CDG,JFK,Etihad Airways (EY),Etihad Airways,3622,07:44,,,,,767,,,"Codeshare",1382,3797,2222,
- -,CDG,JFK,Iberia Airlines (IB),Iberia Airlines,3622,07:44,,,,,763 757,,,"Codeshare",1382,3797,2822,
- -,CDG,JFK,Qatar Airways (QR),Qatar Airways,3622,07:44,,,,,763,,,"Codeshare",1382,3797,4091,
- -,CDG,JFK,XL Airways France (SE),XL Airways France,3622,07:44,,,,,763 332,,,"Direct",1382,3797,5479,
- -,CDG,JFK,US Airways (US),US Airways,3622,07:44,,,,,763 757,,,"Direct",1382,3797,5265,
- -,CDG,JIB,Air France (AF),Air France,3472,07:26,,,,,343,,,"Direct",1382,4119,137,
- -,CDG,JNB,Air France (AF),Air France,5426,11:21,,,,,388,,,"Direct",1382,813,137,
- -,CDG,JNB,Alitalia (AZ),Alitalia,5426,11:21,,,,,388,,,"Codeshare",1382,813,596,
- -,CDG,KBP,Air France (AF),Air France,1262,03:01,,,,,319,,,"Direct",1382,2939,137,
- -,CDG,KBP,Ukraine International Airlines (PS),Ukraine International Airlines,1262,03:01,,,,,73H,,,"Direct",1382,2939,5282,
- -,CDG,KEF,Icelandair (FI),Icelandair,1391,03:16,,,,,75W,,,"Direct",1382,16,2835,
- -,CDG,KEF,Maastricht Airlines (W2),Maastricht Airlines,1391,03:16,,,,,320,,,"Codeshare",1382,16,18553,
- -,CDG,KEF,bmibaby (WW),bmibaby,1391,03:16,,,,,320,,,"Direct",1382,16,1441,
- -,CDG,KIX,Air France (AF),Air France,5977,12:27,,,,,77W 772,,,"Direct",1382,3992,137,
- -,CDG,KRK,easyJet (U2),easyJet,773,02:02,,,,,319,,,"Direct",1382,669,2297,
- -,CDG,KUL,American Airlines (AA),American Airlines,6484,13:28,,,,,380,,,"Direct",1382,3304,24,
- -,CDG,KUL,Air France (AF),Air France,6484,13:28,,,,,772,,,"Direct",1382,3304,137,
- -,CDG,KUL,Malaysia Airlines (MH),Malaysia Airlines,6484,13:28,,,,,380,,,"Direct",1382,3304,3378,
- -,CDG,LAD,Air France (AF),Air France,4048,08:35,,,,,77W,,,"Direct",1382,951,137,
- -,CDG,LAX,Air France (AF),Air France,5652,11:48,,,,,388 772,,,"Direct",1382,3484,137,
- -,CDG,LAX,Alitalia (AZ),Alitalia,5652,11:48,,,,,388 772,,,"Codeshare",1382,3484,596,
- -,CDG,LAX,Delta Air Lines (DL),Delta Air Lines,5652,11:48,,,,,772,,,"Direct",1382,3484,2009,
- -,CDG,LAX,Air Tahiti Nui (TN),Air Tahiti Nui,5652,11:48,,,,,343,,,"Direct",1382,3484,225,
- -,CDG,LBA,Jet2.com (LS),Jet2.com,380,01:15,,,,,733,,,"Direct",1382,517,3026,
- -,CDG,LBV,Air France (AF),Air France,3377,07:15,,,,,772 77W,,,"Direct",1382,970,137,
- -,CDG,LCA,Air France (AF),Air France,1851,04:12,,,,,320,,,"Direct",1382,1197,137,
- -,CDG,LCA,Cyprus Airways (CY),Cyprus Airways,1851,04:12,,,,,320,,,"Direct",1382,1197,1942,
- -,CDG,LED,Air France (AF),Air France,1324,03:08,,,,,320 319 321,,,"Direct",1382,2948,137,
- -,CDG,LED,Aeroflot Russian Airlines (SU),Aeroflot Russian Airlines,1324,03:08,,,,,320,,,"Direct",1382,2948,130,
- -,CDG,LEJ,Flybaboo (F7),Flybaboo,458,01:24,,,,,S20,,,"Direct",1382,348,2420,
- -,CDG,LFW,Air France (AF),Air France,2959,06:25,,,,,343,,,"Direct",1382,298,137,
- -,CDG,LGW,easyJet (U2),easyJet,190,00:52,,,,,319,,,"Direct",1382,502,2297,
- -,CDG,LHE,Pakistan International Airlines (PK),Pakistan International Airlines,3821,08:08,,,,,777,,,"Direct",1382,2207,3871,
- -,CDG,LHR,American Airlines (AA),American Airlines,215,00:55,,,,,319 320 321,,,"Codeshare",1382,507,24,
- -,CDG,LHR,Air France (AF),Air France,215,00:55,,,,,321 319 320,,,"Direct",1382,507,137,
- -,CDG,LHR,British Airways (BA),British Airways,215,00:55,,,,,319 320 321,,,"Direct",1382,507,1355,
- -,CDG,LIM,Air France (AF),Air France,6381,13:15,,,,,77W,,,"Direct",1382,2789,137,
- -,CDG,LIM,Alitalia (AZ),Alitalia,6381,13:15,,,,,77W,,,"Codeshare",1382,2789,596,
- -,CDG,LIN,Air France (AF),Air France,399,01:17,,,,,318 320 319 32A 321,,,"Direct",1382,1529,137,
- -,CDG,LIN,Air One (AP),Air One,399,01:17,,,,,32S 320 319,,,"Codeshare",1382,1529,240,
- -,CDG,LIN,Alitalia (AZ),Alitalia,399,01:17,,,,,32S 320 319,,,"Direct",1382,1529,596,
- -,CDG,LIS,Air France (AF),Air France,912,02:19,,,,,318 320 319 321,,,"Direct",1382,1638,137,
- -,CDG,LIS,Alitalia (AZ),Alitalia,912,02:19,,,,,320 318 319 321,,,"Codeshare",1382,1638,596,
- -,CDG,LIS,easyJet (U2),easyJet,912,02:19,,,,,319,,,"Direct",1382,1638,2297,
- -,CDG,LJU,Air France (AF),Air France,586,01:40,,,,,E70,,,"Direct",1382,1569,137,
- -,CDG,LJU,Adria Airways (JP),Adria Airways,586,01:40,,,,,CR9 319 CR2,,,"Direct",1382,1569,83,
- -,CDG,LOS,Air France (AF),Air France,2930,06:21,,,,,332,,,"Direct",1382,273,137,
- -,CDG,LPA,XL Airways France (SE),XL Airways France,1739,03:58,,,,,738,,,"Direct",1382,1054,5479,
- -,CDG,LPL,easyJet (U2),easyJet,378,01:15,,,,,319 320,,,"Direct",1382,491,2297,
- -,CDG,LTN,easyJet (U2),easyJet,235,00:58,,,,,319 320,,,"Direct",1382,492,2297,
- -,CDG,LUX,Air France (AF),Air France,169,00:50,,,,,ER4 DH4,,,"Codeshare",1382,629,137,
- -,CDG,LUX,Luxair (LG),Luxair,169,00:50,,,,,ER4 DH4,,,"Direct",1382,629,3329,
- -,CDG,LXR,Egyptair (MS),Egyptair,2282,05:03,,,,,320,,,"Direct",1382,1132,2143,
- -,CDG,LYS,Air France (AF),Air France,255,01:00,,,,,320 319 318,,,"Direct",1382,1335,137,
- -,CDG,LYS,AeroMéxico (AM),AeroMéxico,255,01:00,,,,,319,,,"Codeshare",1382,1335,321,
- -,CDG,LYS,Delta Air Lines (DL),Delta Air Lines,255,01:00,,,,,320 319,,,"Codeshare",1382,1335,2009,
- -,CDG,LYS,Japan Airlines (JL),Japan Airlines,255,01:00,,,,,320,,,"Codeshare",1382,1335,2987,
- -,CDG,LYS,Aeroflot Russian Airlines (SU),Aeroflot Russian Airlines,255,01:00,,,,,320 319,,,"Codeshare",1382,1335,130,
- -,CDG,MAD,Air France (AF),Air France,661,01:49,,,,,320 321 318 32A 319,,,"Direct",1382,1229,137,
- -,CDG,MAD,easyJet (U2),easyJet,661,01:49,,,,,319,,,"Direct",1382,1229,2297,
- -,CDG,MAD,Formosa Airlines (VY),Formosa Airlines,661,01:49,,,,,320,,,"Direct",1382,1229,2439,
- -,CDG,MAN,Air France (AF),Air France,365,01:13,,,,,321 320,,,"Direct",1382,478,137,
- -,CDG,MAN,Alitalia (AZ),Alitalia,365,01:13,,,,,320 321,,,"Codeshare",1382,478,596,
- -,CDG,MAN,Flybe (BE),Flybe,365,01:13,,,,,E75 DH4,,,"Direct",1382,478,2421,
- -,CDG,MAN,Jet2.com (LS),Jet2.com,365,01:13,,,,,733,,,"Direct",1382,478,3026,
- -,CDG,MCT,Oman Air (WY),Oman Air,3464,07:25,,,,,332,,,"Direct",1382,2194,3778,
- -,CDG,MEX,Air France (AF),Air France,5712,11:55,,,,,744,,,"Direct",1382,1824,137,
- -,CDG,MEX,AeroMéxico (AM),AeroMéxico,5712,11:55,,,,,787,,,"Direct",1382,1824,321,
- -,CDG,MEX,Alitalia (AZ),Alitalia,5712,11:55,,,,,744 787,,,"Codeshare",1382,1824,596,
- -,CDG,MIA,American Airlines (AA),American Airlines,4577,09:39,,,,,763,,,"Direct",1382,3576,24,
- -,CDG,MIA,Air France (AF),Air France,4577,09:39,,,,,77W,,,"Direct",1382,3576,137,
- -,CDG,MIA,Finnair (AY),Finnair,4577,09:39,,,,,763,,,"Codeshare",1382,3576,2350,
- -,CDG,MIA,Alitalia (AZ),Alitalia,4577,09:39,,,,,77W,,,"Codeshare",1382,3576,596,
- -,CDG,MIA,British Airways (BA),British Airways,4577,09:39,,,,,763,,,"Codeshare",1382,3576,1355,
- -,CDG,MIA,Delta Air Lines (DL),Delta Air Lines,4577,09:39,,,,,77W,,,"Codeshare",1382,3576,2009,
- -,CDG,MIA,Iberia Airlines (IB),Iberia Airlines,4577,09:39,,,,,763,,,"Codeshare",1382,3576,2822,
- -,CDG,MIA,Malaysia Airlines (MH),Malaysia Airlines,4577,09:39,,,,,763,,,"Direct",1382,3576,3378,
- -,CDG,MIA,US Airways (US),US Airways,4577,09:39,,,,,763,,,"Direct",1382,3576,5265,
- -,CDG,MIR,Nouvel Air Tunisie (BJ),Nouvel Air Tunisie,1004,02:30,,,,,320,,,"Direct",1382,286,3740,
- -,CDG,MIR,Servicios de Transportes A (FS),Servicios de Transportes A,1004,02:30,,,,,319,,,"Direct",1382,286,4513,
- -,CDG,MLA,Air France (AF),Air France,1090,02:40,,,,,319 320,,,"Direct",1382,1606,137,
- -,CDG,MLA,Air Malta (KM),Air Malta,1090,02:40,,,,,319 320,,,"Direct",1382,1606,242,
- -,CDG,MPL,Air France (AF),Air France,381,01:15,,,,,318 319 320 32A,,,"Direct",1382,1359,137,
- -,CDG,MPL,Alitalia (AZ),Alitalia,381,01:15,,,,,318 319 320 32A,,,"Codeshare",1382,1359,596,
- -,CDG,MRS,Air France (AF),Air France,405,01:18,,,,,32A 319 318 321 320,,,"Direct",1382,1353,137,
- -,CDG,MRS,Alitalia (AZ),Alitalia,405,01:18,,,,,319,,,"Codeshare",1382,1353,596,
- -,CDG,MRS,XL Airways France (SE),XL Airways France,405,01:18,,,,,332 333,,,"Direct",1382,1353,5479,
- -,CDG,MRU,Air France (AF),Air France,5866,12:13,,,,,77W,,,"Direct",1382,893,137,
- -,CDG,MRU,Air Mauritius (MK),Air Mauritius,5866,12:13,,,,,343,,,"Direct",1382,893,1057,
- -,CDG,MSP,Air France (AF),Air France,4207,08:54,,,,,332,,,"Codeshare",1382,3858,137,
- -,CDG,MSP,Delta Air Lines (DL),Delta Air Lines,4207,08:54,,,,,332,,,"Direct",1382,3858,2009,
- -,CDG,MSQ,Belavia Belarusian Airlines (B2),Belavia Belarusian Airlines,1139,02:46,,,,,733,,,"Direct",1382,2954,1478,
- -,CDG,MUC,Air France (AF),Air France,423,01:20,,,,,319 318 320 32A 321,,,"Direct",1382,346,137,
- -,CDG,MUC,Lufthansa (LH),Lufthansa,423,01:20,,,,,E95 320 321 319,,,"Direct",1382,346,3320,
- -,CDG,MXP,Pakistan International Airlines (PK),Pakistan International Airlines,371,01:14,,,,,777,,,"Direct",1382,1524,3871,
- -,CDG,MXP,easyJet (U2),easyJet,371,01:14,,,,,319 320,,,"Direct",1382,1524,2297,
- -,CDG,NAP,Air France (AF),Air France,800,02:06,,,,,321,,,"Direct",1382,1561,137,
- -,CDG,NAP,Alitalia (AZ),Alitalia,800,02:06,,,,,321,,,"Codeshare",1382,1561,596,
- -,CDG,NAP,easyJet (U2),easyJet,800,02:06,,,,,319 320,,,"Direct",1382,1561,2297,
- -,CDG,NBO,Air France (AF),Air France,4033,08:33,,,,,763,,,"Codeshare",1382,4059,137,
- -,CDG,NBO,Kenya Airways (KQ),Kenya Airways,4033,08:33,,,,,763,,,"Direct",1382,4059,3126,
- -,CDG,NCE,Air France (AF),Air France,431,01:21,,,,,318 320 321 319,,,"Direct",1382,1354,137,
- -,CDG,NCE,easyJet (U2),easyJet,431,01:21,,,,,320 319,,,"Direct",1382,1354,2297,
- -,CDG,NCL,Air France (AF),Air France,453,01:24,,,,,AR8,,,"Direct",1382,521,137,
- -,CDG,NCL,Alitalia (AZ),Alitalia,453,01:24,,,,,AR8,,,"Codeshare",1382,521,596,
- -,CDG,NCL,Flybe (BE),Flybe,453,01:24,,,,,ARJ,,,"Codeshare",1382,521,2421,
- -,CDG,NDJ,Air France (AF),Air France,2644,05:47,,,,,332,,,"Direct",1382,999,137,
- -,CDG,NIM,Air France (AF),Air France,2453,05:24,,,,,332 343,,,"Direct",1382,280,137,
- -,CDG,NIM,Delta Air Lines (DL),Delta Air Lines,2453,05:24,,,,,332,,,"Codeshare",1382,280,2009,
- -,CDG,NIM,KLM Royal Dutch Airlines (KL),KLM Royal Dutch Airlines,2453,05:24,,,,,330,,,"Codeshare",1382,280,3090,
- -,CDG,NKC,Air France (AF),Air France,2358,05:12,,,,,332,,,"Direct",1382,1094,137,
- -,CDG,NRT,Air France (AF),Air France,6030,12:33,,,,,388 788 77W,,,"Direct",1382,2279,137,
- -,CDG,NRT,Japan Airlines (JL),Japan Airlines,6030,12:33,,,,,788,,,"Direct",1382,2279,2987,
- -,CDG,NRT,All Nippon Airways (NH),All Nippon Airways,6030,12:33,,,,,777,,,"Direct",1382,2279,324,
- -,CDG,NSI,Air France (AF),Air France,3172,06:50,,,,,772,,,"Direct",1382,4161,137,
- -,CDG,NSI,Camair-co (QC),Camair-co,3172,06:50,,,,,767,,,"Direct",1382,4161,16415,
- -,CDG,NTE,Air France (AF),Air France,230,00:57,,,,,321 318 319 320,,,"Direct",1382,1418,137,
- -,CDG,NTE,Alitalia (AZ),Alitalia,230,00:57,,,,,321 318 319 320,,,"Codeshare",1382,1418,596,
- -,CDG,NUE,Air France (AF),Air France,385,01:16,,,,,E70,,,"Direct",1382,347,137,
- -,CDG,NUE,Alitalia (AZ),Alitalia,385,01:16,,,,,E70,,,"Codeshare",1382,347,596,
- -,CDG,OLB,Meridiana (IG),Meridiana,655,01:48,,,,,M80 320,,,"Direct",1382,1520,3463,
- -,CDG,OPO,easyJet (U2),easyJet,764,02:01,,,,,319,,,"Direct",1382,1636,2297,
- -,CDG,ORD,American Airlines (AA),American Airlines,4138,08:46,,,,,763,,,"Direct",1382,3830,24,
- -,CDG,ORD,Air France (AF),Air France,4138,08:46,,,,,332,,,"Direct",1382,3830,137,
- -,CDG,ORD,Finnair (AY),Finnair,4138,08:46,,,,,763,,,"Codeshare",1382,3830,2350,
- -,CDG,ORD,British Airways (BA),British Airways,4138,08:46,,,,,763,,,"Codeshare",1382,3830,1355,
- -,CDG,ORD,Delta Air Lines (DL),Delta Air Lines,4138,08:46,,,,,332,,,"Codeshare",1382,3830,2009,
- -,CDG,ORD,Iberia Airlines (IB),Iberia Airlines,4138,08:46,,,,,763,,,"Codeshare",1382,3830,2822,
- -,CDG,ORD,Lufthansa (LH),Lufthansa,4138,08:46,,,,,763,,,"Codeshare",1382,3830,3320,
- -,CDG,ORD,Malaysia Airlines (MH),Malaysia Airlines,4138,08:46,,,,,763,,,"Direct",1382,3830,3378,
- -,CDG,ORD,United Airlines (UA),United Airlines,4138,08:46,,,,,763,,,"Direct",1382,3830,5209,
- -,CDG,ORD,US Airways (US),US Airways,4138,08:46,,,,,763,,,"Direct",1382,3830,5265,
- -,CDG,ORK,Aer Lingus (EI),Aer Lingus,522,01:32,,,,,320,,,"Direct",1382,596,837,
- -,CDG,ORN,Air Algerie (AH),Air Algerie,938,02:22,,,,,330,,,"Direct",1382,231,794,
- -,CDG,ORN,Aigle Azur (ZI),Aigle Azur,938,02:22,,,,,319,,,"Direct",1382,231,21,
- -,CDG,OSL,Air France (AF),Air France,837,02:10,,,,,E90,,,"Direct",1382,644,137,
- -,CDG,OSL,Alitalia (AZ),Alitalia,837,02:10,,,,,E90,,,"Codeshare",1382,644,596,
- -,CDG,OSL,Scandinavian Airlines System (SK),Scandinavian Airlines System,837,02:10,,,,,738 73W 736 73H 73G,,,"Direct",1382,644,4319,
- -,CDG,OTP,Air France (AF),Air France,1148,02:47,,,,,321 320 319,,,"Direct",1382,1657,137,
- -,CDG,OTP,Tarom (RO),Tarom,1148,02:47,,,,,73W 318,,,"Direct",1382,1657,5179,
- -,CDG,OUA,Air France (AF),Air France,2542,05:35,,,,,343,,,"Direct",1382,246,137,
- -,CDG,OVD,Iberia Airlines (IB),Iberia Airlines,555,01:36,,,,,320,,,"Codeshare",1382,1214,2822,
- -,CDG,OVD,Formosa Airlines (VY),Formosa Airlines,555,01:36,,,,,320,,,"Direct",1382,1214,2439,
- -,CDG,PEK,Air France (AF),Air France,5085,10:40,,,,,772 77W,,,"Direct",1382,3364,137,
- -,CDG,PEK,Air China (CA),Air China,5085,10:40,,,,,773,,,"Direct",1382,3364,751,
- -,CDG,PEK,TAM Brazilian Airlines (JJ),TAM Brazilian Airlines,5085,10:40,,,,,773,,,"Direct",1382,3364,4867,
- -,CDG,PEK,China Eastern Airlines (MU),China Eastern Airlines,5085,10:40,,,,,772 77W,,,"Codeshare",1382,3364,1758,
- -,CDG,PHL,American Airlines (AA),American Airlines,3716,07:55,,,,,332,,,"Direct",1382,3752,24,
- -,CDG,PHL,Air France (AF),Air France,3716,07:55,,,,,752,,,"Codeshare",1382,3752,137,
- -,CDG,PHL,Delta Air Lines (DL),Delta Air Lines,3716,07:55,,,,,752,,,"Direct",1382,3752,2009,
- -,CDG,PHL,US Airways (US),US Airways,3716,07:55,,,,,332,,,"Direct",1382,3752,5265,
- -,CDG,PIT,Air France (AF),Air France,3897,08:17,,,,,752,,,"Codeshare",1382,3570,137,
- -,CDG,PIT,Delta Air Lines (DL),Delta Air Lines,3897,08:17,,,,,752,,,"Direct",1382,3570,2009,
- -,CDG,PMO,Air One (AP),Air One,913,02:19,,,,,320,,,"Direct",1382,1512,240,
- -,CDG,PMO,Alitalia (AZ),Alitalia,913,02:19,,,,,320,,,"Codeshare",1382,1512,596,
- -,CDG,PMO,Meridiana (IG),Meridiana,913,02:19,,,,,319,,,"Direct",1382,1512,3463,
- -,CDG,PMO,XL Airways France (SE),XL Airways France,913,02:19,,,,,733,,,"Direct",1382,1512,5479,
- -,CDG,PNR,Air France (AF),Air France,3759,08:01,,,,,332,,,"Direct",1382,886,137,
- -,CDG,PNR,Varig Log (LC),Varig Log,3759,08:01,,,,,757,,,"Direct",1382,886,5354,
- -,CDG,POP,XL Airways France (SE),XL Airways France,4436,09:22,,,,,332,,,"Direct",1382,1761,5479,
- -,CDG,PRG,Air France (AF),Air France,529,01:33,,,,,321 320 32A,,,"Direct",1382,1587,137,
- -,CDG,PRG,Alitalia (AZ),Alitalia,529,01:33,,,,,321 320 32A,,,"Codeshare",1382,1587,596,
- -,CDG,PRG,Czech Airlines (OK),Czech Airlines,529,01:33,,,,,320 319,,,"Direct",1382,1587,1946,
- -,CDG,PRG,easyJet (U2),easyJet,529,01:33,,,,,319,,,"Direct",1382,1587,2297,
- -,CDG,PTP,XL Airways France (SE),XL Airways France,4204,08:54,,,,,333,,,"Direct",1382,2881,5479,
- -,CDG,PTY,Air France (AF),Air France,5378,11:15,,,,,772,,,"Direct",1382,1871,137,
- -,CDG,PUF,Air France (AF),Air France,413,01:19,,,,,E90,,,"Direct",1382,1274,137,
- -,CDG,PUF,Alitalia (AZ),Alitalia,413,01:19,,,,,E90,,,"Codeshare",1382,1274,596,
- -,CDG,PUJ,Air France (AF),Air France,4396,09:17,,,,,744,,,"Direct",1382,1760,137,
- -,CDG,PUJ,Alitalia (AZ),Alitalia,4396,09:17,,,,,744,,,"Codeshare",1382,1760,596,
- -,CDG,PUJ,KLM Royal Dutch Airlines (KL),KLM Royal Dutch Airlines,4396,09:17,,,,,747,,,"Codeshare",1382,1760,3090,
- -,CDG,PUJ,XL Airways France (SE),XL Airways France,4396,09:17,,,,,332 333,,,"Direct",1382,1760,5479,
- -,CDG,PVG,Air France (AF),Air France,5754,12:00,,,,,77W 388 772,,,"Direct",1382,3406,137,
- -,CDG,PVG,Air China (CA),Air China,5754,12:00,,,,,330,,,"Direct",1382,3406,751,
- -,CDG,PVG,China Eastern Airlines (MU),China Eastern Airlines,5754,12:00,,,,,332,,,"Direct",1382,3406,1758,
- -,CDG,RAI,TACV (VR),TACV,2775,06:03,,,,,752,,,"Direct",1382,5674,5041,
- -,CDG,RAK,easyJet (U2),easyJet,1321,03:08,,,,,320 319,,,"Direct",1382,1075,2297,
- -,CDG,RBA,Air France (AF),Air France,1137,02:46,,,,,319 320,,,"Direct",1382,1072,137,
- -,CDG,RHO,Aegean Airlines (A3),Aegean Airlines,1549,03:35,,,,,320,,,"Direct",1382,1472,96,
- -,CDG,RIX,Air France (AF),Air France,1038,02:34,,,,,733 735 73C,,,"Codeshare",1382,3953,137,
- -,CDG,RIX,Air Baltic (BT),Air Baltic,1038,02:34,,,,,733 735 73C,,,"Direct",1382,3953,333,
- -,CDG,RNS,Air France (AF),Air France,206,00:54,,,,,AT7,,,"Direct",1382,1415,137,
- -,CDG,RNS,Alitalia (AZ),Alitalia,206,00:54,,,,,AT7,,,"Codeshare",1382,1415,596,
- -,CDG,ROB,Air France (AF),Air France,3048,06:35,,,,,332,,,"Direct",1382,1063,137,
- -,CDG,ROB,KLM Royal Dutch Airlines (KL),KLM Royal Dutch Airlines,3048,06:35,,,,,330,,,"Codeshare",1382,1063,3090,
- -,CDG,RUH,Air France (AF),Air France,2888,06:16,,,,,332,,,"Direct",1382,2082,137,
- -,CDG,RUH,Saudi Arabian Airlines (SV),Saudi Arabian Airlines,2888,06:16,,,,,777,,,"Direct",1382,2082,4533,
- -,CDG,RUN,Air Austral (UU),Air Austral,5818,12:08,,,,,77W 77L,,,"Direct",1382,916,1191,
- -,CDG,SAW,Turkish Airlines (TK),Turkish Airlines,1413,03:19,,,,,738,,,"Direct",1382,4317,4951,
- -,CDG,SCL,Air France (AF),Air France,7249,14:59,,,,,772 77W,,,"Direct",1382,2650,137,
- -,CDG,SCL,Alitalia (AZ),Alitalia,7249,14:59,,,,,772 77W,,,"Codeshare",1382,2650,596,
- -,CDG,SCQ,Iberia Airlines (IB),Iberia Airlines,673,01:50,,,,,320,,,"Codeshare",1382,1243,2822,
- -,CDG,SCQ,Formosa Airlines (VY),Formosa Airlines,673,01:50,,,,,320,,,"Direct",1382,1243,2439,
- -,CDG,SEA,Air France (AF),Air France,4998,10:29,,,,,332,,,"Codeshare",1382,3577,137,
- -,CDG,SEA,Alitalia (AZ),Alitalia,4998,10:29,,,,,332,,,"Codeshare",1382,3577,596,
- -,CDG,SEA,Delta Air Lines (DL),Delta Air Lines,4998,10:29,,,,,332,,,"Direct",1382,3577,2009,
- -,CDG,SFA,Servicios de Transportes A (FS),Servicios de Transportes A,1070,02:38,,,,,319,,,"Direct",1382,295,4513,
- -,CDG,SFO,Air France (AF),Air France,5565,11:37,,,,,388,,,"Direct",1382,3469,137,
- -,CDG,SFO,Alitalia (AZ),Alitalia,5565,11:37,,,,,388,,,"Codeshare",1382,3469,596,
- -,CDG,SFO,Delta Air Lines (DL),Delta Air Lines,5565,11:37,,,,,388,,,"Codeshare",1382,3469,2009,
- -,CDG,SFO,United Airlines (UA),United Airlines,5565,11:37,,,,,763,,,"Direct",1382,3469,5209,
- -,CDG,SGN,Air France (AF),Air France,6275,13:03,,,,,772,,,"Direct",1382,3205,137,
- -,CDG,SGN,Alitalia (AZ),Alitalia,6275,13:03,,,,,777,,,"Codeshare",1382,3205,596,
- -,CDG,SGN,Vietnam Airlines (VN),Vietnam Airlines,6275,13:03,,,,,777,,,"Direct",1382,3205,5309,
- -,CDG,SID,XL Airways France (SE),XL Airways France,2647,05:47,,,,,738,,,"Direct",1382,1102,5479,
- -,CDG,SIN,Air France (AF),Air France,6660,13:49,,,,,77W,,,"Direct",1382,3316,137,
- -,CDG,SIN,Singapore Airlines (SQ),Singapore Airlines,6660,13:49,,,,,388,,,"Direct",1382,3316,4435,
- -,CDG,SKG,Aegean Airlines (A3),Aegean Airlines,1154,02:48,,,,,320,,,"Direct",1382,1486,96,
- -,CDG,SLC,Air France (AF),Air France,5063,10:37,,,,,332,,,"Codeshare",1382,3536,137,
- -,CDG,SLC,Delta Air Lines (DL),Delta Air Lines,5063,10:37,,,,,332,,,"Direct",1382,3536,2009,
- -,CDG,SOF,Air France (AF),Air France,1089,02:40,,,,,321 320,,,"Direct",1382,1194,137,
- -,CDG,SOF,Bulgaria Air (FB),Bulgaria Air,1089,02:40,,,,,319 E90,,,"Direct",1382,1194,1548,
- -,CDG,SPU,Croatia Airlines (OU),Croatia Airlines,755,02:00,,,,,319 320,,,"Direct",1382,1206,1925,
- -,CDG,STR,Air France (AF),Air France,303,01:06,,,,,AR8,,,"Direct",1382,350,137,
- -,CDG,STR,Alitalia (AZ),Alitalia,303,01:06,,,,,AR8,,,"Codeshare",1382,350,596,
- -,CDG,SVG,Air France (AF),Air France,692,01:53,,,,,E70,,,"Direct",1382,666,137,
- -,CDG,SVG,Alitalia (AZ),Alitalia,692,01:53,,,,,E70,,,"Codeshare",1382,666,596,
- -,CDG,SVO,Air France (AF),Air France,1523,03:32,,,,,319 320 321,,,"Direct",1382,2985,137,
- -,CDG,SVO,Aeroflot Russian Airlines (SU),Aeroflot Russian Airlines,1523,03:32,,,,,320 321,,,"Direct",1382,2985,130,
- -,CDG,SVX,Ural Airlines (U6),Ural Airlines,2407,05:18,,,,,320,,,"Direct",1382,2975,5234,
- -,CDG,SXM,Air France (AF),Air France,4185,08:52,,,,,343,,,"Direct",1382,2899,137,
- -,CDG,SXM,Alitalia (AZ),Alitalia,4185,08:52,,,,,343,,,"Codeshare",1382,2899,596,
- -,CDG,TAS,Uzbekistan Airways (HY),Uzbekistan Airways,3187,06:52,,,,,767,,,"Direct",1382,2983,5281,
- -,CDG,TBS,Georgian Airways (A9),Georgian Airways,2090,04:40,,,,,735,,,"Direct",1382,3973,2538,
- -,CDG,TBS,Air France (AF),Air France,2090,04:40,,,,,735,,,"Codeshare",1382,3973,137,
- -,CDG,TFS,easyJet (U2),easyJet,1767,04:02,,,,,320,,,"Direct",1382,1056,2297,
- -,CDG,TGD,Montenegro Airlines (YM),Montenegro Airlines,924,02:20,,,,,100,,,"Direct",1382,1741,3539,
- -,CDG,TIV,Montenegro Airlines (YM),Montenegro Airlines,900,02:18,,,,,100,,,"Direct",1382,1743,3539,
- -,CDG,TLS,Air France (AF),Air France,376,01:15,,,,,319 320 321,,,"Direct",1382,1273,137,
- -,CDG,TLS,AeroMéxico (AM),AeroMéxico,376,01:15,,,,,320,,,"Codeshare",1382,1273,321,
- -,CDG,TLS,Alitalia (AZ),Alitalia,376,01:15,,,,,320 319,,,"Codeshare",1382,1273,596,
- -,CDG,TLS,Delta Air Lines (DL),Delta Air Lines,376,01:15,,,,,319 320,,,"Codeshare",1382,1273,2009,
- -,CDG,TLS,Etihad Airways (EY),Etihad Airways,376,01:15,,,,,320,,,"Codeshare",1382,1273,2222,
- -,CDG,TLS,Japan Airlines (JL),Japan Airlines,376,01:15,,,,,319,,,"Codeshare",1382,1273,2987,
- -,CDG,TLS,Aeroflot Russian Airlines (SU),Aeroflot Russian Airlines,376,01:15,,,,,319 320,,,"Codeshare",1382,1273,130,
- -,CDG,TLS,easyJet (U2),easyJet,376,01:15,,,,,319 320,,,"Direct",1382,1273,2297,
- -,CDG,TLV,Air France (AF),Air France,2039,04:34,,,,,320,,,"Direct",1382,1590,137,
- -,CDG,TLV,Arkia Israel Airlines (IZ),Arkia Israel Airlines,2039,04:34,,,,,753,,,"Direct",1382,1590,231,
- -,CDG,TLV,El Al Israel Airlines (LY),El Al Israel Airlines,2039,04:34,,,,,738 763 739 772 744,,,"Direct",1382,1590,2150,
- -,CDG,TNR,Air France (AF),Air France,5432,11:21,,,,,772,,,"Direct",1382,918,137,
- -,CDG,TNR,Air Madagascar (MD),Air Madagascar,5432,11:21,,,,,343,,,"Direct",1382,918,1066,
- -,CDG,TPE,EVA Air (BR),EVA Air,6077,12:39,,,,,77W,,,"Direct",1382,2276,2091,
- -,CDG,TRN,Air France (AF),Air France,355,01:12,,,,,E90 AR8 E70,,,"Direct",1382,1526,137,
- -,CDG,TRN,Alitalia (AZ),Alitalia,355,01:12,,,,,E90 AR8 E70,,,"Codeshare",1382,1526,596,
- -,CDG,TUN,Air France (AF),Air France,924,02:20,,,,,319 320 321,,,"Direct",1382,287,137,
- -,CDG,TUN,Nouvel Air Tunisie (BJ),Nouvel Air Tunisie,924,02:20,,,,,320,,,"Direct",1382,287,3740,
- -,CDG,TUN,Servicios de Transportes A (FS),Servicios de Transportes A,924,02:20,,,,,319,,,"Direct",1382,287,4513,
- -,CDG,TXL,Air France (AF),Air France,528,01:33,,,,,319 321 320 318,,,"Direct",1382,351,137,
- -,CDG,TXL,Alitalia (AZ),Alitalia,528,01:33,,,,,321 320,,,"Codeshare",1382,351,596,
- -,CDG,TXL,Lufthansa (LH),Lufthansa,528,01:33,,,,,320,,,"Direct",1382,351,3320,
- -,CDG,UGC,Uzbekistan Airways (HY),Uzbekistan Airways,2797,06:05,,,,,764,,,"Direct",1382,6152,5281,
- -,CDG,VCE,Air France (AF),Air France,518,01:32,,,,,318 320 319 32A,,,"Direct",1382,1551,137,
- -,CDG,VCE,Alitalia (AZ),Alitalia,518,01:32,,,,,318 320 319 32A,,,"Codeshare",1382,1551,596,
- -,CDG,VCE,easyJet (U2),easyJet,518,01:32,,,,,320 319,,,"Direct",1382,1551,2297,
- -,CDG,VGO,Air France (AF),Air France,713,01:55,,,,,E70,,,"Direct",1382,1250,137,
- -,CDG,VGO,Alitalia (AZ),Alitalia,713,01:55,,,,,E70,,,"Codeshare",1382,1250,596,
- -,CDG,VGO,Air Europa (UX),Air Europa,713,01:55,,,,,E90,,,"Codeshare",1382,1250,90,
- -,CDG,VIE,Air Berlin (AB),Air Berlin,642,01:47,,,,,320,,,"Codeshare",1382,1613,214,
- -,CDG,VIE,Air France (AF),Air France,642,01:47,,,,,320 318 319 32A 321,,,"Direct",1382,1613,137,
- -,CDG,VIE,Niki (HG),Niki,642,01:47,,,,,320,,,"Direct",1382,1613,3661,
- -,CDG,VIE,Austrian Airlines (OS),Austrian Airlines,642,01:47,,,,,320 321 318,,,"Codeshare",1382,1613,491,
- -,CDG,VLC,Air France (AF),Air France,674,01:50,,,,,738,,,"Codeshare",1382,1246,137,
- -,CDG,VLC,Air Europa (UX),Air Europa,674,01:50,,,,,738,,,"Direct",1382,1246,90,
- -,CDG,VNO,Air Lituanica (LT),Air Lituanica,1039,02:34,,,,,E75,,,"Direct",1382,3959,19610,
- -,CDG,VRN,Air France (AF),Air France,463,01:25,,,,,E70,,,"Direct",1382,1550,137,
- -,CDG,VRN,Alitalia (AZ),Alitalia,463,01:25,,,,,E70,,,"Codeshare",1382,1550,596,
- -,CDG,VXE,TACV (VR),TACV,2707,05:54,,,,,752,,,"Direct",1382,1106,5041,
- -,CDG,WAW,Air France (AF),Air France,833,02:09,,,,,318 319 320 321,,,"Direct",1382,679,137,
- -,CDG,WAW,LOT Polish Airlines (LO),LOT Polish Airlines,833,02:09,,,,,E75 E95,,,"Direct",1382,679,3210,
- -,CDG,WRO,Eurolot (K2),Eurolot,650,01:48,,,,,DH4,,,"Direct",1382,680,2245,
- -,CDG,WUH,Air France (AF),Air France,5505,11:30,,,,,332,,,"Direct",1382,3376,137,
- -,CDG,YQB,Air Transat (TS),Air Transat,3286,07:04,,,,,310,,,"Direct",1382,111,1317,
- -,CDG,YUL,Air Canada (AC),Air Canada,3430,07:21,,,,,77W,,,"Direct",1382,146,330,
- -,CDG,YUL,Air France (AF),Air France,3430,07:21,,,,,744 343,,,"Direct",1382,146,137,
- -,CDG,YUL,Alitalia (AZ),Alitalia,3430,07:21,,,,,744 343,,,"Codeshare",1382,146,596,
- -,CDG,YUL,Delta Air Lines (DL),Delta Air Lines,3430,07:21,,,,,744 343,,,"Codeshare",1382,146,2009,
- -,CDG,YUL,Lufthansa (LH),Lufthansa,3430,07:21,,,,,77W,,,"Codeshare",1382,146,3320,
- -,CDG,YUL,Air Transat (TS),Air Transat,3430,07:21,,,,,330 310,,,"Direct",1382,146,1317,
- -,CDG,YYZ,Air Canada (AC),Air Canada,3738,07:58,,,,,77W,,,"Direct",1382,193,330,
- -,CDG,YYZ,Air France (AF),Air France,3738,07:58,,,,,772,,,"Direct",1382,193,137,
- -,CDG,YYZ,Alitalia (AZ),Alitalia,3738,07:58,,,,,772,,,"Codeshare",1382,193,596,
- -,CDG,YYZ,Delta Air Lines (DL),Delta Air Lines,3738,07:58,,,,,772,,,"Codeshare",1382,193,2009,
- -,CDG,YYZ,Lufthansa (LH),Lufthansa,3738,07:58,,,,,77W,,,"Codeshare",1382,193,3320,
- -,CDG,YYZ,Air Transat (TS),Air Transat,3738,07:58,,,,,330,,,"Direct",1382,193,1317,
- -,CDG,ZAG,Air France (AF),Air France,670,01:50,,,,,AR8,,,"Direct",1382,1208,137,
- -,CDG,ZAG,Croatia Airlines (OU),Croatia Airlines,670,01:50,,,,,319 320,,,"Direct",1382,1208,1925,
- -,CDG,ZRH,Air France (AF),Air France,295,01:05,,,,,318,,,"Direct",1382,1678,137,
- -,CDG,ZRH,Swiss International Air Lines (LX),Swiss International Air Lines,295,01:05,,,,,320 AR1 32A 319,,,"Direct",1382,1678,4559,