﻿Date,From,To,Flight_Number,Airline,Distance,Duration,Seat,Seat_Type,Class,Reason,Plane,Registration,Trip,Note,From_OID,To_OID,Airline_OID,Plane_OID
- -,ACE,BHX,Condor Flugdienst (DE),Condor Flugdienst,1732,03:57,,,,,757,,,"Codeshare",1055,469,1868,
- -,ACE,DUS,Condor Flugdienst (DE),Condor Flugdienst,1867,04:14,,,,,757 32S,,,"Direct",1055,345,1868,
- -,ACE,FRA,Condor Flugdienst (DE),Condor Flugdienst,1860,04:13,,,,,757,,,"Direct",1055,340,1868,
- -,ACE,FUE,Condor Flugdienst (DE),Condor Flugdienst,37,00:34,,,,,757,,,"Direct",1055,1051,1868,
- -,ACE,GLA,Condor Flugdienst (DE),Condor Flugdienst,1913,04:19,,,,,757,,,"Codeshare",1055,534,1868,
- -,ACE,HAJ,Condor Flugdienst (DE),Condor Flugdienst,2011,04:31,,,,,32S,,,"Direct",1055,352,1868,
- -,ACE,HAM,Condor Flugdienst (DE),Condor Flugdienst,2077,04:39,,,,,32S,,,"Direct",1055,342,1868,
- -,ACE,LEJ,Condor Flugdienst (DE),Condor Flugdienst,2044,04:35,,,,,32S,,,"Direct",1055,348,1868,
- -,ACE,LGW,Condor Flugdienst (DE),Condor Flugdienst,1683,03:51,,,,,757,,,"Codeshare",1055,502,1868,
- -,ACE,MAN,Condor Flugdienst (DE),Condor Flugdienst,1780,04:03,,,,,330 320,,,"Codeshare",1055,478,1868,
- -,ACE,MUC,Condor Flugdienst (DE),Condor Flugdienst,1899,04:17,,,,,32S,,,"Direct",1055,346,1868,
- -,ACE,PAD,Condor Flugdienst (DE),Condor Flugdienst,1938,04:22,,,,,32S,,,"Direct",1055,371,1868,
- -,ACE,STR,Condor Flugdienst (DE),Condor Flugdienst,1820,04:08,,,,,32S,,,"Direct",1055,350,1868,
- -,ACE,SXF,Condor Flugdienst (DE),Condor Flugdienst,2128,04:45,,,,,32S,,,"Direct",1055,337,1868,
- -,AGA,DUS,Condor Flugdienst (DE),Condor Flugdienst,1668,03:50,,,,,32S,,,"Direct",1064,345,1868,
- -,AGA,FRA,Condor Flugdienst (DE),Condor Flugdienst,1649,03:47,,,,,32S,,,"Direct",1064,340,1868,
- -,AGA,LEJ,Condor Flugdienst (DE),Condor Flugdienst,1829,04:09,,,,,32S,,,"Direct",1064,348,1868,
- -,AGA,MUC,Condor Flugdienst (DE),Condor Flugdienst,1671,03:50,,,,,32S,,,"Direct",1064,346,1868,
- -,ANU,FRA,Condor Flugdienst (DE),Condor Flugdienst,4447,09:23,,,,,767,,,"Direct",2874,340,1868,
- -,AYT,CGN,Condor Flugdienst (DE),Condor Flugdienst,1510,03:31,,,,,757,,,"Direct",1688,344,1868,
- -,AYT,DUS,Condor Flugdienst (DE),Condor Flugdienst,1539,03:34,,,,,757,,,"Direct",1688,345,1868,
- -,AYT,FRA,Condor Flugdienst (DE),Condor Flugdienst,1427,03:21,,,,,757,,,"Direct",1688,340,1868,
- -,AYT,HAJ,Condor Flugdienst (DE),Condor Flugdienst,1482,03:27,,,,,32S 321,,,"Direct",1688,352,1868,
- -,AYT,HAM,Condor Flugdienst (DE),Condor Flugdienst,1524,03:32,,,,,757,,,"Direct",1688,342,1868,
- -,AYT,LEJ,Condor Flugdienst (DE),Condor Flugdienst,1353,03:12,,,,,757,,,"Direct",1688,348,1868,
- -,AYT,MUC,Condor Flugdienst (DE),Condor Flugdienst,1242,02:59,,,,,757,,,"Direct",1688,346,1868,
- -,AYT,PAD,Condor Flugdienst (DE),Condor Flugdienst,1484,03:28,,,,,32S 321,,,"Direct",1688,371,1868,
- -,AYT,STR,Condor Flugdienst (DE),Condor Flugdienst,1355,03:12,,,,,757,,,"Direct",1688,350,1868,
- -,AYT,SXF,Condor Flugdienst (DE),Condor Flugdienst,1357,03:12,,,,,757,,,"Direct",1688,337,1868,
- -,BGI,FRA,Condor Flugdienst (DE),Condor Flugdienst,4555,09:36,,,,,767,,,"Direct",2875,340,1868,
- -,BGI,MAN,Condor Flugdienst (DE),Condor Flugdienst,4160,08:49,,,,,330,,,"Codeshare",2875,478,1868,
- -,BHX,ACE,Condor Flugdienst (DE),Condor Flugdienst,1732,03:57,,,,,757,,,"Codeshare",469,1055,1868,
- -,CFU,FRA,Condor Flugdienst (DE),Condor Flugdienst,907,02:18,,,,,738,,,"Direct",1460,340,1868,
- -,CFU,HAM,Condor Flugdienst (DE),Condor Flugdienst,1074,02:38,,,,,32S,,,"Direct",1460,342,1868,
- -,CGN,AYT,Condor Flugdienst (DE),Condor Flugdienst,1510,03:31,,,,,757,,,"Direct",344,1688,1868,
- -,CGN,PMI,Condor Flugdienst (DE),Condor Flugdienst,809,02:07,,,,,757,,,"Direct",344,3998,1868,
- -,CHQ,DUS,Condor Flugdienst (DE),Condor Flugdienst,1387,03:16,,,,,32S,,,"Direct",1474,345,1868,
- -,CUN,FRA,Condor Flugdienst (DE),Condor Flugdienst,5344,11:11,,,,,767,,,"Direct",1852,340,1868,
- -,CUN,LGW,Condor Flugdienst (DE),Condor Flugdienst,4953,10:24,,,,,330,,,"Codeshare",1852,502,1868,
- -,CUN,MAN,Condor Flugdienst (DE),Condor Flugdienst,4840,10:10,,,,,330,,,"Codeshare",1852,478,1868,
- -,DJE,DUS,Condor Flugdienst (DE),Condor Flugdienst,1219,02:56,,,,,757,,,"Direct",293,345,1868,
- -,DJE,FRA,Condor Flugdienst (DE),Condor Flugdienst,1121,02:44,,,,,757,,,"Direct",293,340,1868,
- -,DJE,LEJ,Condor Flugdienst (DE),Condor Flugdienst,1214,02:55,,,,,32S,,,"Direct",293,348,1868,
- -,DJE,MUC,Condor Flugdienst (DE),Condor Flugdienst,1001,02:30,,,,,757,,,"Direct",293,346,1868,
- -,DLM,DUS,Condor Flugdienst (DE),Condor Flugdienst,1475,03:27,,,,,757,,,"Direct",1715,345,1868,
- -,DLM,FRA,Condor Flugdienst (DE),Condor Flugdienst,1361,03:13,,,,,757,,,"Direct",1715,340,1868,
- -,DLM,HAJ,Condor Flugdienst (DE),Condor Flugdienst,1428,03:21,,,,,321,,,"Direct",1715,352,1868,
- -,DLM,HAM,Condor Flugdienst (DE),Condor Flugdienst,1474,03:26,,,,,32S,,,"Direct",1715,342,1868,
- -,DLM,MUC,Condor Flugdienst (DE),Condor Flugdienst,1176,02:51,,,,,757,,,"Direct",1715,346,1868,
- -,DLM,STR,Condor Flugdienst (DE),Condor Flugdienst,1285,03:04,,,,,32S,,,"Direct",1715,350,1868,
- -,DLM,SXF,Condor Flugdienst (DE),Condor Flugdienst,1311,03:07,,,,,32S,,,"Direct",1715,337,1868,
- -,DUS,ACE,Condor Flugdienst (DE),Condor Flugdienst,1867,04:14,,,,,757 32S,,,"Direct",345,1055,1868,
- -,DUS,AGA,Condor Flugdienst (DE),Condor Flugdienst,1668,03:50,,,,,32S,,,"Direct",345,1064,1868,
- -,DUS,AYT,Condor Flugdienst (DE),Condor Flugdienst,1539,03:34,,,,,757,,,"Direct",345,1688,1868,
- -,DUS,CFU,Condor Flugdienst (DE),Condor Flugdienst,1024,02:32,,,,,32S,,,"Direct",345,1460,1868,
- -,DUS,CHQ,Condor Flugdienst (DE),Condor Flugdienst,1387,03:16,,,,,32S,,,"Direct",345,1474,1868,
- -,DUS,DJE,Condor Flugdienst (DE),Condor Flugdienst,1219,02:56,,,,,757,,,"Direct",345,293,1868,
- -,DUS,DLM,Condor Flugdienst (DE),Condor Flugdienst,1475,03:27,,,,,757,,,"Direct",345,1715,1868,
- -,DUS,FNC,Condor Flugdienst (DE),Condor Flugdienst,1747,03:59,,,,,32S,,,"Direct",345,4091,1868,
- -,DUS,FUE,Condor Flugdienst (DE),Condor Flugdienst,1904,04:18,,,,,757,,,"Direct",345,1051,1868,
- -,DUS,HER,Condor Flugdienst (DE),Condor Flugdienst,1430,03:21,,,,,738 757,,,"Direct",345,1452,1868,
- -,DUS,HRG,Condor Flugdienst (DE),Condor Flugdienst,2180,04:51,,,,,757,,,"Direct",345,1130,1868,
- -,DUS,IBZ,Condor Flugdienst (DE),Condor Flugdienst,896,02:17,,,,,32S 757,,,"Direct",345,1225,1868,
- -,DUS,KGS,Condor Flugdienst (DE),Condor Flugdienst,1412,03:19,,,,,738 32S,,,"Direct",345,1458,1868,
- -,DUS,LCA,Condor Flugdienst (DE),Condor Flugdienst,1748,03:59,,,,,757,,,"Direct",345,1197,1868,
- -,DUS,LPA,Condor Flugdienst (DE),Condor Flugdienst,1980,04:27,,,,,757,,,"Direct",345,1054,1868,
- -,DUS,PMI,Condor Flugdienst (DE),Condor Flugdienst,833,02:09,,,,,757,,,"Direct",345,3998,1868,
- -,DUS,RHO,Condor Flugdienst (DE),Condor Flugdienst,1467,03:26,,,,,32S,,,"Direct",345,1472,1868,
- -,DUS,TFS,Condor Flugdienst (DE),Condor Flugdienst,2010,04:31,,,,,757,,,"Direct",345,1056,1868,
- -,DUS,XRY,Condor Flugdienst (DE),Condor Flugdienst,1185,02:52,,,,,32S 757,,,"Direct",345,1226,1868,
- -,FNC,DUS,Condor Flugdienst (DE),Condor Flugdienst,1747,03:59,,,,,32S,,,"Direct",4091,345,1868,
- -,FNC,FRA,Condor Flugdienst (DE),Condor Flugdienst,1761,04:01,,,,,757,,,"Direct",4091,340,1868,
- -,FNC,HAM,Condor Flugdienst (DE),Condor Flugdienst,1953,04:24,,,,,32S,,,"Direct",4091,342,1868,
- -,FNC,LEJ,Condor Flugdienst (DE),Condor Flugdienst,1947,04:23,,,,,321,,,"Direct",4091,348,1868,
- -,FNC,MUC,Condor Flugdienst (DE),Condor Flugdienst,1830,04:09,,,,,32S,,,"Direct",4091,346,1868,
- -,FNC,STR,Condor Flugdienst (DE),Condor Flugdienst,1737,03:58,,,,,32S,,,"Direct",4091,350,1868,
- -,FRA,ACE,Condor Flugdienst (DE),Condor Flugdienst,1860,04:13,,,,,757,,,"Direct",340,1055,1868,
- -,FRA,AGA,Condor Flugdienst (DE),Condor Flugdienst,1649,03:47,,,,,32S,,,"Direct",340,1064,1868,
- -,FRA,AYT,Condor Flugdienst (DE),Condor Flugdienst,1427,03:21,,,,,757,,,"Direct",340,1688,1868,
- -,FRA,CFU,Condor Flugdienst (DE),Condor Flugdienst,907,02:18,,,,,738,,,"Direct",340,1460,1868,
- -,FRA,CHQ,Condor Flugdienst (DE),Condor Flugdienst,1269,03:02,,,,,757,,,"Direct",340,1474,1868,
- -,FRA,CUN,Condor Flugdienst (DE),Condor Flugdienst,5344,11:11,,,,,767,,,"Direct",340,1852,1868,
- -,FRA,DBV,Condor Flugdienst (DE),Condor Flugdienst,691,01:52,,,,,32S,,,"Direct",340,1200,1868,
- -,FRA,DJE,Condor Flugdienst (DE),Condor Flugdienst,1121,02:44,,,,,757,,,"Direct",340,293,1868,
- -,FRA,DLM,Condor Flugdienst (DE),Condor Flugdienst,1361,03:13,,,,,757,,,"Direct",340,1715,1868,
- -,FRA,FNC,Condor Flugdienst (DE),Condor Flugdienst,1761,04:01,,,,,757,,,"Direct",340,4091,1868,
- -,FRA,FUE,Condor Flugdienst (DE),Condor Flugdienst,1897,04:17,,,,,757,,,"Direct",340,1051,1868,
- -,FRA,HAV,Condor Flugdienst (DE),Condor Flugdienst,5053,10:36,,,,,767,,,"Direct",340,1909,1868,
- -,FRA,HER,Condor Flugdienst (DE),Condor Flugdienst,1313,03:07,,,,,738 757,,,"Direct",340,1452,1868,
- -,FRA,HOG,Condor Flugdienst (DE),Condor Flugdienst,4903,10:18,,,,,767,,,"Direct",340,1910,1868,
- -,FRA,HRG,Condor Flugdienst (DE),Condor Flugdienst,2064,04:37,,,,,757,,,"Direct",340,1130,1868,
- -,FRA,IBZ,Condor Flugdienst (DE),Condor Flugdienst,847,02:11,,,,,757 32S,,,"Direct",340,1225,1868,
- -,FRA,KGS,Condor Flugdienst (DE),Condor Flugdienst,1296,03:05,,,,,738 32S,,,"Direct",340,1458,1868,
- -,FRA,LAS,Condor Flugdienst (DE),Condor Flugdienst,5566,11:37,,,,,767,,,"Direct",340,3877,1868,
- -,FRA,LPA,Condor Flugdienst (DE),Condor Flugdienst,1977,04:27,,,,,757,,,"Direct",340,1054,1868,
- -,FRA,MBA,Condor Flugdienst (DE),Condor Flugdienst,4165,08:49,,,,,767,,,"Direct",340,1145,1868,
- -,FRA,MBJ,Condor Flugdienst (DE),Condor Flugdienst,5089,10:40,,,,,767,,,"Direct",340,1780,1868,
- -,FRA,MLE,Condor Flugdienst (DE),Condor Flugdienst,4896,10:17,,,,,767,,,"Direct",340,3156,1868,
- -,FRA,MRU,Condor Flugdienst (DE),Condor Flugdienst,5713,11:55,,,,,767,,,"Direct",340,893,1868,
- -,FRA,NBO,Condor Flugdienst (DE),Condor Flugdienst,3922,08:20,,,,,767,,,"Direct",340,4059,1868,
- -,FRA,PMI,Condor Flugdienst (DE),Condor Flugdienst,777,02:03,,,,,757,,,"Direct",340,3998,1868,
- -,FRA,POP,Condor Flugdienst (DE),Condor Flugdienst,4702,09:54,,,,,767,,,"Direct",340,1761,1868,
- -,FRA,PUJ,Condor Flugdienst (DE),Condor Flugdienst,4665,09:49,,,,,767,,,"Direct",340,1760,1868,
- -,FRA,REC,Condor Flugdienst (DE),Condor Flugdienst,4787,10:04,,,,,767,,,"Direct",340,2610,1868,
- -,FRA,RHO,Condor Flugdienst (DE),Condor Flugdienst,1352,03:12,,,,,32S 738,,,"Direct",340,1472,1868,
- -,FRA,SDQ,Condor Flugdienst (DE),Condor Flugdienst,4730,09:57,,,,,767,,,"Direct",340,1762,1868,
- -,FRA,SEA,Condor Flugdienst (DE),Condor Flugdienst,5090,10:40,,,,,767,,,"Direct",340,3577,1868,
- -,FRA,SEZ,Condor Flugdienst (DE),Condor Flugdienst,4695,09:53,,,,,767,,,"Direct",340,994,1868,
- -,FRA,SJU,Condor Flugdienst (DE),Condor Flugdienst,4567,09:38,,,,,767,,,"Direct",340,2890,1868,
- -,FRA,SPC,Condor Flugdienst (DE),Condor Flugdienst,2019,04:32,,,,,738,,,"Direct",340,1053,1868,
- -,FRA,SPU,Condor Flugdienst (DE),Condor Flugdienst,577,01:39,,,,,32S,,,"Direct",340,1206,1868,
- -,FRA,SSA,Condor Flugdienst (DE),Condor Flugdienst,5187,10:52,,,,,767,,,"Direct",340,2621,1868,
- -,FRA,TAB,Condor Flugdienst (DE),Condor Flugdienst,4715,09:55,,,,,767,,,"Direct",340,2901,1868,
- -,FRA,TFS,Condor Flugdienst (DE),Condor Flugdienst,2011,04:31,,,,,757 738,,,"Direct",340,1056,1868,
- -,FRA,VRA,Condor Flugdienst (DE),Condor Flugdienst,5010,10:31,,,,,767,,,"Direct",340,1923,1868,
- -,FRA,XRY,Condor Flugdienst (DE),Condor Flugdienst,1170,02:50,,,,,767 738 757,,,"Direct",340,1226,1868,
- -,FRA,YHZ,Condor Flugdienst (DE),Condor Flugdienst,3251,07:00,,,,,767,,,"Direct",340,73,1868,
- -,FRA,YVR,Condor Flugdienst (DE),Condor Flugdienst,5006,10:30,,,,,767,,,"Direct",340,156,1868,
- -,FUE,DUS,Condor Flugdienst (DE),Condor Flugdienst,1904,04:18,,,,,757,,,"Direct",1051,345,1868,
- -,FUE,FRA,Condor Flugdienst (DE),Condor Flugdienst,1897,04:17,,,,,757,,,"Direct",1051,340,1868,
- -,FUE,HAJ,Condor Flugdienst (DE),Condor Flugdienst,2048,04:35,,,,,32S,,,"Direct",1051,352,1868,
- -,FUE,HAM,Condor Flugdienst (DE),Condor Flugdienst,2115,04:43,,,,,757 32S,,,"Direct",1051,342,1868,
- -,FUE,LEJ,Condor Flugdienst (DE),Condor Flugdienst,2081,04:39,,,,,321,,,"Direct",1051,348,1868,
- -,FUE,MAN,Condor Flugdienst (DE),Condor Flugdienst,1817,04:08,,,,,757,,,"Direct",1051,478,1868,
- -,FUE,MUC,Condor Flugdienst (DE),Condor Flugdienst,1935,04:22,,,,,757 32S,,,"Direct",1051,346,1868,
- -,FUE,PAD,Condor Flugdienst (DE),Condor Flugdienst,1975,04:27,,,,,32S,,,"Direct",1051,371,1868,
- -,FUE,STR,Condor Flugdienst (DE),Condor Flugdienst,1857,04:12,,,,,32S,,,"Direct",1051,350,1868,
- -,FUE,SXF,Condor Flugdienst (DE),Condor Flugdienst,2165,04:49,,,,,321,,,"Direct",1051,337,1868,
- -,GLA,ACE,Condor Flugdienst (DE),Condor Flugdienst,1913,04:19,,,,,757,,,"Codeshare",534,1055,1868,
- -,GLA,CUN,Condor Flugdienst (DE),Condor Flugdienst,4732,09:57,,,,,330,,,"Codeshare",534,1852,1868,
- -,GLA,MCO,Condor Flugdienst (DE),Condor Flugdienst,4115,08:43,,,,,330,,,"Codeshare",534,3878,1868,
- -,HAJ,ACE,Condor Flugdienst (DE),Condor Flugdienst,2011,04:31,,,,,32S,,,"Direct",352,1055,1868,
- -,HAJ,AYT,Condor Flugdienst (DE),Condor Flugdienst,1482,03:27,,,,,32S 321,,,"Direct",352,1688,1868,
- -,HAJ,DLM,Condor Flugdienst (DE),Condor Flugdienst,1428,03:21,,,,,321,,,"Direct",352,1715,1868,
- -,HAJ,FUE,Condor Flugdienst (DE),Condor Flugdienst,2048,04:35,,,,,32S,,,"Direct",352,1051,1868,
- -,HAJ,HER,Condor Flugdienst (DE),Condor Flugdienst,1404,03:18,,,,,32S,,,"Direct",352,1452,1868,
- -,HAJ,KGS,Condor Flugdienst (DE),Condor Flugdienst,1371,03:14,,,,,32S,,,"Direct",352,1458,1868,
- -,HAJ,LCA,Condor Flugdienst (DE),Condor Flugdienst,1688,03:52,,,,,32S,,,"Direct",352,1197,1868,
- -,HAJ,PMI,Condor Flugdienst (DE),Condor Flugdienst,950,02:24,,,,,321 32S,,,"Direct",352,3998,1868,
- -,HAJ,RHO,Condor Flugdienst (DE),Condor Flugdienst,1424,03:20,,,,,32S,,,"Direct",352,1472,1868,
- -,HAM,ACE,Condor Flugdienst (DE),Condor Flugdienst,2077,04:39,,,,,32S,,,"Direct",342,1055,1868,
- -,HAM,AYT,Condor Flugdienst (DE),Condor Flugdienst,1524,03:32,,,,,757,,,"Direct",342,1688,1868,
- -,HAM,CFU,Condor Flugdienst (DE),Condor Flugdienst,1074,02:38,,,,,32S,,,"Direct",342,1460,1868,
- -,HAM,DLM,Condor Flugdienst (DE),Condor Flugdienst,1474,03:26,,,,,32S,,,"Direct",342,1715,1868,
- -,HAM,FNC,Condor Flugdienst (DE),Condor Flugdienst,1953,04:24,,,,,32S,,,"Direct",342,4091,1868,
- -,HAM,FUE,Condor Flugdienst (DE),Condor Flugdienst,2115,04:43,,,,,757 32S,,,"Direct",342,1051,1868,
- -,HAM,HER,Condor Flugdienst (DE),Condor Flugdienst,1461,03:25,,,,,32S,,,"Direct",342,1452,1868,
- -,HAM,HRG,Condor Flugdienst (DE),Condor Flugdienst,2192,04:53,,,,,757,,,"Direct",342,1130,1868,
- -,HAM,KGS,Condor Flugdienst (DE),Condor Flugdienst,1421,03:20,,,,,32S,,,"Direct",342,1458,1868,
- -,HAM,LPA,Condor Flugdienst (DE),Condor Flugdienst,2191,04:52,,,,,757,,,"Direct",342,1054,1868,
- -,HAM,PMI,Condor Flugdienst (DE),Condor Flugdienst,1029,02:33,,,,,757,,,"Direct",342,3998,1868,
- -,HAM,RHO,Condor Flugdienst (DE),Condor Flugdienst,1472,03:26,,,,,32S,,,"Direct",342,1472,1868,
- -,HAM,TFS,Condor Flugdienst (DE),Condor Flugdienst,2219,04:56,,,,,32S 757,,,"Direct",342,1056,1868,
- -,HAM,XRY,Condor Flugdienst (DE),Condor Flugdienst,1396,03:17,,,,,32S,,,"Direct",342,1226,1868,
- -,HAV,FRA,Condor Flugdienst (DE),Condor Flugdienst,5053,10:36,,,,,767,,,"Direct",1909,340,1868,
- -,HER,DUS,Condor Flugdienst (DE),Condor Flugdienst,1430,03:21,,,,,757,,,"Direct",1452,345,1868,
- -,HER,FRA,Condor Flugdienst (DE),Condor Flugdienst,1313,03:07,,,,,738 757,,,"Direct",1452,340,1868,
- -,HER,HAJ,Condor Flugdienst (DE),Condor Flugdienst,1404,03:18,,,,,32S,,,"Direct",1452,352,1868,
- -,HER,HAM,Condor Flugdienst (DE),Condor Flugdienst,1461,03:25,,,,,32S,,,"Direct",1452,342,1868,
- -,HER,LEJ,Condor Flugdienst (DE),Condor Flugdienst,1282,03:03,,,,,32S,,,"Direct",1452,348,1868,
- -,HER,MUC,Condor Flugdienst (DE),Condor Flugdienst,1128,02:45,,,,,32S,,,"Direct",1452,346,1868,
- -,HER,STR,Condor Flugdienst (DE),Condor Flugdienst,1227,02:57,,,,,32S,,,"Direct",1452,350,1868,
- -,HER,SXF,Condor Flugdienst (DE),Condor Flugdienst,1308,03:06,,,,,32S,,,"Direct",1452,337,1868,
- -,HOG,FRA,Condor Flugdienst (DE),Condor Flugdienst,4903,10:18,,,,,767,,,"Direct",1910,340,1868,
- -,HOG,MBJ,Condor Flugdienst (DE),Condor Flugdienst,188,00:52,,,,,767,,,"Direct",1910,1780,1868,
- -,HRG,DUS,Condor Flugdienst (DE),Condor Flugdienst,2180,04:51,,,,,757,,,"Direct",1130,345,1868,
- -,HRG,FRA,Condor Flugdienst (DE),Condor Flugdienst,2064,04:37,,,,,757,,,"Direct",1130,340,1868,
- -,HRG,HAM,Condor Flugdienst (DE),Condor Flugdienst,2192,04:53,,,,,757,,,"Direct",1130,342,1868,
- -,HRG,MUC,Condor Flugdienst (DE),Condor Flugdienst,1878,04:15,,,,,757,,,"Direct",1130,346,1868,
- -,IBZ,DUS,Condor Flugdienst (DE),Condor Flugdienst,896,02:17,,,,,32S 757,,,"Direct",1225,345,1868,
- -,IBZ,FRA,Condor Flugdienst (DE),Condor Flugdienst,847,02:11,,,,,757 32S,,,"Direct",1225,340,1868,
- -,IBZ,MAN,Condor Flugdienst (DE),Condor Flugdienst,1014,02:31,,,,,757,,,"Direct",1225,478,1868,
- -,IBZ,MUC,Condor Flugdienst (DE),Condor Flugdienst,834,02:10,,,,,32S,,,"Direct",1225,346,1868,
- -,KGS,DUS,Condor Flugdienst (DE),Condor Flugdienst,1412,03:19,,,,,738 32S,,,"Direct",1458,345,1868,
- -,KGS,FRA,Condor Flugdienst (DE),Condor Flugdienst,1296,03:05,,,,,738 32S,,,"Direct",1458,340,1868,
- -,KGS,HAJ,Condor Flugdienst (DE),Condor Flugdienst,1371,03:14,,,,,32S,,,"Direct",1458,352,1868,
- -,KGS,HAM,Condor Flugdienst (DE),Condor Flugdienst,1421,03:20,,,,,32S,,,"Direct",1458,342,1868,
- -,KGS,MUC,Condor Flugdienst (DE),Condor Flugdienst,1110,02:43,,,,,32S,,,"Direct",1458,346,1868,
- -,KGS,STR,Condor Flugdienst (DE),Condor Flugdienst,1217,02:56,,,,,32S,,,"Direct",1458,350,1868,
- -,KGS,SXF,Condor Flugdienst (DE),Condor Flugdienst,1261,03:01,,,,,32S,,,"Direct",1458,337,1868,
- -,LAS,FRA,Condor Flugdienst (DE),Condor Flugdienst,5566,11:37,,,,,767,,,"Direct",3877,340,1868,
- -,LAS,MAN,Condor Flugdienst (DE),Condor Flugdienst,5071,10:38,,,,,330,,,"Codeshare",3877,478,1868,
- -,LCA,DUS,Condor Flugdienst (DE),Condor Flugdienst,1748,03:59,,,,,757,,,"Direct",1197,345,1868,
- -,LCA,HAJ,Condor Flugdienst (DE),Condor Flugdienst,1688,03:52,,,,,32S,,,"Direct",1197,352,1868,
- -,LCA,SXF,Condor Flugdienst (DE),Condor Flugdienst,1560,03:37,,,,,32S,,,"Direct",1197,337,1868,
- -,LEJ,ACE,Condor Flugdienst (DE),Condor Flugdienst,2044,04:35,,,,,32S,,,"Direct",348,1055,1868,
- -,LEJ,AGA,Condor Flugdienst (DE),Condor Flugdienst,1829,04:09,,,,,32S,,,"Direct",348,1064,1868,
- -,LEJ,AYT,Condor Flugdienst (DE),Condor Flugdienst,1353,03:12,,,,,757,,,"Direct",348,1688,1868,
- -,LEJ,CFU,Condor Flugdienst (DE),Condor Flugdienst,895,02:17,,,,,32S,,,"Direct",348,1460,1868,
- -,LEJ,DJE,Condor Flugdienst (DE),Condor Flugdienst,1214,02:55,,,,,32S,,,"Direct",348,293,1868,
- -,LEJ,FNC,Condor Flugdienst (DE),Condor Flugdienst,1947,04:23,,,,,321,,,"Direct",348,4091,1868,
- -,LEJ,FUE,Condor Flugdienst (DE),Condor Flugdienst,2081,04:39,,,,,321,,,"Direct",348,1051,1868,
- -,LEJ,HER,Condor Flugdienst (DE),Condor Flugdienst,1282,03:03,,,,,32S,,,"Direct",348,1452,1868,
- -,LEJ,LPA,Condor Flugdienst (DE),Condor Flugdienst,2162,04:49,,,,,321,,,"Direct",348,1054,1868,
- -,LEJ,PMI,Condor Flugdienst (DE),Condor Flugdienst,938,02:22,,,,,321,,,"Direct",348,3998,1868,
- -,LEJ,RHO,Condor Flugdienst (DE),Condor Flugdienst,1296,03:05,,,,,32S,,,"Direct",348,1472,1868,
- -,LEJ,TFS,Condor Flugdienst (DE),Condor Flugdienst,2196,04:53,,,,,321,,,"Direct",348,1056,1868,
- -,LGW,ACE,Condor Flugdienst (DE),Condor Flugdienst,1683,03:51,,,,,757,,,"Codeshare",502,1055,1868,
- -,LGW,CUN,Condor Flugdienst (DE),Condor Flugdienst,4953,10:24,,,,,330,,,"Codeshare",502,1852,1868,
- -,LPA,DUS,Condor Flugdienst (DE),Condor Flugdienst,1980,04:27,,,,,757,,,"Direct",1054,345,1868,
- -,LPA,FRA,Condor Flugdienst (DE),Condor Flugdienst,1977,04:27,,,,,757,,,"Direct",1054,340,1868,
- -,LPA,HAM,Condor Flugdienst (DE),Condor Flugdienst,2191,04:52,,,,,757,,,"Direct",1054,342,1868,
- -,LPA,LEJ,Condor Flugdienst (DE),Condor Flugdienst,2162,04:49,,,,,321,,,"Direct",1054,348,1868,
- -,LPA,MUC,Condor Flugdienst (DE),Condor Flugdienst,2021,04:32,,,,,757,,,"Direct",1054,346,1868,
- -,LPA,PAD,Condor Flugdienst (DE),Condor Flugdienst,2053,04:36,,,,,32S,,,"Direct",1054,371,1868,
- -,LPA,STR,Condor Flugdienst (DE),Condor Flugdienst,1940,04:22,,,,,32S,,,"Direct",1054,350,1868,
- -,LPA,SXF,Condor Flugdienst (DE),Condor Flugdienst,2246,04:59,,,,,321,,,"Direct",1054,337,1868,
- -,MAN,ACE,Condor Flugdienst (DE),Condor Flugdienst,1780,04:03,,,,,330 320,,,"Codeshare",478,1055,1868,
- -,MAN,CUN,Condor Flugdienst (DE),Condor Flugdienst,4840,10:10,,,,,330,,,"Codeshare",478,1852,1868,
- -,MAN,FUE,Condor Flugdienst (DE),Condor Flugdienst,1817,04:08,,,,,757,,,"Direct",478,1051,1868,
- -,MAN,IBZ,Condor Flugdienst (DE),Condor Flugdienst,1014,02:31,,,,,757,,,"Direct",478,1225,1868,
- -,MAN,LAS,Condor Flugdienst (DE),Condor Flugdienst,5071,10:38,,,,,330,,,"Codeshare",478,3877,1868,
- -,MAN,MBJ,Condor Flugdienst (DE),Condor Flugdienst,4608,09:42,,,,,330,,,"Codeshare",478,1780,1868,
- -,MAN,MCO,Condor Flugdienst (DE),Condor Flugdienst,4225,08:57,,,,,330,,,"Codeshare",478,3878,1868,
- -,MAN,PMI,Condor Flugdienst (DE),Condor Flugdienst,981,02:27,,,,,757,,,"Direct",478,3998,1868,
- -,MAN,TFS,Condor Flugdienst (DE),Condor Flugdienst,1893,04:17,,,,,757,,,"Direct",478,1056,1868,
- -,MAN,UVF,Condor Flugdienst (DE),Condor Flugdienst,4180,08:51,,,,,330,,,"Codeshare",478,2894,1868,
- -,MAN,ZTH,Condor Flugdienst (DE),Condor Flugdienst,1540,03:34,,,,,757,,,"Direct",478,1488,1868,
- -,MBA,FRA,Condor Flugdienst (DE),Condor Flugdienst,4165,08:49,,,,,767,,,"Direct",1145,340,1868,
- -,MBA,ZNZ,Condor Flugdienst (DE),Condor Flugdienst,153,00:48,,,,,767,,,"Direct",1145,1186,1868,
- -,MBJ,FRA,Condor Flugdienst (DE),Condor Flugdienst,5089,10:40,,,,,767,,,"Direct",1780,340,1868,
- -,MCO,GLA,Condor Flugdienst (DE),Condor Flugdienst,4115,08:43,,,,,330,,,"Codeshare",3878,534,1868,
- -,MCO,MAN,Condor Flugdienst (DE),Condor Flugdienst,4225,08:57,,,,,330,,,"Codeshare",3878,478,1868,
- -,MLE,FRA,Condor Flugdienst (DE),Condor Flugdienst,4896,10:17,,,,,767,,,"Direct",3156,340,1868,
- -,MRU,FRA,Condor Flugdienst (DE),Condor Flugdienst,5713,11:55,,,,,767,,,"Direct",893,340,1868,
- -,MUC,ACE,Condor Flugdienst (DE),Condor Flugdienst,1899,04:17,,,,,757 32S,,,"Direct",346,1055,1868,
- -,MUC,AGA,Condor Flugdienst (DE),Condor Flugdienst,1671,03:50,,,,,32S,,,"Direct",346,1064,1868,
- -,MUC,AYT,Condor Flugdienst (DE),Condor Flugdienst,1242,02:59,,,,,757,,,"Direct",346,1688,1868,
- -,MUC,CFU,Condor Flugdienst (DE),Condor Flugdienst,725,01:57,,,,,32S,,,"Direct",346,1460,1868,
- -,MUC,CHQ,Condor Flugdienst (DE),Condor Flugdienst,1086,02:40,,,,,32S,,,"Direct",346,1474,1868,
- -,MUC,DJE,Condor Flugdienst (DE),Condor Flugdienst,1001,02:30,,,,,757,,,"Direct",346,293,1868,
- -,MUC,DLM,Condor Flugdienst (DE),Condor Flugdienst,1176,02:51,,,,,757,,,"Direct",346,1715,1868,
- -,MUC,FNC,Condor Flugdienst (DE),Condor Flugdienst,1830,04:09,,,,,32S,,,"Direct",346,4091,1868,
- -,MUC,FUE,Condor Flugdienst (DE),Condor Flugdienst,1935,04:22,,,,,32S,,,"Direct",346,1051,1868,
- -,MUC,HER,Condor Flugdienst (DE),Condor Flugdienst,1128,02:45,,,,,32S,,,"Direct",346,1452,1868,
- -,MUC,HRG,Condor Flugdienst (DE),Condor Flugdienst,1878,04:15,,,,,757,,,"Direct",346,1130,1868,
- -,MUC,IBZ,Condor Flugdienst (DE),Condor Flugdienst,834,02:10,,,,,32S,,,"Direct",346,1225,1868,
- -,MUC,KGS,Condor Flugdienst (DE),Condor Flugdienst,1110,02:43,,,,,32S,,,"Direct",346,1458,1868,
- -,MUC,LPA,Condor Flugdienst (DE),Condor Flugdienst,2021,04:32,,,,,757,,,"Direct",346,1054,1868,
- -,MUC,PMI,Condor Flugdienst (DE),Condor Flugdienst,755,02:00,,,,,32S 757,,,"Direct",346,3998,1868,
- -,MUC,PUJ,Condor Flugdienst (DE),Condor Flugdienst,4818,10:08,,,,,767,,,"Direct",346,1760,1868,
- -,MUC,RHO,Condor Flugdienst (DE),Condor Flugdienst,1166,02:49,,,,,32S,,,"Direct",346,1472,1868,
- -,MUC,SPC,Condor Flugdienst (DE),Condor Flugdienst,2075,04:39,,,,,32S,,,"Direct",346,1053,1868,
- -,MUC,TFS,Condor Flugdienst (DE),Condor Flugdienst,2060,04:37,,,,,32S 757,,,"Direct",346,1056,1868,
- -,MUC,XRY,Condor Flugdienst (DE),Condor Flugdienst,1205,02:54,,,,,32S,,,"Direct",346,1226,1868,
- -,NBO,MBA,Condor Flugdienst (DE),Condor Flugdienst,262,01:01,,,,,767,,,"Direct",4059,1145,1868,
- -,PAD,ACE,Condor Flugdienst (DE),Condor Flugdienst,1938,04:22,,,,,32S,,,"Direct",371,1055,1868,
- -,PAD,AYT,Condor Flugdienst (DE),Condor Flugdienst,1484,03:28,,,,,32S 321,,,"Direct",371,1688,1868,
- -,PAD,FUE,Condor Flugdienst (DE),Condor Flugdienst,1975,04:27,,,,,32S,,,"Direct",371,1051,1868,
- -,PAD,LPA,Condor Flugdienst (DE),Condor Flugdienst,2053,04:36,,,,,32S,,,"Direct",371,1054,1868,
- -,PAD,PMI,Condor Flugdienst (DE),Condor Flugdienst,879,02:15,,,,,32S,,,"Direct",371,3998,1868,
- -,PAD,TFS,Condor Flugdienst (DE),Condor Flugdienst,2083,04:39,,,,,32S,,,"Direct",371,1056,1868,
- -,PMI,CGN,Condor Flugdienst (DE),Condor Flugdienst,809,02:07,,,,,757,,,"Direct",3998,344,1868,
- -,PMI,DUS,Condor Flugdienst (DE),Condor Flugdienst,833,02:09,,,,,757,,,"Direct",3998,345,1868,
- -,PMI,FRA,Condor Flugdienst (DE),Condor Flugdienst,777,02:03,,,,,757,,,"Direct",3998,340,1868,
- -,PMI,HAJ,Condor Flugdienst (DE),Condor Flugdienst,950,02:24,,,,,321 32S,,,"Direct",3998,352,1868,
- -,PMI,HAM,Condor Flugdienst (DE),Condor Flugdienst,1029,02:33,,,,,757,,,"Direct",3998,342,1868,
- -,PMI,LEJ,Condor Flugdienst (DE),Condor Flugdienst,938,02:22,,,,,321,,,"Direct",3998,348,1868,
- -,PMI,MAN,Condor Flugdienst (DE),Condor Flugdienst,981,02:27,,,,,757,,,"Direct",3998,478,1868,
- -,PMI,MUC,Condor Flugdienst (DE),Condor Flugdienst,755,02:00,,,,,32S 757,,,"Direct",3998,346,1868,
- -,PMI,PAD,Condor Flugdienst (DE),Condor Flugdienst,879,02:15,,,,,32S,,,"Direct",3998,371,1868,
- -,PMI,STR,Condor Flugdienst (DE),Condor Flugdienst,707,01:54,,,,,32S,,,"Direct",3998,350,1868,
- -,PMI,SXF,Condor Flugdienst (DE),Condor Flugdienst,1023,02:32,,,,,321,,,"Direct",3998,337,1868,
- -,POP,ANU,Condor Flugdienst (DE),Condor Flugdienst,602,01:42,,,,,767,,,"Direct",1761,2874,1868,
- -,POP,FRA,Condor Flugdienst (DE),Condor Flugdienst,4702,09:54,,,,,767,,,"Direct",1761,340,1868,
- -,PTY,SDQ,Condor Flugdienst (DE),Condor Flugdienst,917,02:20,,,,,767,,,"Direct",1871,1762,1868,
- -,PUJ,FRA,Condor Flugdienst (DE),Condor Flugdienst,4665,09:49,,,,,767,,,"Direct",1760,340,1868,
- -,PUJ,MUC,Condor Flugdienst (DE),Condor Flugdienst,4818,10:08,,,,,767,,,"Direct",1760,346,1868,
- -,REC,FRA,Condor Flugdienst (DE),Condor Flugdienst,4787,10:04,,,,,767,,,"Direct",2610,340,1868,
- -,RHO,DUS,Condor Flugdienst (DE),Condor Flugdienst,1467,03:26,,,,,32S,,,"Direct",1472,345,1868,
- -,RHO,FRA,Condor Flugdienst (DE),Condor Flugdienst,1352,03:12,,,,,32S 738,,,"Direct",1472,340,1868,
- -,RHO,HAJ,Condor Flugdienst (DE),Condor Flugdienst,1424,03:20,,,,,32S,,,"Direct",1472,352,1868,
- -,RHO,HAM,Condor Flugdienst (DE),Condor Flugdienst,1472,03:26,,,,,32S,,,"Direct",1472,342,1868,
- -,RHO,LEJ,Condor Flugdienst (DE),Condor Flugdienst,1296,03:05,,,,,32S,,,"Direct",1472,348,1868,
- -,RHO,MUC,Condor Flugdienst (DE),Condor Flugdienst,1166,02:49,,,,,32S,,,"Direct",1472,346,1868,
- -,RHO,STR,Condor Flugdienst (DE),Condor Flugdienst,1274,03:02,,,,,32S,,,"Direct",1472,350,1868,
- -,RHO,SXF,Condor Flugdienst (DE),Condor Flugdienst,1311,03:07,,,,,32S,,,"Direct",1472,337,1868,
- -,SDQ,FRA,Condor Flugdienst (DE),Condor Flugdienst,4730,09:57,,,,,767,,,"Direct",1762,340,1868,
- -,SDQ,PTY,Condor Flugdienst (DE),Condor Flugdienst,917,02:20,,,,,767,,,"Direct",1762,1871,1868,
- -,SDQ,SJO,Condor Flugdienst (DE),Condor Flugdienst,1133,02:45,,,,,767,,,"Direct",1762,1885,1868,
- -,SEA,FRA,Condor Flugdienst (DE),Condor Flugdienst,5090,10:40,,,,,767,,,"Direct",3577,340,1868,
- -,SEZ,FRA,Condor Flugdienst (DE),Condor Flugdienst,4695,09:53,,,,,767,,,"Direct",994,340,1868,
- -,SJO,SDQ,Condor Flugdienst (DE),Condor Flugdienst,1133,02:45,,,,,767,,,"Direct",1885,1762,1868,
- -,SJU,FRA,Condor Flugdienst (DE),Condor Flugdienst,4567,09:38,,,,,767,,,"Direct",2890,340,1868,
- -,SPC,FRA,Condor Flugdienst (DE),Condor Flugdienst,2019,04:32,,,,,738,,,"Direct",1053,340,1868,
- -,SPC,MUC,Condor Flugdienst (DE),Condor Flugdienst,2075,04:39,,,,,32S,,,"Direct",1053,346,1868,
- -,SPU,FRA,Condor Flugdienst (DE),Condor Flugdienst,577,01:39,,,,,32S,,,"Direct",1206,340,1868,
- -,SSA,FRA,Condor Flugdienst (DE),Condor Flugdienst,5187,10:52,,,,,767,,,"Direct",2621,340,1868,
- -,STR,ACE,Condor Flugdienst (DE),Condor Flugdienst,1820,04:08,,,,,32S,,,"Direct",350,1055,1868,
- -,STR,AYT,Condor Flugdienst (DE),Condor Flugdienst,1355,03:12,,,,,757,,,"Direct",350,1688,1868,
- -,STR,DLM,Condor Flugdienst (DE),Condor Flugdienst,1285,03:04,,,,,32S,,,"Direct",350,1715,1868,
- -,STR,FNC,Condor Flugdienst (DE),Condor Flugdienst,1737,03:58,,,,,32S,,,"Direct",350,4091,1868,
- -,STR,FUE,Condor Flugdienst (DE),Condor Flugdienst,1857,04:12,,,,,32S,,,"Direct",350,1051,1868,
- -,STR,HER,Condor Flugdienst (DE),Condor Flugdienst,1227,02:57,,,,,32S,,,"Direct",350,1452,1868,
- -,STR,KGS,Condor Flugdienst (DE),Condor Flugdienst,1217,02:56,,,,,32S,,,"Direct",350,1458,1868,
- -,STR,LPA,Condor Flugdienst (DE),Condor Flugdienst,1940,04:22,,,,,32S,,,"Direct",350,1054,1868,
- -,STR,PMI,Condor Flugdienst (DE),Condor Flugdienst,707,01:54,,,,,32S,,,"Direct",350,3998,1868,
- -,STR,RHO,Condor Flugdienst (DE),Condor Flugdienst,1274,03:02,,,,,32S,,,"Direct",350,1472,1868,
- -,STR,TFS,Condor Flugdienst (DE),Condor Flugdienst,1977,04:27,,,,,32S,,,"Direct",350,1056,1868,
- -,STR,XRY,Condor Flugdienst (DE),Condor Flugdienst,1127,02:45,,,,,32S,,,"Direct",350,1226,1868,
- -,SXF,ACE,Condor Flugdienst (DE),Condor Flugdienst,2128,04:45,,,,,32S,,,"Direct",337,1055,1868,
- -,SXF,AYT,Condor Flugdienst (DE),Condor Flugdienst,1357,03:12,,,,,757,,,"Direct",337,1688,1868,
- -,SXF,CFU,Condor Flugdienst (DE),Condor Flugdienst,933,02:21,,,,,738,,,"Direct",337,1460,1868,
- -,SXF,DLM,Condor Flugdienst (DE),Condor Flugdienst,1311,03:07,,,,,32S,,,"Direct",337,1715,1868,
- -,SXF,FUE,Condor Flugdienst (DE),Condor Flugdienst,2165,04:49,,,,,321,,,"Direct",337,1051,1868,
- -,SXF,HER,Condor Flugdienst (DE),Condor Flugdienst,1308,03:06,,,,,32S,,,"Direct",337,1452,1868,
- -,SXF,KGS,Condor Flugdienst (DE),Condor Flugdienst,1261,03:01,,,,,32S,,,"Direct",337,1458,1868,
- -,SXF,LCA,Condor Flugdienst (DE),Condor Flugdienst,1560,03:37,,,,,32S,,,"Direct",337,1197,1868,
- -,SXF,LPA,Condor Flugdienst (DE),Condor Flugdienst,2246,04:59,,,,,321,,,"Direct",337,1054,1868,
- -,SXF,PMI,Condor Flugdienst (DE),Condor Flugdienst,1023,02:32,,,,,321,,,"Direct",337,3998,1868,
- -,SXF,RHO,Condor Flugdienst (DE),Condor Flugdienst,1311,03:07,,,,,32S,,,"Direct",337,1472,1868,
- -,SXF,TFS,Condor Flugdienst (DE),Condor Flugdienst,2279,05:03,,,,,321,,,"Direct",337,1056,1868,
- -,SXF,XRY,Condor Flugdienst (DE),Condor Flugdienst,1437,03:22,,,,,32S,,,"Direct",337,1226,1868,
- -,TAB,BGI,Condor Flugdienst (DE),Condor Flugdienst,160,00:49,,,,,767,,,"Direct",2901,2875,1868,
- -,TFS,DUS,Condor Flugdienst (DE),Condor Flugdienst,2010,04:31,,,,,757,,,"Direct",1056,345,1868,
- -,TFS,FRA,Condor Flugdienst (DE),Condor Flugdienst,2011,04:31,,,,,757 738,,,"Direct",1056,340,1868,
- -,TFS,HAM,Condor Flugdienst (DE),Condor Flugdienst,2219,04:56,,,,,32S 757,,,"Direct",1056,342,1868,
- -,TFS,LEJ,Condor Flugdienst (DE),Condor Flugdienst,2196,04:53,,,,,321,,,"Direct",1056,348,1868,
- -,TFS,MUC,Condor Flugdienst (DE),Condor Flugdienst,2060,04:37,,,,,32S 757,,,"Direct",1056,346,1868,
- -,TFS,PAD,Condor Flugdienst (DE),Condor Flugdienst,2083,04:39,,,,,32S,,,"Direct",1056,371,1868,
- -,TFS,STR,Condor Flugdienst (DE),Condor Flugdienst,1977,04:27,,,,,32S,,,"Direct",1056,350,1868,
- -,TFS,SXF,Condor Flugdienst (DE),Condor Flugdienst,2279,05:03,,,,,321,,,"Direct",1056,337,1868,
- -,UVF,BGI,Condor Flugdienst (DE),Condor Flugdienst,108,00:42,,,,,330,,,"Codeshare",2894,2875,1868,
- -,VRA,FRA,Condor Flugdienst (DE),Condor Flugdienst,5010,10:31,,,,,767,,,"Direct",1923,340,1868,
- -,XRY,DUS,Condor Flugdienst (DE),Condor Flugdienst,1185,02:52,,,,,32S 757,,,"Direct",1226,345,1868,
- -,XRY,FRA,Condor Flugdienst (DE),Condor Flugdienst,1170,02:50,,,,,767 738 757,,,"Direct",1226,340,1868,
- -,XRY,HAM,Condor Flugdienst (DE),Condor Flugdienst,1396,03:17,,,,,32S,,,"Direct",1226,342,1868,
- -,XRY,MUC,Condor Flugdienst (DE),Condor Flugdienst,1205,02:54,,,,,32S,,,"Direct",1226,346,1868,
- -,XRY,STR,Condor Flugdienst (DE),Condor Flugdienst,1127,02:45,,,,,32S,,,"Direct",1226,350,1868,
- -,XRY,SXF,Condor Flugdienst (DE),Condor Flugdienst,1437,03:22,,,,,32S,,,"Direct",1226,337,1868,
- -,YHZ,FRA,Condor Flugdienst (DE),Condor Flugdienst,3251,07:00,,,,,767,,,"Direct",73,340,1868,
- -,YVR,FRA,Condor Flugdienst (DE),Condor Flugdienst,5006,10:30,,,,,767,,,"Direct",156,340,1868,
- -,ZNZ,FRA,Condor Flugdienst (DE),Condor Flugdienst,4295,09:05,,,,,767,,,"Direct",1186,340,1868,
- -,ZTH,MAN,Condor Flugdienst (DE),Condor Flugdienst,1540,03:34,,,,,757,,,"Direct",1488,478,1868,