﻿Date,From,To,Flight_Number,Airline,Distance,Duration,Seat,Seat_Type,Class,Reason,Plane,Registration,Trip,Note,From_OID,To_OID,Airline_OID,Plane_OID
- -,OPRN,DXB,Emirates (EK),Emirates,1210,02:55,,,,,77W,,,"Direct",2223,2188,2183,
- -,ABJ,ACC,Emirates (EK),Emirates,259,01:01,,,,,77W,,,"Direct",253,248,2183,
- -,ACC,ABJ,Emirates (EK),Emirates,259,01:01,,,,,77W,,,"Direct",248,253,2183,
- -,ACC,DXB,Emirates (EK),Emirates,3905,08:18,,,,,77W,,,"Direct",248,2188,2183,
- -,ADD,DXB,Emirates (EK),Emirates,1564,03:37,,,,,332,,,"Direct",1107,2188,2183,
- -,ADL,DXB,Emirates (EK),Emirates,6835,14:10,,,,,77W,,,"Direct",3341,2188,2183,
- -,AKL,BNE,Emirates (EK),Emirates,1425,03:21,,,,,388,,,"Direct",2006,3320,2183,
- -,AKL,MEL,Emirates (EK),Emirates,1637,03:46,,,,,388,,,"Direct",2006,3339,2183,
- -,AKL,SYD,Emirates (EK),Emirates,1341,03:10,,,,,388,,,"Direct",2006,3361,2183,
- -,ALG,DXB,Emirates (EK),Emirates,3147,06:47,,,,,77W,,,"Direct",210,2188,2183,
- -,AMD,DXB,Emirates (EK),Emirates,1097,02:41,,,,,332,,,"Direct",2994,2188,2183,
- -,AMM,DXB,Emirates (EK),Emirates,1255,03:00,,,,,773 77W 772,,,"Direct",2170,2188,2183,
- -,AMS,DXB,Emirates (EK),Emirates,3209,06:55,,,,,388,,,"Direct",580,2188,2183,
- -,ARN,DXB,Emirates (EK),Emirates,2971,06:26,,,,,77W,,,"Direct",737,2188,2183,
- -,ATH,DXB,Emirates (EK),Emirates,2031,04:33,,,,,77W,,,"Direct",3941,2188,2183,
- -,BAH,DXB,Emirates (EK),Emirates,302,01:06,,,,,332 772 773,,,"Direct",2057,2188,2183,
- -,BCN,DXB,Emirates (EK),Emirates,3214,06:55,,,,,388,,,"Direct",1218,2188,2183,
- -,BEY,DXB,Emirates (EK),Emirates,1329,03:09,,,,,773,,,"Direct",2177,2188,2183,
- -,BGW,DXB,Emirates (EK),Emirates,868,02:14,,,,,332,,,"Direct",4130,2188,2183,
- -,BHX,DXB,Emirates (EK),Emirates,3479,07:27,,,,,77W,,,"Direct",469,2188,2183,
- -,BKK,DXB,Emirates (EK),Emirates,3045,06:35,,,,,388 77W,,,"Direct",3885,2188,2183,
- -,BKK,HKG,Emirates (EK),Emirates,1049,02:35,,,,,388,,,"Direct",3885,3077,2183,
- -,BKK,SYD,Emirates (EK),Emirates,4666,09:49,,,,,77W,,,"Direct",3885,3361,2183,
- -,BLR,DXB,Emirates (EK),Emirates,1673,03:50,,,,,773,,,"Direct",3131,2188,2183,
- -,BNE,AKL,Emirates (EK),Emirates,1425,03:21,,,,,388,,,"Direct",3320,2006,2183,
- -,BNE,BKQ,Emirates (EK),Emirates,519,01:32,,,,,DH4,,,"Codeshare",3320,4217,2183,
- -,BNE,DXB,Emirates (EK),Emirates,7439,15:22,,,,,388,,,"Direct",3320,2188,2183,
- -,BNE,LRE,Emirates (EK),Emirates,614,01:43,,,,,DH4,,,"Codeshare",3320,6289,2183,
- -,BNE,ROK,Emirates (EK),Emirates,321,01:08,,,,,DH8 DH4,,,"Codeshare",3320,3329,2183,
- -,BNE,SIN,Emirates (EK),Emirates,3814,08:07,,,,,77W,,,"Direct",3320,3316,2183,
- -,BOM,DXB,Emirates (EK),Emirates,1196,02:53,,,,,77W 772 73H 332 773,,,"Direct",2997,2188,2183,
- -,BOS,DXB,Emirates (EK),Emirates,6646,13:47,,,,,77L,,,"Direct",3448,2188,2183,
- -,BSR,DXB,Emirates (EK),Emirates,595,01:41,,,,,332,,,"Direct",2234,2188,2183,
- -,CAI,DXB,Emirates (EK),Emirates,1500,03:30,,,,,773 772,,,"Direct",1128,2188,2183,
- -,CAN,DXB,Emirates (EK),Emirates,3618,07:44,,,,,77W,,,"Direct",3370,2188,2183,
- -,CCJ,DXB,Emirates (EK),Emirates,1661,03:49,,,,,332 772,,,"Direct",3137,2188,2183,
- -,CCU,DXB,Emirates (EK),Emirates,2090,04:40,,,,,332,,,"Direct",3043,2188,2183,
- -,CDG,DXB,Emirates (EK),Emirates,3253,07:00,,,,,77W 388,,,"Direct",1382,2188,2183,
- -,CGK,DXB,Emirates (EK),Emirates,4065,08:37,,,,,77W,,,"Direct",3275,2188,2183,
- -,CHC,SYD,Emirates (EK),Emirates,1320,03:08,,,,,77W,,,"Direct",2009,3361,2183,
- -,CMB,DXB,Emirates (EK),Emirates,2042,04:35,,,,,77W,,,"Direct",3024,2188,2183,
- -,CMB,MLE,Emirates (EK),Emirates,482,01:27,,,,,773,,,"Direct",3024,3156,2183,
- -,CMN,DXB,Emirates (EK),Emirates,3776,08:03,,,,,77W,,,"Direct",1074,2188,2183,
- -,CNS,GOV,Emirates (EK),Emirates,676,01:51,,,,,717,,,"Codeshare",3322,6316,2183,
- -,COK,DXB,Emirates (EK),Emirates,1728,03:57,,,,,772 773 332,,,"Direct",3136,2188,2183,
- -,CPH,DXB,Emirates (EK),Emirates,2992,06:29,,,,,77W,,,"Direct",609,2188,2183,
- -,CPT,DXB,Emirates (EK),Emirates,4746,09:59,,,,,77W,,,"Direct",797,2188,2183,
- -,DAC,DXB,Emirates (EK),Emirates,2196,04:53,,,,,77W,,,"Direct",3076,2188,2183,
- -,DAR,DXB,Emirates (EK),Emirates,2470,05:26,,,,,773,,,"Direct",1177,2188,2183,
- -,DEL,DXB,Emirates (EK),Emirates,1356,03:12,,,,,773 772 73H 77W,,,"Direct",3093,2188,2183,
- -,DFW,DXB,Emirates (EK),Emirates,8023,16:32,,,,,77L,,,"Direct",3670,2188,2183,
- -,DKR,DXB,Emirates (EK),Emirates,4730,09:57,,,,,343,,,"Direct",1084,2188,2183,
- -,DME,DXB,Emirates (EK),Emirates,2261,05:01,,,,,388,,,"Direct",4029,2188,2183,
- -,DMM,DXB,Emirates (EK),Emirates,355,01:12,,,,,332 773 772,,,"Direct",2064,2188,2183,
- -,DOH,DXB,Emirates (EK),Emirates,234,00:58,,,,,772 77W 773 332,,,"Direct",11051,2188,2183,
- -,DRW,ASP,Emirates (EK),Emirates,811,02:07,,,,,717,,,"Codeshare",3999,3319,2183,
- -,DRW,GOV,Emirates (EK),Emirates,400,01:18,,,,,717,,,"Codeshare",3999,6316,2183,
- -,DUB,DXB,Emirates (EK),Emirates,3675,07:51,,,,,77W,,,"Direct",599,2188,2183,
- -,DUR,DXB,Emirates (EK),Emirates,4115,08:43,,,,,77W,,,"Direct",799,2188,2183,
- -,DUS,DXB,Emirates (EK),Emirates,3108,06:42,,,,,77W,,,"Direct",345,2188,2183,
- -,DXB,OPRN,Emirates (EK),Emirates,1210,02:55,,,,,77W,,,"Direct",2188,2223,2183,
- -,DXB,ACC,Emirates (EK),Emirates,3905,08:18,,,,,77W,,,"Direct",2188,248,2183,
- -,DXB,ADD,Emirates (EK),Emirates,1564,03:37,,,,,332,,,"Direct",2188,1107,2183,
- -,DXB,ADL,Emirates (EK),Emirates,6835,14:10,,,,,77W,,,"Direct",2188,3341,2183,
- -,DXB,ALG,Emirates (EK),Emirates,3147,06:47,,,,,77W,,,"Direct",2188,210,2183,
- -,DXB,AMD,Emirates (EK),Emirates,1097,02:41,,,,,332,,,"Direct",2188,2994,2183,
- -,DXB,AMM,Emirates (EK),Emirates,1255,03:00,,,,,773 77W 772,,,"Direct",2188,2170,2183,
- -,DXB,AMS,Emirates (EK),Emirates,3209,06:55,,,,,388,,,"Direct",2188,580,2183,
- -,DXB,ARN,Emirates (EK),Emirates,2971,06:26,,,,,77W,,,"Direct",2188,737,2183,
- -,DXB,ATH,Emirates (EK),Emirates,2031,04:33,,,,,77W,,,"Direct",2188,3941,2183,
- -,DXB,BAH,Emirates (EK),Emirates,302,01:06,,,,,332 772 773,,,"Direct",2188,2057,2183,
- -,DXB,BCN,Emirates (EK),Emirates,3214,06:55,,,,,388,,,"Direct",2188,1218,2183,
- -,DXB,BEY,Emirates (EK),Emirates,1329,03:09,,,,,773,,,"Direct",2188,2177,2183,
- -,DXB,BGW,Emirates (EK),Emirates,868,02:14,,,,,332,,,"Direct",2188,4130,2183,
- -,DXB,BHX,Emirates (EK),Emirates,3479,07:27,,,,,77W,,,"Direct",2188,469,2183,
- -,DXB,BKK,Emirates (EK),Emirates,3045,06:35,,,,,388 77W,,,"Direct",2188,3885,2183,
- -,DXB,BLR,Emirates (EK),Emirates,1673,03:50,,,,,773,,,"Direct",2188,3131,2183,
- -,DXB,BNE,Emirates (EK),Emirates,7439,15:22,,,,,388,,,"Direct",2188,3320,2183,
- -,DXB,BOM,Emirates (EK),Emirates,1196,02:53,,,,,772 332 77W 73H 773,,,"Direct",2188,2997,2183,
- -,DXB,BOS,Emirates (EK),Emirates,6646,13:47,,,,,77L,,,"Direct",2188,3448,2183,
- -,DXB,BSR,Emirates (EK),Emirates,595,01:41,,,,,332,,,"Direct",2188,2234,2183,
- -,DXB,CAI,Emirates (EK),Emirates,1500,03:30,,,,,773 772,,,"Direct",2188,1128,2183,
- -,DXB,CAN,Emirates (EK),Emirates,3618,07:44,,,,,77W,,,"Direct",2188,3370,2183,
- -,DXB,CCJ,Emirates (EK),Emirates,1661,03:49,,,,,332 772,,,"Direct",2188,3137,2183,
- -,DXB,CCU,Emirates (EK),Emirates,2090,04:40,,,,,332,,,"Direct",2188,3043,2183,
- -,DXB,CDG,Emirates (EK),Emirates,3253,07:00,,,,,77W 388,,,"Direct",2188,1382,2183,
- -,DXB,CGK,Emirates (EK),Emirates,4065,08:37,,,,,77W,,,"Direct",2188,3275,2183,
- -,DXB,CMB,Emirates (EK),Emirates,2042,04:35,,,,,77W,,,"Direct",2188,3024,2183,
- -,DXB,CMN,Emirates (EK),Emirates,3776,08:03,,,,,77W,,,"Direct",2188,1074,2183,
- -,DXB,COK,Emirates (EK),Emirates,1728,03:57,,,,,772 773 332,,,"Direct",2188,3136,2183,
- -,DXB,CPH,Emirates (EK),Emirates,2992,06:29,,,,,77W,,,"Direct",2188,609,2183,
- -,DXB,CPT,Emirates (EK),Emirates,4746,09:59,,,,,77W,,,"Direct",2188,797,2183,
- -,DXB,DAC,Emirates (EK),Emirates,2196,04:53,,,,,77W,,,"Direct",2188,3076,2183,
- -,DXB,DAR,Emirates (EK),Emirates,2470,05:26,,,,,773,,,"Direct",2188,1177,2183,
- -,DXB,DEL,Emirates (EK),Emirates,1356,03:12,,,,,772 73H 77W 773,,,"Direct",2188,3093,2183,
- -,DXB,DFW,Emirates (EK),Emirates,8023,16:32,,,,,77L,,,"Direct",2188,3670,2183,
- -,DXB,DKR,Emirates (EK),Emirates,4730,09:57,,,,,343,,,"Direct",2188,1084,2183,
- -,DXB,DME,Emirates (EK),Emirates,2261,05:01,,,,,388,,,"Direct",2188,4029,2183,
- -,DXB,DMM,Emirates (EK),Emirates,355,01:12,,,,,332 773 772,,,"Direct",2188,2064,2183,
- -,DXB,DOH,Emirates (EK),Emirates,234,00:58,,,,,772 77W 773 332,,,"Direct",2188,11051,2183,
- -,DXB,DUB,Emirates (EK),Emirates,3675,07:51,,,,,77W,,,"Direct",2188,599,2183,
- -,DXB,DUR,Emirates (EK),Emirates,4115,08:43,,,,,77W,,,"Direct",2188,799,2183,
- -,DXB,DUS,Emirates (EK),Emirates,3108,06:42,,,,,77W,,,"Direct",2188,345,2183,
- -,DXB,EBB,Emirates (EK),Emirates,2317,05:08,,,,,345,,,"Direct",2188,1187,2183,
- -,DXB,EBL,Emirates (EK),Emirates,1014,02:31,,,,,332,,,"Direct",2188,3989,2183,
- -,DXB,FCO,Emirates (EK),Emirates,2697,05:53,,,,,388 77W,,,"Direct",2188,1555,2183,
- -,DXB,FRA,Emirates (EK),Emirates,3007,06:30,,,,,77W,,,"Direct",2188,340,2183,
- -,DXB,GIG,Emirates (EK),Emirates,7380,15:15,,,,,77W,,,"Direct",2188,2560,2183,
- -,DXB,GLA,Emirates (EK),Emirates,3627,07:45,,,,,77W 77L,,,"Direct",2188,534,2183,
- -,DXB,GRU,Emirates (EK),Emirates,7587,15:40,,,,,77W,,,"Direct",2188,2564,2183,
- -,DXB,GVA,Emirates (EK),Emirates,3055,06:36,,,,,77L 77W,,,"Direct",2188,1665,2183,
- -,DXB,HAM,Emirates (EK),Emirates,3033,06:33,,,,,77W,,,"Direct",2188,342,2183,
- -,DXB,HKG,Emirates (EK),Emirates,3676,07:51,,,,,388 77W,,,"Direct",2188,3077,2183,
- -,DXB,HKT,Emirates (EK),Emirates,3059,06:37,,,,,77W,,,"Direct",2188,3179,2183,
- -,DXB,HND,Emirates (EK),Emirates,4927,10:21,,,,,77L,,,"Direct",2188,2359,2183,
- -,DXB,IAD,Emirates (EK),Emirates,7051,14:36,,,,,77W,,,"Direct",2188,3714,2183,
- -,DXB,IAH,Emirates (EK),Emirates,8150,16:48,,,,,77W,,,"Direct",2188,3550,2183,
- -,DXB,ICN,Emirates (EK),Emirates,4178,08:51,,,,,388,,,"Direct",2188,3930,2183,
- -,DXB,IKA,Emirates (EK),Emirates,745,01:59,,,,,772 77W 332,,,"Direct",2188,4330,2183,
- -,DXB,ISL,Emirates (EK),Emirates,1868,04:14,,,,,77W,,,"Direct",2188,1701,2183,
- -,DXB,JED,Emirates (EK),Emirates,1055,02:36,,,,,388,,,"Direct",2188,2072,2183,
- -,DXB,JFK,Emirates (EK),Emirates,6832,14:09,,,,,388,,,"Direct",2188,3797,2183,
- -,DXB,JNB,Emirates (EK),Emirates,3982,08:27,,,,,77W,,,"Direct",2188,813,2183,
- -,DXB,KBL,Emirates (EK),Emirates,1047,02:35,,,,,345,,,"Direct",2188,2050,2183,
- -,DXB,KBP,Emirates (EK),Emirates,2166,04:49,,,,,345,,,"Direct",2188,2939,2183,
- -,DXB,KHI,Emirates (EK),Emirates,737,01:58,,,,,77W,,,"Direct",2188,2206,2183,
- -,DXB,KIX,Emirates (EK),Emirates,4705,09:54,,,,,77W,,,"Direct",2188,3992,2183,
- -,DXB,KRT,Emirates (EK),Emirates,1616,03:43,,,,,332,,,"Direct",2188,1175,2183,
- -,DXB,KUL,Emirates (EK),Emirates,3446,07:23,,,,,77W 773,,,"Direct",2188,3304,2183,
- -,DXB,KWI,Emirates (EK),Emirates,530,01:33,,,,,77W 772 332 773,,,"Direct",2188,2176,2183,
- -,DXB,LAD,Emirates (EK),Emirates,3683,07:51,,,,,77W 332 77L,,,"Direct",2188,951,2183,
- -,DXB,LAX,Emirates (EK),Emirates,8321,17:08,,,,,388,,,"Direct",2188,3484,2183,
- -,DXB,LCA,Emirates (EK),Emirates,1454,03:24,,,,,773,,,"Direct",2188,1197,2183,
- -,DXB,LED,Emirates (EK),Emirates,2670,05:50,,,,,77L 77W,,,"Direct",2188,2948,2183,
- -,DXB,LGW,Emirates (EK),Emirates,3398,07:17,,,,,77W 388,,,"Direct",2188,502,2183,
- -,DXB,LHE,Emirates (EK),Emirates,1232,02:57,,,,,77W,,,"Direct",2188,2207,2183,
- -,DXB,LHR,Emirates (EK),Emirates,3414,07:19,,,,,388,,,"Direct",2188,507,2183,
- -,DXB,LIS,Emirates (EK),Emirates,3811,08:07,,,,,77W,,,"Direct",2188,1638,2183,
- -,DXB,LOS,Emirates (EK),Emirates,3661,07:49,,,,,77W,,,"Direct",2188,273,2183,
- -,DXB,LUN,Emirates (EK),Emirates,3336,07:10,,,,,343,,,"Direct",2188,907,2183,
- -,DXB,LYS,Emirates (EK),Emirates,3097,06:41,,,,,77L,,,"Direct",2188,1335,2183,
- -,DXB,MAA,Emirates (EK),Emirates,1821,04:08,,,,,77W 772 332 773,,,"Direct",2188,3144,2183,
- -,DXB,MAD,Emirates (EK),Emirates,3508,07:30,,,,,77W,,,"Direct",2188,1229,2183,
- -,DXB,MAN,Emirates (EK),Emirates,3512,07:31,,,,,77W 388,,,"Direct",2188,478,2183,
- -,DXB,MCT,Emirates (EK),Emirates,216,00:55,,,,,738 332 E75 73H 77W 772 E90,,,"Direct",2188,2194,2183,
- -,DXB,MED,Emirates (EK),Emirates,981,02:27,,,,,332,,,"Direct",2188,2074,2183,
- -,DXB,MEL,Emirates (EK),Emirates,7231,14:57,,,,,388,,,"Direct",2188,3339,2183,
- -,DXB,MLA,Emirates (EK),Emirates,2519,05:32,,,,,773,,,"Direct",2188,1606,2183,
- -,DXB,MLE,Emirates (EK),Emirates,1888,04:16,,,,,773 77W,,,"Direct",2188,3156,2183,
- -,DXB,MNL,Emirates (EK),Emirates,4288,09:04,,,,,77W,,,"Direct",2188,2397,2183,
- -,DXB,MRU,Emirates (EK),Emirates,3158,06:48,,,,,388 77W,,,"Direct",2188,893,2183,
- -,DXB,MUC,Emirates (EK),Emirates,2834,06:10,,,,,388,,,"Direct",2188,346,2183,
- -,DXB,MXP,Emirates (EK),Emirates,2923,06:20,,,,,77W 773,,,"Direct",2188,1524,2183,
- -,DXB,NBO,Emirates (EK),Emirates,2210,04:55,,,,,77W 77L,,,"Direct",2188,4059,2183,
- -,DXB,NCE,Emirates (EK),Emirates,2970,06:26,,,,,77W,,,"Direct",2188,1354,2183,
- -,DXB,NCL,Emirates (EK),Emirates,3510,07:31,,,,,77W,,,"Direct",2188,521,2183,
- -,DXB,NRT,Emirates (EK),Emirates,4955,10:24,,,,,77W,,,"Direct",2188,2279,2183,
- -,DXB,PEK,Emirates (EK),Emirates,3629,07:45,,,,,388 77W,,,"Direct",2188,3364,2183,
- -,DXB,PER,Emirates (EK),Emirates,5614,11:43,,,,,77W,,,"Direct",2188,3351,2183,
- -,DXB,PEW,Emirates (EK),Emirates,1139,02:46,,,,,772 332,,,"Direct",2188,2219,2183,
- -,DXB,PRG,Emirates (EK),Emirates,2772,06:02,,,,,77W,,,"Direct",2188,1587,2183,
- -,DXB,PVG,Emirates (EK),Emirates,4004,08:30,,,,,388 77W,,,"Direct",2188,3406,2183,
- -,DXB,RUH,Emirates (EK),Emirates,542,01:35,,,,,77W 773 772,,,"Direct",2188,2082,2183,
- -,DXB,SAH,Emirates (EK),Emirates,987,02:28,,,,,332,,,"Direct",2188,3980,2183,
- -,DXB,SEA,Emirates (EK),Emirates,7407,15:18,,,,,77W,,,"Direct",2188,3577,2183,
- -,DXB,SEZ,Emirates (EK),Emirates,2066,04:37,,,,,77W,,,"Direct",2188,994,2183,
- -,DXB,SFO,Emirates (EK),Emirates,8085,16:40,,,,,77W,,,"Direct",2188,3469,2183,
- -,DXB,SGN,Emirates (EK),Emirates,3489,07:28,,,,,772,,,"Direct",2188,3205,2183,
- -,DXB,SIN,Emirates (EK),Emirates,3630,07:45,,,,,77W 388,,,"Direct",2188,3316,2183,
- -,DXB,SKT,Emirates (EK),Emirates,1251,03:00,,,,,332,,,"Direct",2188,6776,2183,
- -,DXB,SYD,Emirates (EK),Emirates,7479,15:27,,,,,388,,,"Direct",2188,3361,2183,
- -,DXB,TPE,Emirates (EK),Emirates,4071,08:38,,,,,77W,,,"Direct",2188,2276,2183,
- -,DXB,TRV,Emirates (EK),Emirates,1830,04:09,,,,,332,,,"Direct",2188,3153,2183,
- -,DXB,TUN,Emirates (EK),Emirates,2760,06:01,,,,,773,,,"Direct",2188,287,2183,
- -,DXB,VCE,Emirates (EK),Emirates,2751,06:00,,,,,77W,,,"Direct",2188,1551,2183,
- -,DXB,VIE,Emirates (EK),Emirates,2622,05:44,,,,,77W,,,"Direct",2188,1613,2183,
- -,DXB,WAW,Emirates (EK),Emirates,2580,05:39,,,,,332,,,"Direct",2188,679,2183,
- -,DXB,YYZ,Emirates (EK),Emirates,6882,14:15,,,,,388,,,"Direct",2188,193,2183,
- -,DXB,ZRH,Emirates (EK),Emirates,2960,06:25,,,,,388 77W,,,"Direct",2188,1678,2183,
- -,EBB,DXB,Emirates (EK),Emirates,2317,05:08,,,,,345,,,"Direct",1187,2188,2183,
- -,EBL,DXB,Emirates (EK),Emirates,1014,02:31,,,,,332,,,"Direct",3989,2188,2183,
- -,EZE,GIG,Emirates (EK),Emirates,1239,02:58,,,,,77W,,,"Direct",3988,2560,2183,
- -,FCO,DXB,Emirates (EK),Emirates,2697,05:53,,,,,388 77W,,,"Direct",1555,2188,2183,
- -,FRA,DXB,Emirates (EK),Emirates,3007,06:30,,,,,77W,,,"Direct",340,2188,2183,
- -,GIG,DXB,Emirates (EK),Emirates,7380,15:15,,,,,77W,,,"Direct",2560,2188,2183,
- -,GIG,EZE,Emirates (EK),Emirates,1239,02:58,,,,,77W,,,"Direct",2560,3988,2183,
- -,GLA,DXB,Emirates (EK),Emirates,3627,07:45,,,,,77W 77L,,,"Direct",534,2188,2183,
- -,GRU,DXB,Emirates (EK),Emirates,7587,15:40,,,,,77W,,,"Direct",2564,2188,2183,
- -,GVA,DXB,Emirates (EK),Emirates,3055,06:36,,,,,77L 77W,,,"Direct",1665,2188,2183,
- -,HAM,DXB,Emirates (EK),Emirates,3033,06:33,,,,,77W,,,"Direct",342,2188,2183,
- -,HKG,BKK,Emirates (EK),Emirates,1049,02:35,,,,,388,,,"Direct",3077,3885,2183,
- -,HKG,DXB,Emirates (EK),Emirates,3676,07:51,,,,,388 77W,,,"Direct",3077,2188,2183,
- -,HKT,DXB,Emirates (EK),Emirates,3059,06:37,,,,,77W,,,"Direct",3179,2188,2183,
- -,HND,DXB,Emirates (EK),Emirates,4927,10:21,,,,,77L,,,"Direct",2359,2188,2183,
- -,HRE,LUN,Emirates (EK),Emirates,250,01:00,,,,,343,,,"Direct",1005,907,2183,
- -,IAD,DXB,Emirates (EK),Emirates,7051,14:36,,,,,77W,,,"Direct",3714,2188,2183,
- -,IAH,DXB,Emirates (EK),Emirates,8150,16:48,,,,,77W,,,"Direct",3550,2188,2183,
- -,ICN,DXB,Emirates (EK),Emirates,4178,08:51,,,,,388,,,"Direct",3930,2188,2183,
- -,IKA,DXB,Emirates (EK),Emirates,745,01:59,,,,,772 77W 332,,,"Direct",4330,2188,2183,
- -,ISL,DXB,Emirates (EK),Emirates,1868,04:14,,,,,77W,,,"Direct",1701,2188,2183,
- -,JED,DXB,Emirates (EK),Emirates,1055,02:36,,,,,388,,,"Direct",2072,2188,2183,
- -,JFK,DXB,Emirates (EK),Emirates,6832,14:09,,,,,388,,,"Direct",3797,2188,2183,
- -,JFK,MXP,Emirates (EK),Emirates,3982,08:27,,,,,77W,,,"Direct",3797,1524,2183,
- -,JNB,DXB,Emirates (EK),Emirates,3982,08:27,,,,,77W,,,"Direct",813,2188,2183,
- -,KBL,DXB,Emirates (EK),Emirates,1047,02:35,,,,,345,,,"Direct",2050,2188,2183,
- -,KBP,DXB,Emirates (EK),Emirates,2166,04:49,,,,,345,,,"Direct",2939,2188,2183,
- -,KHI,DXB,Emirates (EK),Emirates,737,01:58,,,,,77W,,,"Direct",2206,2188,2183,
- -,KIX,DXB,Emirates (EK),Emirates,4705,09:54,,,,,77W,,,"Direct",3992,2188,2183,
- -,KRT,DXB,Emirates (EK),Emirates,1616,03:43,,,,,332,,,"Direct",1175,2188,2183,
- -,KUL,DXB,Emirates (EK),Emirates,3446,07:23,,,,,773 77W,,,"Direct",3304,2188,2183,
- -,KUL,MEL,Emirates (EK),Emirates,3921,08:20,,,,,77W,,,"Direct",3304,3339,2183,
- -,KWI,DXB,Emirates (EK),Emirates,530,01:33,,,,,77W 772 332 773,,,"Direct",2176,2188,2183,
- -,LAD,DXB,Emirates (EK),Emirates,3683,07:51,,,,,77W 77L,,,"Direct",951,2188,2183,
- -,LAX,DXB,Emirates (EK),Emirates,8321,17:08,,,,,388,,,"Direct",3484,2188,2183,
- -,LCA,DXB,Emirates (EK),Emirates,1454,03:24,,,,,773,,,"Direct",1197,2188,2183,
- -,LCA,MLA,Emirates (EK),Emirates,1078,02:39,,,,,773,,,"Direct",1197,1606,2183,
- -,LED,DXB,Emirates (EK),Emirates,2670,05:50,,,,,77L 77W,,,"Direct",2948,2188,2183,
- -,LGW,DXB,Emirates (EK),Emirates,3398,07:17,,,,,77W 388,,,"Direct",502,2188,2183,
- -,LHE,DXB,Emirates (EK),Emirates,1232,02:57,,,,,77W,,,"Direct",2207,2188,2183,
- -,LHR,DXB,Emirates (EK),Emirates,3414,07:19,,,,,388,,,"Direct",507,2188,2183,
- -,LIS,DXB,Emirates (EK),Emirates,3811,08:07,,,,,77W,,,"Direct",1638,2188,2183,
- -,LOS,DXB,Emirates (EK),Emirates,3661,07:49,,,,,77W,,,"Direct",273,2188,2183,
- -,LUN,DXB,Emirates (EK),Emirates,3336,07:10,,,,,343,,,"Direct",907,2188,2183,
- -,LUN,HRE,Emirates (EK),Emirates,250,01:00,,,,,343,,,"Direct",907,1005,2183,
- -,LYS,DXB,Emirates (EK),Emirates,3097,06:41,,,,,77L,,,"Direct",1335,2188,2183,
- -,MAA,DXB,Emirates (EK),Emirates,1821,04:08,,,,,332 77W 772 773,,,"Direct",3144,2188,2183,
- -,MAD,DXB,Emirates (EK),Emirates,3508,07:30,,,,,77W,,,"Direct",1229,2188,2183,
- -,MAN,DXB,Emirates (EK),Emirates,3512,07:31,,,,,77W 388,,,"Direct",478,2188,2183,
- -,MCT,DXB,Emirates (EK),Emirates,216,00:55,,,,,738 332 E75 73H 77W 772 E90 73G,,,"Direct",2194,2188,2183,
- -,MED,DXB,Emirates (EK),Emirates,981,02:27,,,,,332,,,"Direct",2074,2188,2183,
- -,MEL,AKL,Emirates (EK),Emirates,1637,03:46,,,,,388,,,"Direct",3339,2006,2183,
- -,MEL,DXB,Emirates (EK),Emirates,7231,14:57,,,,,388,,,"Direct",3339,2188,2183,
- -,MEL,KUL,Emirates (EK),Emirates,3921,08:20,,,,,77W,,,"Direct",3339,3304,2183,
- -,MEL,SIN,Emirates (EK),Emirates,3746,07:59,,,,,77W,,,"Direct",3339,3316,2183,
- -,MEL,WLG,Emirates (EK),Emirates,1608,03:42,,,,,73H,,,"Codeshare",3339,2042,2183,
- -,MLA,LCA,Emirates (EK),Emirates,1078,02:39,,,,,773,,,"Direct",1606,1197,2183,
- -,MLA,TIP,Emirates (EK),Emirates,233,00:57,,,,,773,,,"Direct",1606,1157,2183,
- -,MLE,CMB,Emirates (EK),Emirates,482,01:27,,,,,773,,,"Direct",3156,3024,2183,
- -,MLE,DXB,Emirates (EK),Emirates,1888,04:16,,,,,773 77W,,,"Direct",3156,2188,2183,
- -,MNL,DXB,Emirates (EK),Emirates,4288,09:04,,,,,77W,,,"Direct",2397,2188,2183,
- -,MRU,DXB,Emirates (EK),Emirates,3158,06:48,,,,,388 77W,,,"Direct",893,2188,2183,
- -,MUC,DXB,Emirates (EK),Emirates,2834,06:10,,,,,388,,,"Direct",346,2188,2183,
- -,MXP,DXB,Emirates (EK),Emirates,2923,06:20,,,,,77W 773,,,"Direct",1524,2188,2183,
- -,MXP,JFK,Emirates (EK),Emirates,3982,08:27,,,,,77W,,,"Direct",1524,3797,2183,
- -,NBO,DXB,Emirates (EK),Emirates,2210,04:55,,,,,77W 77L,,,"Direct",4059,2188,2183,
- -,NCE,DXB,Emirates (EK),Emirates,2970,06:26,,,,,77W,,,"Direct",1354,2188,2183,
- -,NCL,DXB,Emirates (EK),Emirates,3510,07:31,,,,,77W,,,"Direct",521,2188,2183,
- -,NRT,DXB,Emirates (EK),Emirates,4955,10:24,,,,,77W,,,"Direct",2279,2188,2183,
- -,PEK,DXB,Emirates (EK),Emirates,3629,07:45,,,,,77W 388,,,"Direct",3364,2188,2183,
- -,PER,ASP,Emirates (EK),Emirates,1228,02:57,,,,,717,,,"Codeshare",3351,3319,2183,
- -,PER,DXB,Emirates (EK),Emirates,5614,11:43,,,,,77W,,,"Direct",3351,2188,2183,
- -,PER,SIN,Emirates (EK),Emirates,2428,05:21,,,,,332,,,"Codeshare",3351,3316,2183,
- -,PEW,DXB,Emirates (EK),Emirates,1139,02:46,,,,,772 332,,,"Direct",2219,2188,2183,
- -,PRG,DXB,Emirates (EK),Emirates,2772,06:02,,,,,77W,,,"Direct",1587,2188,2183,
- -,PVG,DXB,Emirates (EK),Emirates,4004,08:30,,,,,388 77W,,,"Direct",3406,2188,2183,
- -,ROK,BNE,Emirates (EK),Emirates,321,01:08,,,,,DH8 DH4,,,"Codeshare",3329,3320,2183,
- -,RUH,DXB,Emirates (EK),Emirates,542,01:35,,,,,77W 773 772,,,"Direct",2082,2188,2183,
- -,SAH,DXB,Emirates (EK),Emirates,987,02:28,,,,,332,,,"Direct",3980,2188,2183,
- -,SEA,DXB,Emirates (EK),Emirates,7407,15:18,,,,,77W,,,"Direct",3577,2188,2183,
- -,SEZ,DXB,Emirates (EK),Emirates,2066,04:37,,,,,77W,,,"Direct",994,2188,2183,
- -,SFO,DXB,Emirates (EK),Emirates,8085,16:40,,,,,77W,,,"Direct",3469,2188,2183,
- -,SGN,DXB,Emirates (EK),Emirates,3489,07:28,,,,,772,,,"Direct",3205,2188,2183,
- -,SIN,BNE,Emirates (EK),Emirates,3814,08:07,,,,,77W,,,"Direct",3316,3320,2183,
- -,SIN,DXB,Emirates (EK),Emirates,3630,07:45,,,,,77W 388,,,"Direct",3316,2188,2183,
- -,SIN,MEL,Emirates (EK),Emirates,3746,07:59,,,,,77W,,,"Direct",3316,3339,2183,
- -,SIN,PER,Emirates (EK),Emirates,2428,05:21,,,,,332,,,"Codeshare",3316,3351,2183,
- -,SIN,SYD,Emirates (EK),Emirates,3908,08:18,,,,,333 744,,,"Codeshare",3316,3361,2183,
- -,SKT,DXB,Emirates (EK),Emirates,1251,03:00,,,,,332,,,"Direct",6776,2188,2183,
- -,SYD,AKL,Emirates (EK),Emirates,1341,03:10,,,,,388,,,"Direct",3361,2006,2183,
- -,SYD,BKK,Emirates (EK),Emirates,4666,09:49,,,,,77W,,,"Direct",3361,3885,2183,
- -,SYD,CHC,Emirates (EK),Emirates,1320,03:08,,,,,77W,,,"Direct",3361,2009,2183,
- -,SYD,DXB,Emirates (EK),Emirates,7479,15:27,,,,,388,,,"Direct",3361,2188,2183,
- -,SYD,SIN,Emirates (EK),Emirates,3908,08:18,,,,,333 744,,,"Codeshare",3361,3316,2183,
- -,SYD,WLG,Emirates (EK),Emirates,1383,03:15,,,,,73H,,,"Codeshare",3361,2042,2183,
- -,SYD,ZQN,Emirates (EK),Emirates,1204,02:54,,,,,73H,,,"Codeshare",3361,2030,2183,
- -,TIP,DXB,Emirates (EK),Emirates,2583,05:39,,,,,773,,,"Direct",1157,2188,2183,
- -,TPE,DXB,Emirates (EK),Emirates,4071,08:38,,,,,77W,,,"Direct",2276,2188,2183,
- -,TRV,DXB,Emirates (EK),Emirates,1830,04:09,,,,,332,,,"Direct",3153,2188,2183,
- -,TUN,DXB,Emirates (EK),Emirates,2760,06:01,,,,,773,,,"Direct",287,2188,2183,
- -,VCE,DXB,Emirates (EK),Emirates,2751,06:00,,,,,77W,,,"Direct",1551,2188,2183,
- -,VIE,DXB,Emirates (EK),Emirates,2622,05:44,,,,,77W,,,"Direct",1613,2188,2183,
- -,WAW,DXB,Emirates (EK),Emirates,2580,05:39,,,,,332,,,"Direct",679,2188,2183,
- -,WLG,MEL,Emirates (EK),Emirates,1608,03:42,,,,,73H,,,"Codeshare",2042,3339,2183,
- -,WLG,SYD,Emirates (EK),Emirates,1383,03:15,,,,,73H,,,"Codeshare",2042,3361,2183,
- -,YYZ,DXB,Emirates (EK),Emirates,6882,14:15,,,,,388,,,"Direct",193,2188,2183,
- -,ZQN,SYD,Emirates (EK),Emirates,1204,02:54,,,,,73H,,,"Codeshare",2030,3361,2183,
- -,ZRH,DXB,Emirates (EK),Emirates,2960,06:25,,,,,388 77W,,,"Direct",1678,2188,2183,