﻿Date,From,To,Flight_Number,Airline,Distance,Duration,Seat,Seat_Type,Class,Reason,Plane,Registration,Trip,Note,From_OID,To_OID,Airline_OID,Plane_OID
- -,ABJ,CKY,Ethiopian Airlines (ET),Ethiopian Airlines,726,01:57,,,,,DH8,,,"Direct",253,4162,2220,
- -,ABJ,COO,Ethiopian Airlines (ET),Ethiopian Airlines,440,01:22,,,,,73W 752,,,"Direct",253,245,2220,
- -,ABJ,LFW,Ethiopian Airlines (ET),Ethiopian Airlines,361,01:13,,,,,DH8,,,"Direct",253,298,2220,
- -,ABJ,LOS,Ethiopian Airlines (ET),Ethiopian Airlines,506,01:30,,,,,DH8,,,"Codeshare",253,273,2220,
- -,ABJ,OUA,Ethiopian Airlines (ET),Ethiopian Airlines,516,01:31,,,,,752,,,"Direct",253,246,2220,
- -,ABV,ADD,Ethiopian Airlines (ET),Ethiopian Airlines,2150,04:48,,,,,77L,,,"Direct",260,1107,2220,
- -,ABV,COO,Ethiopian Airlines (ET),Ethiopian Airlines,380,01:15,,,,,DH8,,,"Codeshare",260,245,2220,
- -,ABV,LFW,Ethiopian Airlines (ET),Ethiopian Airlines,455,01:24,,,,,DH8,,,"Codeshare",260,298,2220,
- -,ABV,NDJ,Ethiopian Airlines (ET),Ethiopian Airlines,569,01:38,,,,,DH8,,,"Codeshare",260,999,2220,
- -,ABV,NIM,Ethiopian Airlines (ET),Ethiopian Airlines,462,01:25,,,,,DH8,,,"Codeshare",260,280,2220,
- -,ACC,ADD,Ethiopian Airlines (ET),Ethiopian Airlines,2677,05:51,,,,,738,,,"Direct",248,1107,2220,
- -,ACC,FNA,Ethiopian Airlines (ET),Ethiopian Airlines,916,02:19,,,,,DH8,,,"Codeshare",248,1059,2220,
- -,ACC,LFW,Ethiopian Airlines (ET),Ethiopian Airlines,105,00:42,,,,,DH8,,,"Codeshare",248,298,2220,
- -,ACC,MLW,Ethiopian Airlines (ET),Ethiopian Airlines,728,01:57,,,,,DH8,,,"Codeshare",248,1062,2220,
- -,ADD,ABV,Ethiopian Airlines (ET),Ethiopian Airlines,2150,04:48,,,,,77L,,,"Direct",1107,260,2220,
- -,ADD,ACC,Ethiopian Airlines (ET),Ethiopian Airlines,2677,05:51,,,,,738,,,"Direct",1107,248,2220,
- -,ADD,AMH,Ethiopian Airlines (ET),Ethiopian Airlines,219,00:56,,,,,DH8,,,"Direct",1107,1109,2220,
- -,ADD,ASO,Ethiopian Airlines (ET),Ethiopian Airlines,295,01:05,,,,,DH8,,,"Direct",1107,1119,2220,
- -,ADD,AXU,Ethiopian Airlines (ET),Ethiopian Airlines,356,01:12,,,,,DH8,,,"Direct",1107,1110,2220,
- -,ADD,BEY,Ethiopian Airlines (ET),Ethiopian Airlines,1728,03:57,,,,,738,,,"Direct",1107,2177,2220,
- -,ADD,BJR,Ethiopian Airlines (ET),Ethiopian Airlines,207,00:54,,,,,DH8,,,"Direct",1107,1111,2220,
- -,ADD,BKK,Ethiopian Airlines (ET),Ethiopian Airlines,4196,08:53,,,,,763,,,"Direct",1107,3885,2220,
- -,ADD,BKO,Ethiopian Airlines (ET),Ethiopian Airlines,3177,06:51,,,,,763,,,"Direct",1107,1044,2220,
- -,ADD,BOM,Ethiopian Airlines (ET),Ethiopian Airlines,2381,05:15,,,,,788,,,"Direct",1107,2997,2220,
- -,ADD,CAI,Ethiopian Airlines (ET),Ethiopian Airlines,1536,03:34,,,,,73W 738,,,"Direct",1107,1128,2220,
- -,ADD,CAN,Ethiopian Airlines (ET),Ethiopian Airlines,4991,10:28,,,,,77W,,,"Direct",1107,3370,2220,
- -,ADD,CDG,Ethiopian Airlines (ET),Ethiopian Airlines,3465,07:25,,,,,763,,,"Direct",1107,1382,2220,
- -,ADD,COO,Ethiopian Airlines (ET),Ethiopian Airlines,2497,05:29,,,,,73W 752,,,"Direct",1107,245,2220,
- -,ADD,DAR,Ethiopian Airlines (ET),Ethiopian Airlines,1095,02:41,,,,,738 73W,,,"Direct",1107,1177,2220,
- -,ADD,DEL,Ethiopian Airlines (ET),Ethiopian Airlines,2827,06:09,,,,,752,,,"Direct",1107,3093,2220,
- -,ADD,DIR,Ethiopian Airlines (ET),Ethiopian Airlines,212,00:55,,,,,DH8 73W,,,"Direct",1107,1112,2220,
- -,ADD,DLA,Ethiopian Airlines (ET),Ethiopian Airlines,2023,04:32,,,,,763,,,"Direct",1107,897,2220,
- -,ADD,DMM,Ethiopian Airlines (ET),Ethiopian Airlines,1406,03:18,,,,,73W,,,"Direct",1107,2064,2220,
- -,ADD,DXB,Ethiopian Airlines (ET),Ethiopian Airlines,1564,03:37,,,,,77L 738 788 763,,,"Direct",1107,2188,2220,
- -,ADD,EBB,Ethiopian Airlines (ET),Ethiopian Airlines,756,02:00,,,,,763 73W,,,"Direct",1107,1187,2220,
- -,ADD,ENU,Ethiopian Airlines (ET),Ethiopian Airlines,2143,04:47,,,,,752,,,"Direct",1107,264,2220,
- -,ADD,FBM,Ethiopian Airlines (ET),Ethiopian Airlines,1617,03:44,,,,,738 73W,,,"Direct",1107,1038,2220,
- -,ADD,FCO,Ethiopian Airlines (ET),Ethiopian Airlines,2783,06:03,,,,,763,,,"Direct",1107,1555,2220,
- -,ADD,FIH,Ethiopian Airlines (ET),Ethiopian Airlines,1853,04:12,,,,,788,,,"Direct",1107,1020,2220,
- -,ADD,FRA,Ethiopian Airlines (ET),Ethiopian Airlines,3321,07:08,,,,,788,,,"Direct",1107,340,2220,
- -,ADD,GDQ,Ethiopian Airlines (ET),Ethiopian Airlines,261,01:01,,,,,DH8,,,"Direct",1107,1114,2220,
- -,ADD,GMB,Ethiopian Airlines (ET),Ethiopian Airlines,295,01:05,,,,,DH8,,,"Direct",1107,1113,2220,
- -,ADD,HGA,Ethiopian Airlines (ET),Ethiopian Airlines,362,01:13,,,,,DH8,,,"Direct",1107,1121,2220,
- -,ADD,HKG,Ethiopian Airlines (ET),Ethiopian Airlines,5034,10:34,,,,,788,,,"Direct",1107,3077,2220,
- -,ADD,HRE,Ethiopian Airlines (ET),Ethiopian Airlines,1931,04:21,,,,,788,,,"Direct",1107,1005,2220,
- -,ADD,JED,Ethiopian Airlines (ET),Ethiopian Airlines,877,02:15,,,,,738 752,,,"Direct",1107,2072,2220,
- -,ADD,JIB,Ethiopian Airlines (ET),Ethiopian Airlines,345,01:11,,,,,DH8 73W,,,"Direct",1107,4119,2220,
- -,ADD,JIJ,Ethiopian Airlines (ET),Ethiopian Airlines,281,01:03,,,,,DH8,,,"Direct",1107,7417,2220,
- -,ADD,JIM,Ethiopian Airlines (ET),Ethiopian Airlines,162,00:49,,,,,DH8,,,"Direct",1107,1116,2220,
- -,ADD,JNB,Ethiopian Airlines (ET),Ethiopian Airlines,2526,05:33,,,,,77L,,,"Direct",1107,813,2220,
- -,ADD,JRO,Ethiopian Airlines (ET),Ethiopian Airlines,864,02:13,,,,,763,,,"Direct",1107,1180,2220,
- -,ADD,JUB,Ethiopian Airlines (ET),Ethiopian Airlines,568,01:38,,,,,DH8 73W,,,"Direct",1107,1173,2220,
- -,ADD,KGL,Ethiopian Airlines (ET),Ethiopian Airlines,962,02:25,,,,,738,,,"Direct",1107,1165,2220,
- -,ADD,KRT,Ethiopian Airlines (ET),Ethiopian Airlines,621,01:44,,,,,DH8 738,,,"Direct",1107,1175,2220,
- -,ADD,KWI,Ethiopian Airlines (ET),Ethiopian Airlines,1519,03:32,,,,,738,,,"Direct",1107,2176,2220,
- -,ADD,LAD,Ethiopian Airlines (ET),Ethiopian Airlines,2146,04:47,,,,,77W,,,"Direct",1107,951,2220,
- -,ADD,LBV,Ethiopian Airlines (ET),Ethiopian Airlines,2104,04:42,,,,,738,,,"Direct",1107,970,2220,
- -,ADD,LFW,Ethiopian Airlines (ET),Ethiopian Airlines,2576,05:39,,,,,788 73W,,,"Direct",1107,298,2220,
- -,ADD,LHR,Ethiopian Airlines (ET),Ethiopian Airlines,3676,07:51,,,,,788 77L,,,"Direct",1107,507,2220,
- -,ADD,LLW,Ethiopian Airlines (ET),Ethiopian Airlines,1609,03:43,,,,,738,,,"Direct",1107,1016,2220,
- -,ADD,LOS,Ethiopian Airlines (ET),Ethiopian Airlines,2432,05:21,,,,,77L,,,"Direct",1107,273,2220,
- -,ADD,LUN,Ethiopian Airlines (ET),Ethiopian Airlines,1821,04:08,,,,,788,,,"Direct",1107,907,2220,
- -,ADD,MBA,Ethiopian Airlines (ET),Ethiopian Airlines,900,02:18,,,,,738 DH8,,,"Direct",1107,1145,2220,
- -,ADD,MCT,Ethiopian Airlines (ET),Ethiopian Airlines,1635,03:46,,,,,73W,,,"Direct",1107,2194,2220,
- -,ADD,MPM,Ethiopian Airlines (ET),Ethiopian Airlines,2445,05:23,,,,,73W 738,,,"Direct",1107,979,2220,
- -,ADD,MQX,Ethiopian Airlines (ET),Ethiopian Airlines,313,01:07,,,,,738 DH8 73W,,,"Direct",1107,1118,2220,
- -,ADD,NBO,Ethiopian Airlines (ET),Ethiopian Airlines,722,01:56,,,,,763 738,,,"Direct",1107,4059,2220,
- -,ADD,NDJ,Ethiopian Airlines (ET),Ethiopian Airlines,1627,03:45,,,,,738 752 763,,,"Direct",1107,999,2220,
- -,ADD,NIM,Ethiopian Airlines (ET),Ethiopian Airlines,2497,05:29,,,,,752,,,"Direct",1107,280,2220,
- -,ADD,OUA,Ethiopian Airlines (ET),Ethiopian Airlines,2743,05:59,,,,,752,,,"Direct",1107,246,2220,
- -,ADD,PEK,Ethiopian Airlines (ET),Ethiopian Airlines,5172,10:50,,,,,77L,,,"Direct",1107,3364,2220,
- -,ADD,PNR,Ethiopian Airlines (ET),Ethiopian Airlines,2083,04:39,,,,,738,,,"Direct",1107,886,2220,
- -,ADD,PVG,Ethiopian Airlines (ET),Ethiopian Airlines,5484,11:28,,,,,788 77L,,,"Direct",1107,3406,2220,
- -,ADD,RUH,Ethiopian Airlines (ET),Ethiopian Airlines,1219,02:56,,,,,738,,,"Direct",1107,2082,2220,
- -,ADD,SSG,Ethiopian Airlines (ET),Ethiopian Airlines,2095,04:41,,,,,763,,,"Direct",1107,891,2220,
- -,ADD,SZE,Ethiopian Airlines (ET),Ethiopian Airlines,244,00:59,,,,,DH8,,,"Direct",1107,9827,2220,
- -,ADD,TLV,Ethiopian Airlines (ET),Ethiopian Airlines,1610,03:43,,,,,763,,,"Direct",1107,1590,2220,
- -,ADL,SIN,Ethiopian Airlines (ET),Ethiopian Airlines,3354,07:12,,,,,333,,,"Direct",3341,3316,2220,
- -,AKL,SIN,Ethiopian Airlines (ET),Ethiopian Airlines,5221,10:56,,,,,77W,,,"Direct",2006,3316,2220,
- -,AMH,ADD,Ethiopian Airlines (ET),Ethiopian Airlines,219,00:56,,,,,DH8,,,"Direct",1109,1107,2220,
- -,AMS,FRA,Ethiopian Airlines (ET),Ethiopian Airlines,227,00:57,,,,,32A 319,,,"Codeshare",580,340,2220,
- -,ARN,ADD,Ethiopian Airlines (ET),Ethiopian Airlines,3664,07:49,,,,,752,,,"Direct",737,1107,2220,
- -,ARN,CPH,Ethiopian Airlines (ET),Ethiopian Airlines,339,01:10,,,,,320,,,"Direct",737,609,2220,
- -,ARN,FRA,Ethiopian Airlines (ET),Ethiopian Airlines,759,02:01,,,,,321 32A,,,"Codeshare",737,340,2220,
- -,ARN,HEL,Ethiopian Airlines (ET),Ethiopian Airlines,247,00:59,,,,,717,,,"Direct",737,421,2220,
- -,ARN,OSL,Ethiopian Airlines (ET),Ethiopian Airlines,240,00:58,,,,,738 736 73W,,,"Direct",737,644,2220,
- -,ASO,ADD,Ethiopian Airlines (ET),Ethiopian Airlines,295,01:05,,,,,DH8,,,"Direct",1119,1107,2220,
- -,AXU,ADD,Ethiopian Airlines (ET),Ethiopian Airlines,356,01:12,,,,,DH8,,,"Direct",1110,1107,2220,
- -,AXU,LLI,Ethiopian Airlines (ET),Ethiopian Airlines,150,00:48,,,,,DH8,,,"Direct",1110,1117,2220,
- -,BCN,FRA,Ethiopian Airlines (ET),Ethiopian Airlines,679,01:51,,,,,321,,,"Codeshare",1218,340,2220,
- -,BEY,ADD,Ethiopian Airlines (ET),Ethiopian Airlines,1728,03:57,,,,,738,,,"Direct",2177,1107,2220,
- -,BGF,DLA,Ethiopian Airlines (ET),Ethiopian Airlines,606,01:42,,,,,73W,,,"Codeshare",888,897,2220,
- -,BJM,KGL,Ethiopian Airlines (ET),Ethiopian Airlines,109,00:43,,,,,738,,,"Direct",1120,1165,2220,
- -,BJR,ADD,Ethiopian Airlines (ET),Ethiopian Airlines,207,00:54,,,,,DH8,,,"Direct",1111,1107,2220,
- -,BJR,LLI,Ethiopian Airlines (ET),Ethiopian Airlines,114,00:43,,,,,DH8,,,"Direct",1111,1117,2220,
- -,BKK,ADD,Ethiopian Airlines (ET),Ethiopian Airlines,4196,08:53,,,,,763,,,"Direct",3885,1107,2220,
- -,BKK,ICN,Ethiopian Airlines (ET),Ethiopian Airlines,2278,05:03,,,,,333 772,,,"Codeshare",3885,3930,2220,
- -,BKK,KUL,Ethiopian Airlines (ET),Ethiopian Airlines,757,02:00,,,,,763,,,"Direct",3885,3304,2220,
- -,BKK,SIN,Ethiopian Airlines (ET),Ethiopian Airlines,879,02:15,,,,,772 763,,,"Direct",3885,3316,2220,
- -,BKO,ADD,Ethiopian Airlines (ET),Ethiopian Airlines,3177,06:51,,,,,763,,,"Direct",1044,1107,2220,
- -,BKO,CKY,Ethiopian Airlines (ET),Ethiopian Airlines,434,01:22,,,,,DH8,,,"Codeshare",1044,4162,2220,
- -,BKO,DKR,Ethiopian Airlines (ET),Ethiopian Airlines,658,01:48,,,,,763,,,"Direct",1044,1084,2220,
- -,BKO,LFW,Ethiopian Airlines (ET),Ethiopian Airlines,765,02:01,,,,,73W,,,"Codeshare",1044,298,2220,
- -,BKO,OUA,Ethiopian Airlines (ET),Ethiopian Airlines,434,01:22,,,,,DH8,,,"Codeshare",1044,246,2220,
- -,BLZ,ADD,Ethiopian Airlines (ET),Ethiopian Airlines,1722,03:56,,,,,738,,,"Direct",1013,1107,2220,
- -,BLZ,JNB,Ethiopian Airlines (ET),Ethiopian Airlines,842,02:11,,,,,738,,,"Direct",1013,813,2220,
- -,BLZ,LLW,Ethiopian Airlines (ET),Ethiopian Airlines,152,00:48,,,,,738,,,"Direct",1013,1016,2220,
- -,BNE,SIN,Ethiopian Airlines (ET),Ethiopian Airlines,3814,08:07,,,,,333,,,"Direct",3320,3316,2220,
- -,BOM,ADD,Ethiopian Airlines (ET),Ethiopian Airlines,2381,05:15,,,,,788,,,"Direct",2997,1107,2220,
- -,BRU,CDG,Ethiopian Airlines (ET),Ethiopian Airlines,156,00:48,,,,,763,,,"Direct",302,1382,2220,
- -,BRU,FRA,Ethiopian Airlines (ET),Ethiopian Airlines,189,00:52,,,,,319 320 733 32A,,,"Codeshare",302,340,2220,
- -,BUD,FRA,Ethiopian Airlines (ET),Ethiopian Airlines,518,01:32,,,,,321 32A,,,"Codeshare",1489,340,2220,
- -,BZV,ADD,Ethiopian Airlines (ET),Ethiopian Airlines,1860,04:13,,,,,788,,,"Direct",883,1107,2220,
- -,BZV,DLA,Ethiopian Airlines (ET),Ethiopian Airlines,686,01:52,,,,,DH8,,,"Codeshare",883,897,2220,
- -,CAI,ADD,Ethiopian Airlines (ET),Ethiopian Airlines,1536,03:34,,,,,73W 738,,,"Direct",1128,1107,2220,
- -,CAI,LCA,Ethiopian Airlines (ET),Ethiopian Airlines,352,01:12,,,,,E70,,,"Codeshare",1128,1197,2220,
- -,CAN,ADD,Ethiopian Airlines (ET),Ethiopian Airlines,4991,10:28,,,,,77W,,,"Direct",3370,1107,2220,
- -,CDG,ADD,Ethiopian Airlines (ET),Ethiopian Airlines,3465,07:25,,,,,763,,,"Direct",1382,1107,2220,
- -,CDG,BRU,Ethiopian Airlines (ET),Ethiopian Airlines,156,00:48,,,,,763,,,"Direct",1382,302,2220,
- -,CHC,SIN,Ethiopian Airlines (ET),Ethiopian Airlines,5218,10:56,,,,,772,,,"Direct",2009,3316,2220,
- -,CKY,ABJ,Ethiopian Airlines (ET),Ethiopian Airlines,726,01:57,,,,,DH8,,,"Direct",4162,253,2220,
- -,CKY,BKO,Ethiopian Airlines (ET),Ethiopian Airlines,434,01:22,,,,,DH8,,,"Codeshare",4162,1044,2220,
- -,CKY,DKR,Ethiopian Airlines (ET),Ethiopian Airlines,442,01:23,,,,,73W,,,"Codeshare",4162,1084,2220,
- -,CKY,LFW,Ethiopian Airlines (ET),Ethiopian Airlines,1043,02:35,,,,,73W,,,"Codeshare",4162,298,2220,
- -,CKY,OXB,Ethiopian Airlines (ET),Ethiopian Airlines,211,00:55,,,,,DH8,,,"Direct",4162,5665,2220,
- -,COO,ABJ,Ethiopian Airlines (ET),Ethiopian Airlines,440,01:22,,,,,73W 752,,,"Direct",245,253,2220,
- -,COO,ABV,Ethiopian Airlines (ET),Ethiopian Airlines,380,01:15,,,,,DH8,,,"Codeshare",245,260,2220,
- -,COO,ADD,Ethiopian Airlines (ET),Ethiopian Airlines,2497,05:29,,,,,73W 752,,,"Direct",245,1107,2220,
- -,COO,LFW,Ethiopian Airlines (ET),Ethiopian Airlines,78,00:39,,,,,DH8,,,"Codeshare",245,298,2220,
- -,COO,NIM,Ethiopian Airlines (ET),Ethiopian Airlines,492,01:29,,,,,DH8,,,"Codeshare",245,280,2220,
- -,CPH,ARN,Ethiopian Airlines (ET),Ethiopian Airlines,339,01:10,,,,,321,,,"Direct",609,737,2220,
- -,CPH,FRA,Ethiopian Airlines (ET),Ethiopian Airlines,421,01:20,,,,,321 320,,,"Codeshare",609,340,2220,
- -,DAR,ADD,Ethiopian Airlines (ET),Ethiopian Airlines,1095,02:41,,,,,738,,,"Direct",1177,1107,2220,
- -,DAR,LLW,Ethiopian Airlines (ET),Ethiopian Airlines,602,01:42,,,,,DH8,,,"Direct",1177,1016,2220,
- -,DAR,ZNZ,Ethiopian Airlines (ET),Ethiopian Airlines,45,00:35,,,,,73W,,,"Direct",1177,1186,2220,
- -,DEL,ADD,Ethiopian Airlines (ET),Ethiopian Airlines,2827,06:09,,,,,752,,,"Direct",3093,1107,2220,
- -,DIR,ADD,Ethiopian Airlines (ET),Ethiopian Airlines,212,00:55,,,,,DH8 73W,,,"Direct",1112,1107,2220,
- -,DIR,JIB,Ethiopian Airlines (ET),Ethiopian Airlines,159,00:49,,,,,73W DH8,,,"Direct",1112,4119,2220,
- -,DIR,JIJ,Ethiopian Airlines (ET),Ethiopian Airlines,74,00:38,,,,,DH8,,,"Direct",1112,7417,2220,
- -,DKR,BKO,Ethiopian Airlines (ET),Ethiopian Airlines,658,01:48,,,,,763,,,"Direct",1084,1044,2220,
- -,DKR,CKY,Ethiopian Airlines (ET),Ethiopian Airlines,442,01:23,,,,,73W,,,"Codeshare",1084,4162,2220,
- -,DLA,ADD,Ethiopian Airlines (ET),Ethiopian Airlines,2023,04:32,,,,,763,,,"Direct",897,1107,2220,
- -,DLA,BGF,Ethiopian Airlines (ET),Ethiopian Airlines,606,01:42,,,,,73W,,,"Codeshare",897,888,2220,
- -,DLA,BZV,Ethiopian Airlines (ET),Ethiopian Airlines,686,01:52,,,,,DH8,,,"Codeshare",897,883,2220,
- -,DLA,LFW,Ethiopian Airlines (ET),Ethiopian Airlines,600,01:42,,,,,73W DH8,,,"Codeshare",897,298,2220,
- -,DLA,NDJ,Ethiopian Airlines (ET),Ethiopian Airlines,668,01:50,,,,,73W,,,"Codeshare",897,999,2220,
- -,DLA,SSG,Ethiopian Airlines (ET),Ethiopian Airlines,71,00:38,,,,,763,,,"Direct",897,891,2220,
- -,DMM,ADD,Ethiopian Airlines (ET),Ethiopian Airlines,1406,03:18,,,,,73W,,,"Direct",2064,1107,2220,
- -,DUS,FRA,Ethiopian Airlines (ET),Ethiopian Airlines,117,00:44,,,,,319 320 321,,,"Codeshare",345,340,2220,
- -,DXB,ADD,Ethiopian Airlines (ET),Ethiopian Airlines,1564,03:37,,,,,77L 738 788 763,,,"Direct",2188,1107,2220,
- -,DXB,SIN,Ethiopian Airlines (ET),Ethiopian Airlines,3630,07:45,,,,,77W 333,,,"Codeshare",2188,3316,2220,
- -,EBB,ADD,Ethiopian Airlines (ET),Ethiopian Airlines,756,02:00,,,,,763,,,"Direct",1187,1107,2220,
- -,EBB,KGL,Ethiopian Airlines (ET),Ethiopian Airlines,211,00:55,,,,,73W,,,"Direct",1187,1165,2220,
- -,ENU,ADD,Ethiopian Airlines (ET),Ethiopian Airlines,2143,04:47,,,,,752,,,"Direct",264,1107,2220,
- -,FBM,NLA,Ethiopian Airlines (ET),Ethiopian Airlines,123,00:44,,,,,738,,,"Direct",1038,910,2220,
- -,FCO,ADD,Ethiopian Airlines (ET),Ethiopian Airlines,2783,06:03,,,,,763,,,"Direct",1555,1107,2220,
- -,FCO,MXP,Ethiopian Airlines (ET),Ethiopian Airlines,317,01:08,,,,,763,,,"Direct",1555,1524,2220,
- -,FIH,BZV,Ethiopian Airlines (ET),Ethiopian Airlines,16,00:31,,,,,788,,,"Direct",1020,883,2220,
- -,FIH,LBV,Ethiopian Airlines (ET),Ethiopian Airlines,533,01:33,,,,,73W,,,"Codeshare",1020,970,2220,
- -,FNA,ACC,Ethiopian Airlines (ET),Ethiopian Airlines,916,02:19,,,,,DH8,,,"Codeshare",1059,248,2220,
- -,FNA,MLW,Ethiopian Airlines (ET),Ethiopian Airlines,231,00:57,,,,,DH8,,,"Codeshare",1059,1062,2220,
- -,FRA,ADD,Ethiopian Airlines (ET),Ethiopian Airlines,3321,07:08,,,,,788,,,"Direct",340,1107,2220,
- -,FRA,AMS,Ethiopian Airlines (ET),Ethiopian Airlines,227,00:57,,,,,733,,,"Codeshare",340,580,2220,
- -,FRA,ARN,Ethiopian Airlines (ET),Ethiopian Airlines,759,02:01,,,,,32A 321,,,"Codeshare",340,737,2220,
- -,FRA,BCN,Ethiopian Airlines (ET),Ethiopian Airlines,679,01:51,,,,,321,,,"Codeshare",340,1218,2220,
- -,FRA,BRU,Ethiopian Airlines (ET),Ethiopian Airlines,189,00:52,,,,,735 733,,,"Codeshare",340,302,2220,
- -,FRA,BUD,Ethiopian Airlines (ET),Ethiopian Airlines,518,01:32,,,,,733 735,,,"Codeshare",340,1489,2220,
- -,FRA,CPH,Ethiopian Airlines (ET),Ethiopian Airlines,421,01:20,,,,,319 321 320,,,"Codeshare",340,609,2220,
- -,FRA,DUS,Ethiopian Airlines (ET),Ethiopian Airlines,117,00:44,,,,,319 320 321,,,"Codeshare",340,345,2220,
- -,FRA,GOT,Ethiopian Airlines (ET),Ethiopian Airlines,547,01:35,,,,,32A 321,,,"Codeshare",340,687,2220,
- -,FRA,GVA,Ethiopian Airlines (ET),Ethiopian Airlines,285,01:04,,,,,E90 CR7,,,"Codeshare",340,1665,2220,
- -,FRA,HEL,Ethiopian Airlines (ET),Ethiopian Airlines,955,02:24,,,,,32A 321 320,,,"Codeshare",340,421,2220,
- -,FRA,JED,Ethiopian Airlines (ET),Ethiopian Airlines,2565,05:37,,,,,333,,,"Codeshare",340,2072,2220,
- -,FRA,JFK,Ethiopian Airlines (ET),Ethiopian Airlines,3843,08:11,,,,,388,,,"Codeshare",340,3797,2220,
- -,FRA,LIS,Ethiopian Airlines (ET),Ethiopian Airlines,1163,02:49,,,,,321 32A,,,"Codeshare",340,1638,2220,
- -,FRA,LYS,Ethiopian Airlines (ET),Ethiopian Airlines,338,01:10,,,,,319 321,,,"Codeshare",340,1335,2220,
- -,FRA,MAD,Ethiopian Airlines (ET),Ethiopian Airlines,883,02:15,,,,,321 319 32A,,,"Codeshare",340,1229,2220,
- -,FRA,MRS,Ethiopian Airlines (ET),Ethiopian Airlines,482,01:27,,,,,320 32A 319,,,"Codeshare",340,1353,2220,
- -,FRA,MUC,Ethiopian Airlines (ET),Ethiopian Airlines,185,00:52,,,,,320 319,,,"Codeshare",340,346,2220,
- -,FRA,MXP,Ethiopian Airlines (ET),Ethiopian Airlines,304,01:06,,,,,320 319 321,,,"Codeshare",340,1524,2220,
- -,FRA,OSL,Ethiopian Airlines (ET),Ethiopian Airlines,703,01:54,,,,,32A,,,"Codeshare",340,644,2220,
- -,FRA,OTP,Ethiopian Airlines (ET),Ethiopian Airlines,899,02:17,,,,,32A 320 319,,,"Codeshare",340,1657,2220,
- -,FRA,PRG,Ethiopian Airlines (ET),Ethiopian Airlines,252,01:00,,,,,321,,,"Codeshare",340,1587,2220,
- -,FRA,TLS,Ethiopian Airlines (ET),Ethiopian Airlines,557,01:36,,,,,733,,,"Codeshare",340,1273,2220,
- -,FRA,TXL,Ethiopian Airlines (ET),Ethiopian Airlines,268,01:02,,,,,321 320 32A,,,"Codeshare",340,351,2220,
- -,FRA,VIE,Ethiopian Airlines (ET),Ethiopian Airlines,385,01:16,,,,,321,,,"Codeshare",340,1613,2220,
- -,FRA,WAW,Ethiopian Airlines (ET),Ethiopian Airlines,556,01:36,,,,,321 320 32A 319,,,"Codeshare",340,679,2220,
- -,FRA,ZRH,Ethiopian Airlines (ET),Ethiopian Airlines,177,00:51,,,,,319,,,"Codeshare",340,1678,2220,
- -,GDE,JIJ,Ethiopian Airlines (ET),Ethiopian Airlines,238,00:58,,,,,DH8,,,"Direct",5680,7417,2220,
- -,GDQ,ADD,Ethiopian Airlines (ET),Ethiopian Airlines,261,01:01,,,,,DH8,,,"Direct",1114,1107,2220,
- -,GDQ,LLI,Ethiopian Airlines (ET),Ethiopian Airlines,110,00:43,,,,,DH8,,,"Direct",1114,1117,2220,
- -,GIG,GRU,Ethiopian Airlines (ET),Ethiopian Airlines,209,00:55,,,,,788,,,"Direct",2560,2564,2220,
- -,GMB,ADD,Ethiopian Airlines (ET),Ethiopian Airlines,295,01:05,,,,,DH8,,,"Direct",1113,1107,2220,
- -,GMB,ASO,Ethiopian Airlines (ET),Ethiopian Airlines,130,00:45,,,,,DH8,,,"Direct",1113,1119,2220,
- -,GOT,FRA,Ethiopian Airlines (ET),Ethiopian Airlines,547,01:35,,,,,319 733,,,"Codeshare",687,340,2220,
- -,GRU,LFW,Ethiopian Airlines (ET),Ethiopian Airlines,3810,08:07,,,,,788,,,"Direct",2564,298,2220,
- -,GVA,FRA,Ethiopian Airlines (ET),Ethiopian Airlines,285,01:04,,,,,735,,,"Codeshare",1665,340,2220,
- -,HEL,ARN,Ethiopian Airlines (ET),Ethiopian Airlines,247,00:59,,,,,717,,,"Direct",421,737,2220,
- -,HEL,FRA,Ethiopian Airlines (ET),Ethiopian Airlines,955,02:24,,,,,32A 321,,,"Codeshare",421,340,2220,
- -,HGA,ADD,Ethiopian Airlines (ET),Ethiopian Airlines,362,01:13,,,,,DH8,,,"Direct",1121,1107,2220,
- -,HKG,ADD,Ethiopian Airlines (ET),Ethiopian Airlines,5034,10:34,,,,,763 788,,,"Direct",3077,1107,2220,
- -,HKG,ICN,Ethiopian Airlines (ET),Ethiopian Airlines,1285,03:04,,,,,788,,,"Direct",3077,3930,2220,
- -,HRE,ADD,Ethiopian Airlines (ET),Ethiopian Airlines,1931,04:21,,,,,788,,,"Direct",1005,1107,2220,
- -,HRE,LLW,Ethiopian Airlines (ET),Ethiopian Airlines,337,01:10,,,,,DH8,,,"Direct",1005,1016,2220,
- -,HRE,LUN,Ethiopian Airlines (ET),Ethiopian Airlines,250,01:00,,,,,788,,,"Direct",1005,907,2220,
- -,IAD,ADD,Ethiopian Airlines (ET),Ethiopian Airlines,7180,14:51,,,,,77L 788,,,"Direct",3714,1107,2220,
- -,ICN,BKK,Ethiopian Airlines (ET),Ethiopian Airlines,2278,05:03,,,,,333 772,,,"Codeshare",3930,3885,2220,
- -,ICN,HKG,Ethiopian Airlines (ET),Ethiopian Airlines,1285,03:04,,,,,788,,,"Direct",3930,3077,2220,
- -,JED,ADD,Ethiopian Airlines (ET),Ethiopian Airlines,877,02:15,,,,,738 752,,,"Direct",2072,1107,2220,
- -,JED,FRA,Ethiopian Airlines (ET),Ethiopian Airlines,2565,05:37,,,,,333,,,"Codeshare",2072,340,2220,
- -,JFK,FRA,Ethiopian Airlines (ET),Ethiopian Airlines,3843,08:11,,,,,744,,,"Codeshare",3797,340,2220,
- -,JIB,ADD,Ethiopian Airlines (ET),Ethiopian Airlines,345,01:11,,,,,73W DH8,,,"Direct",4119,1107,2220,
- -,JIB,DIR,Ethiopian Airlines (ET),Ethiopian Airlines,159,00:49,,,,,DH8 73W,,,"Direct",4119,1112,2220,
- -,JIJ,ADD,Ethiopian Airlines (ET),Ethiopian Airlines,281,01:03,,,,,DH8,,,"Direct",7417,1107,2220,
- -,JIJ,DIR,Ethiopian Airlines (ET),Ethiopian Airlines,74,00:38,,,,,DH8,,,"Direct",7417,1112,2220,
- -,JIJ,GDE,Ethiopian Airlines (ET),Ethiopian Airlines,238,00:58,,,,,DH8,,,"Direct",7417,5680,2220,
- -,JIM,ADD,Ethiopian Airlines (ET),Ethiopian Airlines,162,00:49,,,,,DH8,,,"Direct",1116,1107,2220,
- -,JIM,AMH,Ethiopian Airlines (ET),Ethiopian Airlines,124,00:44,,,,,DH8,,,"Direct",1116,1109,2220,
- -,JNB,ADD,Ethiopian Airlines (ET),Ethiopian Airlines,2526,05:33,,,,,77L,,,"Direct",813,1107,2220,
- -,JNB,BLZ,Ethiopian Airlines (ET),Ethiopian Airlines,842,02:11,,,,,738,,,"Direct",813,1013,2220,
- -,JNB,WDH,Ethiopian Airlines (ET),Ethiopian Airlines,723,01:56,,,,,319 320 738,,,"Codeshare",813,4105,2220,
- -,JRO,ADD,Ethiopian Airlines (ET),Ethiopian Airlines,864,02:13,,,,,DH8 763,,,"Direct",1180,1107,2220,
- -,JRO,ZNZ,Ethiopian Airlines (ET),Ethiopian Airlines,243,00:59,,,,,763,,,"Direct",1180,1186,2220,
- -,JUB,ADD,Ethiopian Airlines (ET),Ethiopian Airlines,568,01:38,,,,,DH8 73W,,,"Direct",1173,1107,2220,
- -,KGL,ADD,Ethiopian Airlines (ET),Ethiopian Airlines,962,02:25,,,,,73W 738,,,"Direct",1165,1107,2220,
- -,KGL,BJM,Ethiopian Airlines (ET),Ethiopian Airlines,109,00:43,,,,,738,,,"Direct",1165,1120,2220,
- -,KRT,ADD,Ethiopian Airlines (ET),Ethiopian Airlines,621,01:44,,,,,738 DH8,,,"Direct",1175,1107,2220,
- -,KUL,BKK,Ethiopian Airlines (ET),Ethiopian Airlines,757,02:00,,,,,763,,,"Direct",3304,3885,2220,
- -,KWI,ADD,Ethiopian Airlines (ET),Ethiopian Airlines,1519,03:32,,,,,738,,,"Direct",2176,1107,2220,
- -,LAD,ADD,Ethiopian Airlines (ET),Ethiopian Airlines,2146,04:47,,,,,77W,,,"Direct",951,1107,2220,
- -,LBV,ADD,Ethiopian Airlines (ET),Ethiopian Airlines,2104,04:42,,,,,738,,,"Direct",970,1107,2220,
- -,LBV,FIH,Ethiopian Airlines (ET),Ethiopian Airlines,533,01:33,,,,,73W,,,"Codeshare",970,1020,2220,
- -,LBV,LFW,Ethiopian Airlines (ET),Ethiopian Airlines,686,01:52,,,,,DH8 73W,,,"Codeshare",970,298,2220,
- -,LBV,LOS,Ethiopian Airlines (ET),Ethiopian Airlines,595,01:41,,,,,73W,,,"Codeshare",970,273,2220,
- -,LBV,NSI,Ethiopian Airlines (ET),Ethiopian Airlines,269,01:02,,,,,73W,,,"Codeshare",970,4161,2220,
- -,LBV,PNR,Ethiopian Airlines (ET),Ethiopian Airlines,402,01:18,,,,,DH8,,,"Codeshare",970,886,2220,
- -,LCA,CAI,Ethiopian Airlines (ET),Ethiopian Airlines,352,01:12,,,,,E70,,,"Codeshare",1197,1128,2220,
- -,LFW,ABJ,Ethiopian Airlines (ET),Ethiopian Airlines,361,01:13,,,,,DH8,,,"Direct",298,253,2220,
- -,LFW,ABV,Ethiopian Airlines (ET),Ethiopian Airlines,455,01:24,,,,,DH8,,,"Codeshare",298,260,2220,
- -,LFW,ACC,Ethiopian Airlines (ET),Ethiopian Airlines,105,00:42,,,,,DH8,,,"Codeshare",298,248,2220,
- -,LFW,ADD,Ethiopian Airlines (ET),Ethiopian Airlines,2576,05:39,,,,,73W 788,,,"Direct",298,1107,2220,
- -,LFW,BKO,Ethiopian Airlines (ET),Ethiopian Airlines,765,02:01,,,,,73W,,,"Codeshare",298,1044,2220,
- -,LFW,CKY,Ethiopian Airlines (ET),Ethiopian Airlines,1043,02:35,,,,,73W,,,"Codeshare",298,4162,2220,
- -,LFW,COO,Ethiopian Airlines (ET),Ethiopian Airlines,78,00:39,,,,,DH8,,,"Codeshare",298,245,2220,
- -,LFW,DLA,Ethiopian Airlines (ET),Ethiopian Airlines,600,01:42,,,,,73W DH8,,,"Codeshare",298,897,2220,
- -,LFW,GIG,Ethiopian Airlines (ET),Ethiopian Airlines,3609,07:43,,,,,788,,,"Direct",298,2560,2220,
- -,LFW,LBV,Ethiopian Airlines (ET),Ethiopian Airlines,686,01:52,,,,,73W DH8,,,"Codeshare",298,970,2220,
- -,LFW,LOS,Ethiopian Airlines (ET),Ethiopian Airlines,144,00:47,,,,,73W,,,"Direct",298,273,2220,
- -,LFW,OUA,Ethiopian Airlines (ET),Ethiopian Airlines,467,01:26,,,,,DH8 73W,,,"Codeshare",298,246,2220,
- -,LHR,ADD,Ethiopian Airlines (ET),Ethiopian Airlines,3676,07:51,,,,,788 77L,,,"Direct",507,1107,2220,
- -,LHR,YYZ,Ethiopian Airlines (ET),Ethiopian Airlines,3544,07:35,,,,,77L,,,"Direct",507,193,2220,
- -,LIS,FRA,Ethiopian Airlines (ET),Ethiopian Airlines,1163,02:49,,,,,321,,,"Codeshare",1638,340,2220,
- -,LLI,ADD,Ethiopian Airlines (ET),Ethiopian Airlines,207,00:54,,,,,DH8,,,"Direct",1117,1107,2220,
- -,LLI,AXU,Ethiopian Airlines (ET),Ethiopian Airlines,150,00:48,,,,,DH8,,,"Direct",1117,1110,2220,
- -,LLI,GDQ,Ethiopian Airlines (ET),Ethiopian Airlines,110,00:43,,,,,DH8,,,"Direct",1117,1114,2220,
- -,LLW,BLZ,Ethiopian Airlines (ET),Ethiopian Airlines,152,00:48,,,,,738 DH8,,,"Direct",1016,1013,2220,
- -,LLW,DAR,Ethiopian Airlines (ET),Ethiopian Airlines,602,01:42,,,,,DH8,,,"Direct",1016,1177,2220,
- -,LLW,HRE,Ethiopian Airlines (ET),Ethiopian Airlines,337,01:10,,,,,DH8,,,"Direct",1016,1005,2220,
- -,LLW,LUN,Ethiopian Airlines (ET),Ethiopian Airlines,371,01:14,,,,,DH8,,,"Direct",1016,907,2220,
- -,LOS,ABJ,Ethiopian Airlines (ET),Ethiopian Airlines,506,01:30,,,,,DH8,,,"Codeshare",273,253,2220,
- -,LOS,ADD,Ethiopian Airlines (ET),Ethiopian Airlines,2432,05:21,,,,,77L,,,"Direct",273,1107,2220,
- -,LOS,LBV,Ethiopian Airlines (ET),Ethiopian Airlines,595,01:41,,,,,73W,,,"Codeshare",273,970,2220,
- -,LOS,LFW,Ethiopian Airlines (ET),Ethiopian Airlines,144,00:47,,,,,73W,,,"Direct",273,298,2220,
- -,LUN,ADD,Ethiopian Airlines (ET),Ethiopian Airlines,1821,04:08,,,,,788,,,"Direct",907,1107,2220,
- -,LUN,BLZ,Ethiopian Airlines (ET),Ethiopian Airlines,434,01:22,,,,,DH8,,,"Direct",907,1013,2220,
- -,LUN,HRE,Ethiopian Airlines (ET),Ethiopian Airlines,250,01:00,,,,,788,,,"Direct",907,1005,2220,
- -,LUN,LLW,Ethiopian Airlines (ET),Ethiopian Airlines,371,01:14,,,,,DH8,,,"Direct",907,1016,2220,
- -,LYS,FRA,Ethiopian Airlines (ET),Ethiopian Airlines,338,01:10,,,,,733 32A 321,,,"Codeshare",1335,340,2220,
- -,MAD,FRA,Ethiopian Airlines (ET),Ethiopian Airlines,883,02:15,,,,,321 320,,,"Codeshare",1229,340,2220,
- -,MBA,ADD,Ethiopian Airlines (ET),Ethiopian Airlines,900,02:18,,,,,738,,,"Direct",1145,1107,2220,
- -,MBA,JRO,Ethiopian Airlines (ET),Ethiopian Airlines,178,00:51,,,,,DH8,,,"Direct",1145,1180,2220,
- -,MCT,ADD,Ethiopian Airlines (ET),Ethiopian Airlines,1635,03:46,,,,,73W,,,"Direct",2194,1107,2220,
- -,MEL,SIN,Ethiopian Airlines (ET),Ethiopian Airlines,3746,07:59,,,,,388,,,"Direct",3339,3316,2220,
- -,MLW,ACC,Ethiopian Airlines (ET),Ethiopian Airlines,728,01:57,,,,,DH8,,,"Codeshare",1062,248,2220,
- -,MLW,FNA,Ethiopian Airlines (ET),Ethiopian Airlines,231,00:57,,,,,DH8,,,"Codeshare",1062,1059,2220,
- -,MPM,ADD,Ethiopian Airlines (ET),Ethiopian Airlines,2445,05:23,,,,,73W 738,,,"Direct",979,1107,2220,
- -,MQX,ADD,Ethiopian Airlines (ET),Ethiopian Airlines,313,01:07,,,,,738 DH8 73W,,,"Direct",1118,1107,2220,
- -,MQX,SHC,Ethiopian Airlines (ET),Ethiopian Airlines,94,00:41,,,,,DH8,,,"Direct",1118,5601,2220,
- -,MQX,SZE,Ethiopian Airlines (ET),Ethiopian Airlines,152,00:48,,,,,DH8,,,"Direct",1118,9827,2220,
- -,MRS,FRA,Ethiopian Airlines (ET),Ethiopian Airlines,482,01:27,,,,,320 32A 319,,,"Codeshare",1353,340,2220,
- -,MUC,FRA,Ethiopian Airlines (ET),Ethiopian Airlines,185,00:52,,,,,320 319,,,"Codeshare",346,340,2220,
- -,MXP,FCO,Ethiopian Airlines (ET),Ethiopian Airlines,317,01:08,,,,,763,,,"Direct",1524,1555,2220,
- -,MXP,FRA,Ethiopian Airlines (ET),Ethiopian Airlines,304,01:06,,,,,321 319 32A 320,,,"Codeshare",1524,340,2220,
- -,NBO,ADD,Ethiopian Airlines (ET),Ethiopian Airlines,722,01:56,,,,,738 763,,,"Direct",4059,1107,2220,
- -,NDJ,ABV,Ethiopian Airlines (ET),Ethiopian Airlines,569,01:38,,,,,DH8,,,"Codeshare",999,260,2220,
- -,NDJ,ADD,Ethiopian Airlines (ET),Ethiopian Airlines,1627,03:45,,,,,738 752 763,,,"Direct",999,1107,2220,
- -,NDJ,DLA,Ethiopian Airlines (ET),Ethiopian Airlines,668,01:50,,,,,73W,,,"Codeshare",999,897,2220,
- -,NDJ,NIM,Ethiopian Airlines (ET),Ethiopian Airlines,870,02:14,,,,,DH8,,,"Codeshare",999,280,2220,
- -,NIM,ABV,Ethiopian Airlines (ET),Ethiopian Airlines,462,01:25,,,,,DH8,,,"Codeshare",280,260,2220,
- -,NIM,ADD,Ethiopian Airlines (ET),Ethiopian Airlines,2497,05:29,,,,,752,,,"Direct",280,1107,2220,
- -,NIM,COO,Ethiopian Airlines (ET),Ethiopian Airlines,492,01:29,,,,,DH8,,,"Codeshare",280,245,2220,
- -,NIM,NDJ,Ethiopian Airlines (ET),Ethiopian Airlines,870,02:14,,,,,DH8,,,"Codeshare",280,999,2220,
- -,NIM,OUA,Ethiopian Airlines (ET),Ethiopian Airlines,260,01:01,,,,,752,,,"Direct",280,246,2220,
- -,NLA,ADD,Ethiopian Airlines (ET),Ethiopian Airlines,1669,03:50,,,,,738 73W,,,"Direct",910,1107,2220,
- -,NSI,LBV,Ethiopian Airlines (ET),Ethiopian Airlines,269,01:02,,,,,73W,,,"Codeshare",4161,970,2220,
- -,OSL,ARN,Ethiopian Airlines (ET),Ethiopian Airlines,240,00:58,,,,,736 73W 738,,,"Direct",644,737,2220,
- -,OSL,FRA,Ethiopian Airlines (ET),Ethiopian Airlines,703,01:54,,,,,319 320 32A,,,"Codeshare",644,340,2220,
- -,OTP,FRA,Ethiopian Airlines (ET),Ethiopian Airlines,899,02:17,,,,,733,,,"Codeshare",1657,340,2220,
- -,OUA,ABJ,Ethiopian Airlines (ET),Ethiopian Airlines,516,01:31,,,,,752,,,"Direct",246,253,2220,
- -,OUA,ADD,Ethiopian Airlines (ET),Ethiopian Airlines,2743,05:59,,,,,752,,,"Direct",246,1107,2220,
- -,OUA,BKO,Ethiopian Airlines (ET),Ethiopian Airlines,434,01:22,,,,,DH8,,,"Codeshare",246,1044,2220,
- -,OUA,LFW,Ethiopian Airlines (ET),Ethiopian Airlines,467,01:26,,,,,73W DH8,,,"Codeshare",246,298,2220,
- -,OUA,NIM,Ethiopian Airlines (ET),Ethiopian Airlines,260,01:01,,,,,752,,,"Direct",246,280,2220,
- -,OXB,CKY,Ethiopian Airlines (ET),Ethiopian Airlines,211,00:55,,,,,DH8,,,"Direct",5665,4162,2220,
- -,PEK,ADD,Ethiopian Airlines (ET),Ethiopian Airlines,5172,10:50,,,,,77L,,,"Direct",3364,1107,2220,
- -,PER,SIN,Ethiopian Airlines (ET),Ethiopian Airlines,2428,05:21,,,,,772,,,"Direct",3351,3316,2220,
- -,PNR,ADD,Ethiopian Airlines (ET),Ethiopian Airlines,2083,04:39,,,,,738,,,"Direct",886,1107,2220,
- -,PNR,LBV,Ethiopian Airlines (ET),Ethiopian Airlines,402,01:18,,,,,DH8,,,"Codeshare",886,970,2220,
- -,PRG,FRA,Ethiopian Airlines (ET),Ethiopian Airlines,252,01:00,,,,,320 321,,,"Codeshare",1587,340,2220,
- -,PVG,ADD,Ethiopian Airlines (ET),Ethiopian Airlines,5484,11:28,,,,,77L 788,,,"Direct",3406,1107,2220,
- -,RUH,ADD,Ethiopian Airlines (ET),Ethiopian Airlines,1219,02:56,,,,,738,,,"Direct",2082,1107,2220,
- -,SHC,MQX,Ethiopian Airlines (ET),Ethiopian Airlines,94,00:41,,,,,DH8,,,"Direct",5601,1118,2220,
- -,SIN,ADL,Ethiopian Airlines (ET),Ethiopian Airlines,3354,07:12,,,,,333,,,"Direct",3316,3341,2220,
- -,SIN,AKL,Ethiopian Airlines (ET),Ethiopian Airlines,5221,10:56,,,,,77W,,,"Direct",3316,2006,2220,
- -,SIN,BKK,Ethiopian Airlines (ET),Ethiopian Airlines,879,02:15,,,,,333 763,,,"Direct",3316,3885,2220,
- -,SIN,BNE,Ethiopian Airlines (ET),Ethiopian Airlines,3814,08:07,,,,,333,,,"Direct",3316,3320,2220,
- -,SIN,CHC,Ethiopian Airlines (ET),Ethiopian Airlines,5218,10:56,,,,,772,,,"Direct",3316,2009,2220,
- -,SIN,DXB,Ethiopian Airlines (ET),Ethiopian Airlines,3630,07:45,,,,,77W 333,,,"Codeshare",3316,2188,2220,
- -,SIN,MEL,Ethiopian Airlines (ET),Ethiopian Airlines,3746,07:59,,,,,388,,,"Direct",3316,3339,2220,
- -,SIN,PER,Ethiopian Airlines (ET),Ethiopian Airlines,2428,05:21,,,,,333,,,"Direct",3316,3351,2220,
- -,SIN,SYD,Ethiopian Airlines (ET),Ethiopian Airlines,3908,08:18,,,,,388,,,"Direct",3316,3361,2220,
- -,SOF,FRA,Ethiopian Airlines (ET),Ethiopian Airlines,867,02:14,,,,,320 32A 319,,,"Codeshare",1194,340,2220,
- -,SSG,ADD,Ethiopian Airlines (ET),Ethiopian Airlines,2095,04:41,,,,,763,,,"Direct",891,1107,2220,
- -,SSG,DLA,Ethiopian Airlines (ET),Ethiopian Airlines,71,00:38,,,,,763,,,"Direct",891,897,2220,
- -,SYD,SIN,Ethiopian Airlines (ET),Ethiopian Airlines,3908,08:18,,,,,388,,,"Direct",3361,3316,2220,
- -,SZE,ADD,Ethiopian Airlines (ET),Ethiopian Airlines,244,00:59,,,,,DH8,,,"Direct",9827,1107,2220,
- -,SZE,MQX,Ethiopian Airlines (ET),Ethiopian Airlines,152,00:48,,,,,DH8,,,"Direct",9827,1118,2220,
- -,TLS,FRA,Ethiopian Airlines (ET),Ethiopian Airlines,557,01:36,,,,,735,,,"Codeshare",1273,340,2220,
- -,TLV,ADD,Ethiopian Airlines (ET),Ethiopian Airlines,1610,03:43,,,,,763,,,"Direct",1590,1107,2220,
- -,TXL,FRA,Ethiopian Airlines (ET),Ethiopian Airlines,268,01:02,,,,,321 320 32A,,,"Codeshare",351,340,2220,
- -,VIE,FRA,Ethiopian Airlines (ET),Ethiopian Airlines,385,01:16,,,,,321,,,"Codeshare",1613,340,2220,
- -,WAW,FRA,Ethiopian Airlines (ET),Ethiopian Airlines,556,01:36,,,,,320 321 32A,,,"Codeshare",679,340,2220,
- -,WDH,JNB,Ethiopian Airlines (ET),Ethiopian Airlines,723,01:56,,,,,319 320 738,,,"Codeshare",4105,813,2220,
- -,YYZ,ADD,Ethiopian Airlines (ET),Ethiopian Airlines,7142,14:47,,,,,788,,,"Direct",193,1107,2220,
- -,ZNZ,ADD,Ethiopian Airlines (ET),Ethiopian Airlines,1050,02:36,,,,,73W,,,"Direct",1186,1107,2220,
- -,ZNZ,JRO,Ethiopian Airlines (ET),Ethiopian Airlines,243,00:59,,,,,763,,,"Direct",1186,1180,2220,
- -,ZRH,FRA,Ethiopian Airlines (ET),Ethiopian Airlines,177,00:51,,,,,319,,,"Codeshare",1678,340,2220,