﻿Date,From,To,Flight_Number,Airline,Distance,Duration,Seat,Seat_Type,Class,Reason,Plane,Registration,Trip,Note,From_OID,To_OID,Airline_OID,Plane_OID
- -,AGP,STR,Germanwings (4U),Germanwings,1079,02:39,,,,,320 319,,,"Direct",1230,350,2548,
- -,AGP,TXL,Germanwings (4U),Germanwings,1394,03:17,,,,,319,,,"Direct",1230,351,2548,
- -,ALG,CGN,Germanwings (4U),Germanwings,997,02:29,,,,,319,,,"Direct",210,344,2548,
- -,AMS,HAM,Germanwings (4U),Germanwings,235,00:58,,,,,CRJ,,,"Direct",580,342,2548,
- -,AOI,DUS,Germanwings (4U),Germanwings,612,01:43,,,,,CRJ,,,"Direct",4309,345,2548,
- -,AOI,TXL,Germanwings (4U),Germanwings,617,01:44,,,,,CRJ,,,"Direct",4309,351,2548,
- -,ARN,CGN,Germanwings (4U),Germanwings,738,01:58,,,,,CRJ,,,"Direct",737,344,2548,
- -,ARN,DUS,Germanwings (4U),Germanwings,721,01:56,,,,,CRJ,,,"Direct",737,345,2548,
- -,ARN,HAM,Germanwings (4U),Germanwings,512,01:31,,,,,CRJ,,,"Direct",737,342,2548,
- -,ATH,CGN,Germanwings (4U),Germanwings,1212,02:55,,,,,319,,,"Direct",3941,344,2548,
- -,ATH,STR,Germanwings (4U),Germanwings,1044,02:35,,,,,319,,,"Direct",3941,350,2548,
- -,AYT,CGN,Germanwings (4U),Germanwings,1510,03:31,,,,,320,,,"Direct",1688,344,2548,
- -,BCN,CGN,Germanwings (4U),Germanwings,703,01:54,,,,,320 319,,,"Direct",1218,344,2548,
- -,BCN,DUS,Germanwings (4U),Germanwings,724,01:56,,,,,320 319,,,"Direct",1218,345,2548,
- -,BCN,HAJ,Germanwings (4U),Germanwings,849,02:11,,,,,319,,,"Direct",1218,352,2548,
- -,BCN,HAM,Germanwings (4U),Germanwings,926,02:21,,,,,319,,,"Direct",1218,342,2548,
- -,BCN,STR,Germanwings (4U),Germanwings,617,01:44,,,,,319 320,,,"Direct",1218,350,2548,
- -,BDS,STR,Germanwings (4U),Germanwings,699,01:53,,,,,319,,,"Direct",1506,350,2548,
- -,BEG,STR,Germanwings (4U),Germanwings,587,01:40,,,,,319,,,"Direct",1739,350,2548,
- -,BGO,HAM,Germanwings (4U),Germanwings,493,01:29,,,,,CRJ,,,"Direct",636,342,2548,
- -,BHX,HAM,Germanwings (4U),Germanwings,493,01:29,,,,,CRJ,,,"Direct",469,342,2548,
- -,BHX,TXL,Germanwings (4U),Germanwings,630,01:45,,,,,319,,,"Direct",469,351,2548,
- -,BIA,CGN,Germanwings (4U),Germanwings,584,01:40,,,,,319,,,"Direct",1321,344,2548,
- -,BIA,DUS,Germanwings (4U),Germanwings,616,01:43,,,,,320,,,"Direct",1321,345,2548,
- -,BIA,HAM,Germanwings (4U),Germanwings,765,02:01,,,,,CRJ,,,"Direct",1321,342,2548,
- -,BIA,STR,Germanwings (4U),Germanwings,423,01:20,,,,,319,,,"Direct",1321,350,2548,
- -,BIA,TXL,Germanwings (4U),Germanwings,713,01:55,,,,,320,,,"Direct",1321,351,2548,
- -,BIO,DUS,Germanwings (4U),Germanwings,712,01:55,,,,,CRJ,,,"Direct",1216,345,2548,
- -,BIO,STR,Germanwings (4U),Germanwings,689,01:52,,,,,CRJ 319,,,"Direct",1216,350,2548,
- -,BLQ,CGN,Germanwings (4U),Germanwings,477,01:27,,,,,319,,,"Direct",1538,344,2548,
- -,BLQ,TXL,Germanwings (4U),Germanwings,561,01:37,,,,,319,,,"Direct",1538,351,2548,
- -,BRE,STR,Germanwings (4U),Germanwings,301,01:06,,,,,319 CRJ,,,"Direct",353,350,2548,
- -,BRI,CGN,Germanwings (4U),Germanwings,813,02:07,,,,,319,,,"Direct",1501,344,2548,
- -,BRI,DUS,Germanwings (4U),Germanwings,846,02:11,,,,,CRJ,,,"Direct",1501,345,2548,
- -,BRI,STR,Germanwings (4U),Germanwings,637,01:46,,,,,319,,,"Direct",1501,350,2548,
- -,BRU,STR,Germanwings (4U),Germanwings,260,01:01,,,,,319 CRJ,,,"Direct",302,350,2548,
- -,BSL,DUS,Germanwings (4U),Germanwings,257,01:00,,,,,CRJ,,,"Direct",1423,345,2548,
- -,BUD,CGN,Germanwings (4U),Germanwings,595,01:41,,,,,319 320 CRJ,,,"Direct",1489,344,2548,
- -,BUD,HAM,Germanwings (4U),Germanwings,589,01:40,,,,,CRJ,,,"Direct",1489,342,2548,
- -,BUD,STR,Germanwings (4U),Germanwings,471,01:26,,,,,319 CRJ,,,"Direct",1489,350,2548,
- -,CAG,CGN,Germanwings (4U),Germanwings,807,02:06,,,,,319,,,"Direct",1519,344,2548,
- -,CAG,DUS,Germanwings (4U),Germanwings,838,02:10,,,,,CRJ,,,"Direct",1519,345,2548,
- -,CAG,STR,Germanwings (4U),Germanwings,651,01:48,,,,,319,,,"Direct",1519,350,2548,
- -,CDG,HAM,Germanwings (4U),Germanwings,452,01:24,,,,,319 CRJ,,,"Direct",1382,342,2548,
- -,CFU,CGN,Germanwings (4U),Germanwings,992,02:29,,,,,320 319,,,"Direct",1460,344,2548,
- -,CFU,DRS,Germanwings (4U),Germanwings,849,02:11,,,,,319,,,"Direct",1460,338,2548,
- -,CFU,STR,Germanwings (4U),Germanwings,819,02:08,,,,,319,,,"Direct",1460,350,2548,
- -,CGN,ALG,Germanwings (4U),Germanwings,997,02:29,,,,,319,,,"Direct",344,210,2548,
- -,CGN,ARN,Germanwings (4U),Germanwings,738,01:58,,,,,CRJ,,,"Direct",344,737,2548,
- -,CGN,ATH,Germanwings (4U),Germanwings,1212,02:55,,,,,319,,,"Direct",344,3941,2548,
- -,CGN,AYT,Germanwings (4U),Germanwings,1510,03:31,,,,,320,,,"Direct",344,1688,2548,
- -,CGN,BCN,Germanwings (4U),Germanwings,703,01:54,,,,,320 319,,,"Direct",344,1218,2548,
- -,CGN,BIA,Germanwings (4U),Germanwings,584,01:40,,,,,319,,,"Direct",344,1321,2548,
- -,CGN,BLQ,Germanwings (4U),Germanwings,477,01:27,,,,,319,,,"Direct",344,1538,2548,
- -,CGN,BRI,Germanwings (4U),Germanwings,813,02:07,,,,,319,,,"Direct",344,1501,2548,
- -,CGN,BUD,Germanwings (4U),Germanwings,595,01:41,,,,,319 320 CRJ,,,"Direct",344,1489,2548,
- -,CGN,CAG,Germanwings (4U),Germanwings,807,02:06,,,,,319,,,"Direct",344,1519,2548,
- -,CGN,CFU,Germanwings (4U),Germanwings,992,02:29,,,,,320 319,,,"Direct",344,1460,2548,
- -,CGN,CLY,Germanwings (4U),Germanwings,581,01:39,,,,,319,,,"Direct",344,1322,2548,
- -,CGN,CTA,Germanwings (4U),Germanwings,1003,02:30,,,,,319,,,"Direct",344,1509,2548,
- -,CGN,DBV,Germanwings (4U),Germanwings,777,02:03,,,,,319,,,"Direct",344,1200,2548,
- -,CGN,DRS,Germanwings (4U),Germanwings,288,01:04,,,,,319 CRJ,,,"Direct",344,338,2548,
- -,CGN,DUB,Germanwings (4U),Germanwings,594,01:41,,,,,319,,,"Direct",344,599,2548,
- -,CGN,EDI,Germanwings (4U),Germanwings,556,01:36,,,,,319,,,"Direct",344,535,2548,
- -,CGN,FAO,Germanwings (4U),Germanwings,1211,02:55,,,,,319 320,,,"Direct",344,1626,2548,
- -,CGN,FCO,Germanwings (4U),Germanwings,671,01:50,,,,,319 320,,,"Direct",344,1555,2548,
- -,CGN,FDH,Germanwings (4U),Germanwings,245,00:59,,,,,319 CRJ,,,"Direct",344,382,2548,
- -,CGN,HAM,Germanwings (4U),Germanwings,225,00:57,,,,,319 CRJ,,,"Direct",344,342,2548,
- -,CGN,HDF,Germanwings (4U),Germanwings,361,01:13,,,,,CRJ,,,"Direct",344,5557,2548,
- -,CGN,HER,Germanwings (4U),Germanwings,1398,03:17,,,,,320 319,,,"Direct",344,1452,2548,
- -,CGN,IBZ,Germanwings (4U),Germanwings,874,02:14,,,,,320 319,,,"Direct",344,1225,2548,
- -,CGN,JMK,Germanwings (4U),Germanwings,1286,03:04,,,,,319,,,"Direct",344,1468,2548,
- -,CGN,JTR,Germanwings (4U),Germanwings,1348,03:11,,,,,319,,,"Direct",344,1479,2548,
- -,CGN,KGS,Germanwings (4U),Germanwings,1381,03:15,,,,,319,,,"Direct",344,1458,2548,
- -,CGN,KLU,Germanwings (4U),Germanwings,438,01:22,,,,,CRJ,,,"Direct",344,4322,2548,
- -,CGN,KVA,Germanwings (4U),Germanwings,1080,02:39,,,,,319 320,,,"Direct",344,1462,2548,
- -,CGN,LEJ,Germanwings (4U),Germanwings,223,00:56,,,,,CRJ 319 320,,,"Direct",344,348,2548,
- -,CGN,LHR,Germanwings (4U),Germanwings,331,01:09,,,,,319 320,,,"Direct",344,507,2548,
- -,CGN,LIS,Germanwings (4U),Germanwings,1149,02:47,,,,,319 320,,,"Direct",344,1638,2548,
- -,CGN,LPA,Germanwings (4U),Germanwings,1971,04:26,,,,,319,,,"Direct",344,1054,2548,
- -,CGN,MAN,Germanwings (4U),Germanwings,434,01:22,,,,,319,,,"Direct",344,478,2548,
- -,CGN,MXP,Germanwings (4U),Germanwings,368,01:14,,,,,319 CRJ,,,"Direct",344,1524,2548,
- -,CGN,NAP,Germanwings (4U),Germanwings,769,02:02,,,,,319 320,,,"Direct",344,1561,2548,
- -,CGN,NCE,Germanwings (4U),Germanwings,497,01:29,,,,,319 320,,,"Direct",344,1354,2548,
- -,CGN,NDR,Germanwings (4U),Germanwings,1208,02:54,,,,,319,,,"Direct",344,5673,2548,
- -,CGN,OLB,Germanwings (4U),Germanwings,697,01:53,,,,,319,,,"Direct",344,1520,2548,
- -,CGN,PMI,Germanwings (4U),Germanwings,809,02:07,,,,,320 319,,,"Direct",344,3998,2548,
- -,CGN,PMO,Germanwings (4U),Germanwings,923,02:20,,,,,319 CRJ,,,"Direct",344,1512,2548,
- -,CGN,PRG,Germanwings (4U),Germanwings,317,01:08,,,,,319 320 CRJ,,,"Direct",344,1587,2548,
- -,CGN,PSA,Germanwings (4U),Germanwings,518,01:32,,,,,319,,,"Direct",344,1562,2548,
- -,CGN,PUY,Germanwings (4U),Germanwings,517,01:32,,,,,319 CRJ,,,"Direct",344,1203,2548,
- -,CGN,RAK,Germanwings (4U),Germanwings,1539,03:34,,,,,319,,,"Direct",344,1075,2548,
- -,CGN,RHO,Germanwings (4U),Germanwings,1437,03:22,,,,,320,,,"Direct",344,1472,2548,
- -,CGN,RJK,Germanwings (4U),Germanwings,518,01:32,,,,,319,,,"Direct",344,1205,2548,
- -,CGN,RLG,Germanwings (4U),Germanwings,301,01:06,,,,,319,,,"Direct",344,772,2548,
- -,CGN,SAW,Germanwings (4U),Germanwings,1260,03:01,,,,,319 320,,,"Direct",344,4317,2548,
- -,CGN,SJJ,Germanwings (4U),Germanwings,713,01:55,,,,,319,,,"Direct",344,1646,2548,
- -,CGN,SKG,Germanwings (4U),Germanwings,1041,02:34,,,,,319 320,,,"Direct",344,1486,2548,
- -,CGN,SPU,Germanwings (4U),Germanwings,662,01:49,,,,,319,,,"Direct",344,1206,2548,
- -,CGN,STN,Germanwings (4U),Germanwings,305,01:06,,,,,319,,,"Direct",344,548,2548,
- -,CGN,SUF,Germanwings (4U),Germanwings,936,02:22,,,,,319,,,"Direct",344,1508,2548,
- -,CGN,SZG,Germanwings (4U),Germanwings,338,01:10,,,,,319,,,"Direct",344,1612,2548,
- -,CGN,TLV,Germanwings (4U),Germanwings,1917,04:20,,,,,319 320,,,"Direct",344,1590,2548,
- -,CGN,TUN,Germanwings (4U),Germanwings,979,02:27,,,,,319,,,"Direct",344,287,2548,
- -,CGN,TXL,Germanwings (4U),Germanwings,287,01:04,,,,,319 320,,,"Direct",344,351,2548,
- -,CGN,VCE,Germanwings (4U),Germanwings,440,01:22,,,,,320 319,,,"Direct",344,1551,2548,
- -,CGN,VIE,Germanwings (4U),Germanwings,463,01:25,,,,,319 320,,,"Direct",344,1613,2548,
- -,CGN,VRN,Germanwings (4U),Germanwings,415,01:19,,,,,319,,,"Direct",344,1550,2548,
- -,CGN,WAW,Germanwings (4U),Germanwings,599,01:41,,,,,CRJ,,,"Direct",344,679,2548,
- -,CGN,XRY,Germanwings (4U),Germanwings,1172,02:50,,,,,319,,,"Direct",344,1226,2548,
- -,CGN,ZAD,Germanwings (4U),Germanwings,602,01:42,,,,,319,,,"Direct",344,1209,2548,
- -,CGN,ZAG,Germanwings (4U),Germanwings,540,01:34,,,,,CRJ 319,,,"Direct",344,1208,2548,
- -,CGN,ZRH,Germanwings (4U),Germanwings,243,00:59,,,,,320 319,,,"Direct",344,1678,2548,
- -,CLY,CGN,Germanwings (4U),Germanwings,581,01:39,,,,,319,,,"Direct",1322,344,2548,
- -,CTA,CGN,Germanwings (4U),Germanwings,1003,02:30,,,,,319,,,"Direct",1509,344,2548,
- -,CTA,DUS,Germanwings (4U),Germanwings,1037,02:34,,,,,CRJ,,,"Direct",1509,345,2548,
- -,CTA,HAJ,Germanwings (4U),Germanwings,1067,02:38,,,,,319,,,"Direct",1509,352,2548,
- -,CTA,HAM,Germanwings (4U),Germanwings,1142,02:47,,,,,319,,,"Direct",1509,342,2548,
- -,CTA,STR,Germanwings (4U),Germanwings,828,02:09,,,,,319,,,"Direct",1509,350,2548,
- -,CTA,TXL,Germanwings (4U),Germanwings,1045,02:35,,,,,319,,,"Direct",1509,351,2548,
- -,CWL,DUS,Germanwings (4U),Germanwings,435,01:22,,,,,CRJ,,,"Direct",488,345,2548,
- -,DBV,CGN,Germanwings (4U),Germanwings,777,02:03,,,,,319,,,"Direct",1200,344,2548,
- -,DBV,DUS,Germanwings (4U),Germanwings,808,02:06,,,,,CRJ,,,"Direct",1200,345,2548,
- -,DBV,HAJ,Germanwings (4U),Germanwings,790,02:04,,,,,319,,,"Direct",1200,352,2548,
- -,DBV,HAM,Germanwings (4U),Germanwings,853,02:12,,,,,319,,,"Direct",1200,342,2548,
- -,DBV,STR,Germanwings (4U),Germanwings,607,01:42,,,,,319,,,"Direct",1200,350,2548,
- -,DBV,TXL,Germanwings (4U),Germanwings,727,01:57,,,,,320,,,"Direct",1200,351,2548,
- -,DRS,CFU,Germanwings (4U),Germanwings,849,02:11,,,,,319,,,"Direct",338,1460,2548,
- -,DRS,CGN,Germanwings (4U),Germanwings,288,01:04,,,,,319 CRJ,,,"Direct",338,344,2548,
- -,DRS,DUS,Germanwings (4U),Germanwings,302,01:06,,,,,319 CRJ,,,"Direct",338,345,2548,
- -,DRS,STR,Germanwings (4U),Germanwings,263,01:01,,,,,319 CRJ,,,"Direct",338,350,2548,
- -,DTM,HDF,Germanwings (4U),Germanwings,318,01:08,,,,,319,,,"Direct",373,5557,2548,
- -,DTM,MUC,Germanwings (4U),Germanwings,286,01:04,,,,,319,,,"Direct",373,346,2548,
- -,DTM,PMI,Germanwings (4U),Germanwings,858,02:12,,,,,319 320,,,"Direct",373,3998,2548,
- -,DTM,SAW,Germanwings (4U),Germanwings,1262,03:01,,,,,319,,,"Direct",373,4317,2548,
- -,DTM,SPU,Germanwings (4U),Germanwings,682,01:51,,,,,319,,,"Direct",373,1206,2548,
- -,DUB,CGN,Germanwings (4U),Germanwings,594,01:41,,,,,319,,,"Direct",599,344,2548,
- -,DUB,DUS,Germanwings (4U),Germanwings,568,01:38,,,,,CRJ,,,"Direct",599,345,2548,
- -,DUS,AOI,Germanwings (4U),Germanwings,612,01:43,,,,,CRJ,,,"Direct",345,4309,2548,
- -,DUS,ARN,Germanwings (4U),Germanwings,721,01:56,,,,,CRJ,,,"Direct",345,737,2548,
- -,DUS,BCN,Germanwings (4U),Germanwings,724,01:56,,,,,320 319,,,"Direct",345,1218,2548,
- -,DUS,BIA,Germanwings (4U),Germanwings,616,01:43,,,,,320,,,"Direct",345,1321,2548,
- -,DUS,BIO,Germanwings (4U),Germanwings,712,01:55,,,,,CRJ,,,"Direct",345,1216,2548,
- -,DUS,BRI,Germanwings (4U),Germanwings,846,02:11,,,,,CRJ,,,"Direct",345,1501,2548,
- -,DUS,BSL,Germanwings (4U),Germanwings,257,01:00,,,,,CRJ,,,"Direct",345,1423,2548,
- -,DUS,CAG,Germanwings (4U),Germanwings,838,02:10,,,,,CRJ,,,"Direct",345,1519,2548,
- -,DUS,CTA,Germanwings (4U),Germanwings,1037,02:34,,,,,CRJ,,,"Direct",345,1509,2548,
- -,DUS,CWL,Germanwings (4U),Germanwings,435,01:22,,,,,CRJ,,,"Direct",345,488,2548,
- -,DUS,DBV,Germanwings (4U),Germanwings,808,02:06,,,,,CRJ,,,"Direct",345,1200,2548,
- -,DUS,DRS,Germanwings (4U),Germanwings,302,01:06,,,,,319 CRJ,,,"Direct",345,338,2548,
- -,DUS,DUB,Germanwings (4U),Germanwings,568,01:38,,,,,CRJ,,,"Direct",345,599,2548,
- -,DUS,GVA,Germanwings (4U),Germanwings,350,01:12,,,,,CRJ,,,"Direct",345,1665,2548,
- -,DUS,HDF,Germanwings (4U),Germanwings,357,01:12,,,,,CRJ,,,"Direct",345,5557,2548,
- -,DUS,HER,Germanwings (4U),Germanwings,1430,03:21,,,,,319,,,"Direct",345,1452,2548,
- -,DUS,IBZ,Germanwings (4U),Germanwings,896,02:17,,,,,320,,,"Direct",345,1225,2548,
- -,DUS,KTW,Germanwings (4U),Germanwings,538,01:34,,,,,CRJ,,,"Direct",345,671,2548,
- -,DUS,LEJ,Germanwings (4U),Germanwings,235,00:58,,,,,CRJ,,,"Direct",345,348,2548,
- -,DUS,LYS,Germanwings (4U),Germanwings,391,01:16,,,,,CRJ,,,"Direct",345,1335,2548,
- -,DUS,MAD,Germanwings (4U),Germanwings,895,02:17,,,,,CRJ,,,"Direct",345,1229,2548,
- -,DUS,MPL,Germanwings (4U),Germanwings,548,01:35,,,,,CRJ,,,"Direct",345,1359,2548,
- -,DUS,MXP,Germanwings (4U),Germanwings,400,01:18,,,,,CRJ 320,,,"Direct",345,1524,2548,
- -,DUS,NQY,Germanwings (4U),Germanwings,515,01:31,,,,,CRJ,,,"Direct",345,481,2548,
- -,DUS,NUE,Germanwings (4U),Germanwings,226,00:57,,,,,CRJ,,,"Direct",345,347,2548,
- -,DUS,OLB,Germanwings (4U),Germanwings,729,01:57,,,,,CRJ,,,"Direct",345,1520,2548,
- -,DUS,PMI,Germanwings (4U),Germanwings,833,02:09,,,,,320,,,"Direct",345,3998,2548,
- -,DUS,POZ,Germanwings (4U),Germanwings,435,01:22,,,,,CRJ,,,"Direct",345,674,2548,
- -,DUS,PRG,Germanwings (4U),Germanwings,337,01:10,,,,,CRJ,,,"Direct",345,1587,2548,
- -,DUS,PRN,Germanwings (4U),Germanwings,899,02:17,,,,,319,,,"Direct",345,1742,2548,
- -,DUS,SKG,Germanwings (4U),Germanwings,1072,02:38,,,,,319 320,,,"Direct",345,1486,2548,
- -,DUS,SPU,Germanwings (4U),Germanwings,695,01:53,,,,,319,,,"Direct",345,1206,2548,
- -,DUS,SUF,Germanwings (4U),Germanwings,970,02:26,,,,,CRJ,,,"Direct",345,1508,2548,
- -,DUS,TRN,Germanwings (4U),Germanwings,422,01:20,,,,,CRJ,,,"Direct",345,1526,2548,
- -,DUS,VCE,Germanwings (4U),Germanwings,474,01:26,,,,,320 319,,,"Direct",345,1551,2548,
- -,DUS,WAW,Germanwings (4U),Germanwings,609,01:43,,,,,CRJ,,,"Direct",345,679,2548,
- -,DUS,WRO,Germanwings (4U),Germanwings,437,01:22,,,,,CRJ,,,"Direct",345,680,2548,
- -,DUS,ZAD,Germanwings (4U),Germanwings,635,01:46,,,,,CRJ,,,"Direct",345,1209,2548,
- -,EDI,CGN,Germanwings (4U),Germanwings,556,01:36,,,,,319,,,"Direct",535,344,2548,
- -,FAO,CGN,Germanwings (4U),Germanwings,1211,02:55,,,,,319 320,,,"Direct",1626,344,2548,
- -,FAO,HAM,Germanwings (4U),Germanwings,1432,03:21,,,,,319,,,"Direct",1626,342,2548,
- -,FAO,STR,Germanwings (4U),Germanwings,1181,02:51,,,,,319 320,,,"Direct",1626,350,2548,
- -,FCO,CGN,Germanwings (4U),Germanwings,671,01:50,,,,,319 320,,,"Direct",1555,344,2548,
- -,FCO,HAJ,Germanwings (4U),Germanwings,745,01:59,,,,,319,,,"Direct",1555,352,2548,
- -,FCO,HAM,Germanwings (4U),Germanwings,823,02:08,,,,,319,,,"Direct",1555,342,2548,
- -,FCO,STR,Germanwings (4U),Germanwings,497,01:29,,,,,319,,,"Direct",1555,350,2548,
- -,FCO,TXL,Germanwings (4U),Germanwings,744,01:59,,,,,319,,,"Direct",1555,351,2548,
- -,FDH,CGN,Germanwings (4U),Germanwings,245,00:59,,,,,319 CRJ,,,"Direct",382,344,2548,
- -,FKB,HAM,Germanwings (4U),Germanwings,344,01:11,,,,,CRJ,,,"Direct",4166,342,2548,
- -,FMM,HAM,Germanwings (4U),Germanwings,389,01:16,,,,,CRJ,,,"Direct",3986,342,2548,
- -,FMM,TXL,Germanwings (4U),Germanwings,343,01:11,,,,,CRJ,,,"Direct",3986,351,2548,
- -,FRA,HDF,Germanwings (4U),Germanwings,356,01:12,,,,,CRJ,,,"Direct",340,5557,2548,
- -,GVA,DUS,Germanwings (4U),Germanwings,350,01:12,,,,,CRJ,,,"Direct",1665,345,2548,
- -,GVA,HAM,Germanwings (4U),Germanwings,538,01:34,,,,,CRJ,,,"Direct",1665,342,2548,
- -,HAJ,BCN,Germanwings (4U),Germanwings,849,02:11,,,,,319,,,"Direct",352,1218,2548,
- -,HAJ,CTA,Germanwings (4U),Germanwings,1067,02:38,,,,,319,,,"Direct",352,1509,2548,
- -,HAJ,DBV,Germanwings (4U),Germanwings,790,02:04,,,,,319,,,"Direct",352,1200,2548,
- -,HAJ,FCO,Germanwings (4U),Germanwings,745,01:59,,,,,319,,,"Direct",352,1555,2548,
- -,HAJ,HER,Germanwings (4U),Germanwings,1404,03:18,,,,,319,,,"Direct",352,1452,2548,
- -,HAJ,MXP,Germanwings (4U),Germanwings,473,01:26,,,,,319,,,"Direct",352,1524,2548,
- -,HAJ,NAP,Germanwings (4U),Germanwings,828,02:09,,,,,319,,,"Direct",352,1561,2548,
- -,HAJ,PMI,Germanwings (4U),Germanwings,950,02:24,,,,,319,,,"Direct",352,3998,2548,
- -,HAJ,PRN,Germanwings (4U),Germanwings,861,02:13,,,,,319,,,"Direct",352,1742,2548,
- -,HAJ,SAW,Germanwings (4U),Germanwings,1218,02:56,,,,,319,,,"Direct",352,4317,2548,
- -,HAJ,SKG,Germanwings (4U),Germanwings,1035,02:34,,,,,319,,,"Direct",352,1486,2548,
- -,HAJ,SPU,Germanwings (4U),Germanwings,687,01:52,,,,,319,,,"Direct",352,1206,2548,
- -,HAJ,STN,Germanwings (4U),Germanwings,401,01:18,,,,,319,,,"Direct",352,548,2548,
- -,HAJ,STR,Germanwings (4U),Germanwings,261,01:01,,,,,319,,,"Direct",352,350,2548,
- -,HAJ,SUF,Germanwings (4U),Germanwings,987,02:28,,,,,319,,,"Direct",352,1508,2548,
- -,HAJ,VCE,Germanwings (4U),Germanwings,495,01:29,,,,,319,,,"Direct",352,1551,2548,
- -,HAJ,VIE,Germanwings (4U),Germanwings,426,01:21,,,,,319,,,"Direct",352,1613,2548,
- -,HAM,AMS,Germanwings (4U),Germanwings,235,00:58,,,,,CRJ,,,"Direct",342,580,2548,
- -,HAM,ARN,Germanwings (4U),Germanwings,512,01:31,,,,,CRJ,,,"Direct",342,737,2548,
- -,HAM,BCN,Germanwings (4U),Germanwings,926,02:21,,,,,319,,,"Direct",342,1218,2548,
- -,HAM,BGO,Germanwings (4U),Germanwings,493,01:29,,,,,CRJ,,,"Direct",342,636,2548,
- -,HAM,BHX,Germanwings (4U),Germanwings,493,01:29,,,,,CRJ,,,"Direct",342,469,2548,
- -,HAM,BIA,Germanwings (4U),Germanwings,765,02:01,,,,,CRJ,,,"Direct",342,1321,2548,
- -,HAM,BUD,Germanwings (4U),Germanwings,589,01:40,,,,,CRJ,,,"Direct",342,1489,2548,
- -,HAM,CDG,Germanwings (4U),Germanwings,452,01:24,,,,,319 CRJ,,,"Direct",342,1382,2548,
- -,HAM,CGN,Germanwings (4U),Germanwings,225,00:57,,,,,319 CRJ,,,"Direct",342,344,2548,
- -,HAM,CTA,Germanwings (4U),Germanwings,1142,02:47,,,,,319,,,"Direct",342,1509,2548,
- -,HAM,DBV,Germanwings (4U),Germanwings,853,02:12,,,,,319,,,"Direct",342,1200,2548,
- -,HAM,FAO,Germanwings (4U),Germanwings,1432,03:21,,,,,319,,,"Direct",342,1626,2548,
- -,HAM,FCO,Germanwings (4U),Germanwings,823,02:08,,,,,319,,,"Direct",342,1555,2548,
- -,HAM,FKB,Germanwings (4U),Germanwings,344,01:11,,,,,CRJ,,,"Direct",342,4166,2548,
- -,HAM,FMM,Germanwings (4U),Germanwings,389,01:16,,,,,CRJ,,,"Direct",342,3986,2548,
- -,HAM,GVA,Germanwings (4U),Germanwings,538,01:34,,,,,CRJ,,,"Direct",342,1665,2548,
- -,HAM,HER,Germanwings (4U),Germanwings,1461,03:25,,,,,319,,,"Direct",342,1452,2548,
- -,HAM,KLU,Germanwings (4U),Germanwings,519,01:32,,,,,319 CRJ,,,"Direct",342,4322,2548,
- -,HAM,LHR,Germanwings (4U),Germanwings,462,01:25,,,,,319 CRJ,,,"Direct",342,507,2548,
- -,HAM,MAD,Germanwings (4U),Germanwings,1105,02:42,,,,,CRJ,,,"Direct",342,1229,2548,
- -,HAM,MAN,Germanwings (4U),Germanwings,503,01:30,,,,,CRJ,,,"Direct",342,478,2548,
- -,HAM,MXP,Germanwings (4U),Germanwings,555,01:36,,,,,319 CRJ,,,"Direct",342,1524,2548,
- -,HAM,NAP,Germanwings (4U),Germanwings,902,02:18,,,,,319,,,"Direct",342,1561,2548,
- -,HAM,NCE,Germanwings (4U),Germanwings,699,01:53,,,,,319,,,"Direct",342,1354,2548,
- -,HAM,NUE,Germanwings (4U),Germanwings,289,01:04,,,,,CRJ,,,"Direct",342,347,2548,
- -,HAM,OLB,Germanwings (4U),Germanwings,879,02:15,,,,,319,,,"Direct",342,1520,2548,
- -,HAM,OSL,Germanwings (4U),Germanwings,449,01:23,,,,,CRJ,,,"Direct",342,644,2548,
- -,HAM,PMI,Germanwings (4U),Germanwings,1029,02:33,,,,,319,,,"Direct",342,3998,2548,
- -,HAM,PRG,Germanwings (4U),Germanwings,304,01:06,,,,,CRJ,,,"Direct",342,1587,2548,
- -,HAM,PRN,Germanwings (4U),Germanwings,915,02:19,,,,,319,,,"Direct",342,1742,2548,
- -,HAM,RJK,Germanwings (4U),Germanwings,616,01:43,,,,,319,,,"Direct",342,1205,2548,
- -,HAM,SAW,Germanwings (4U),Germanwings,1254,03:00,,,,,319,,,"Direct",342,4317,2548,
- -,HAM,SKG,Germanwings (4U),Germanwings,1088,02:40,,,,,319,,,"Direct",342,1486,2548,
- -,HAM,SPU,Germanwings (4U),Germanwings,753,02:00,,,,,319,,,"Direct",342,1206,2548,
- -,HAM,STR,Germanwings (4U),Germanwings,342,01:11,,,,,319 CRJ,,,"Direct",342,350,2548,
- -,HAM,TLS,Germanwings (4U),Germanwings,793,02:05,,,,,CRJ,,,"Direct",342,1273,2548,
- -,HAM,VCE,Germanwings (4U),Germanwings,570,01:38,,,,,319 CRJ,,,"Direct",342,1551,2548,
- -,HAM,VIE,Germanwings (4U),Germanwings,476,01:27,,,,,319 CRJ,,,"Direct",342,1613,2548,
- -,HAM,VRN,Germanwings (4U),Germanwings,570,01:38,,,,,CRJ,,,"Direct",342,1550,2548,
- -,HAM,ZRH,Germanwings (4U),Germanwings,430,01:21,,,,,319 CRJ,,,"Direct",342,1678,2548,
- -,HDF,CGN,Germanwings (4U),Germanwings,361,01:13,,,,,CRJ,,,"Direct",5557,344,2548,
- -,HDF,DTM,Germanwings (4U),Germanwings,318,01:08,,,,,319,,,"Direct",5557,373,2548,
- -,HDF,DUS,Germanwings (4U),Germanwings,357,01:12,,,,,CRJ,,,"Direct",5557,345,2548,
- -,HDF,FRA,Germanwings (4U),Germanwings,356,01:12,,,,,CRJ,,,"Direct",5557,340,2548,
- -,HDF,STR,Germanwings (4U),Germanwings,416,01:19,,,,,CRJ,,,"Direct",5557,350,2548,
- -,HEL,TXL,Germanwings (4U),Germanwings,694,01:53,,,,,319,,,"Direct",421,351,2548,
- -,HER,CGN,Germanwings (4U),Germanwings,1398,03:17,,,,,320 319,,,"Direct",1452,344,2548,
- -,HER,DUS,Germanwings (4U),Germanwings,1430,03:21,,,,,319,,,"Direct",1452,345,2548,
- -,HER,HAJ,Germanwings (4U),Germanwings,1404,03:18,,,,,319,,,"Direct",1452,352,2548,
- -,HER,HAM,Germanwings (4U),Germanwings,1461,03:25,,,,,319,,,"Direct",1452,342,2548,
- -,HER,STR,Germanwings (4U),Germanwings,1227,02:57,,,,,319,,,"Direct",1452,350,2548,
- -,HER,TXL,Germanwings (4U),Germanwings,1323,03:08,,,,,319,,,"Direct",1452,351,2548,
- -,IBZ,CGN,Germanwings (4U),Germanwings,874,02:14,,,,,320 319,,,"Direct",1225,344,2548,
- -,IBZ,DUS,Germanwings (4U),Germanwings,896,02:17,,,,,320,,,"Direct",1225,345,2548,
- -,IBZ,STR,Germanwings (4U),Germanwings,781,02:03,,,,,319,,,"Direct",1225,350,2548,
- -,IBZ,TXL,Germanwings (4U),Germanwings,1102,02:42,,,,,319,,,"Direct",1225,351,2548,
- -,JMK,CGN,Germanwings (4U),Germanwings,1286,03:04,,,,,319,,,"Direct",1468,344,2548,
- -,JTR,CGN,Germanwings (4U),Germanwings,1348,03:11,,,,,319,,,"Direct",1479,344,2548,
- -,KGS,CGN,Germanwings (4U),Germanwings,1381,03:15,,,,,319,,,"Direct",1458,344,2548,
- -,KLU,CGN,Germanwings (4U),Germanwings,438,01:22,,,,,CRJ,,,"Direct",4322,344,2548,
- -,KLU,HAM,Germanwings (4U),Germanwings,519,01:32,,,,,319 CRJ,,,"Direct",4322,342,2548,
- -,KLU,TXL,Germanwings (4U),Germanwings,411,01:19,,,,,319 CRJ,,,"Direct",4322,351,2548,
- -,KRK,STR,Germanwings (4U),Germanwings,483,01:27,,,,,CRJ,,,"Direct",669,350,2548,
- -,KTW,DUS,Germanwings (4U),Germanwings,538,01:34,,,,,CRJ,,,"Direct",671,345,2548,
- -,KVA,CGN,Germanwings (4U),Germanwings,1080,02:39,,,,,319 320,,,"Direct",1462,344,2548,
- -,KVA,STR,Germanwings (4U),Germanwings,923,02:20,,,,,319,,,"Direct",1462,350,2548,
- -,LEJ,CGN,Germanwings (4U),Germanwings,223,00:56,,,,,CRJ 319 320,,,"Direct",348,344,2548,
- -,LEJ,DUS,Germanwings (4U),Germanwings,235,00:58,,,,,CRJ,,,"Direct",348,345,2548,
- -,LEJ,STR,Germanwings (4U),Germanwings,231,00:57,,,,,319 CRJ,,,"Direct",348,350,2548,
- -,LHR,CGN,Germanwings (4U),Germanwings,331,01:09,,,,,319 320,,,"Direct",507,344,2548,
- -,LHR,HAM,Germanwings (4U),Germanwings,462,01:25,,,,,319 CRJ,,,"Direct",507,342,2548,
- -,LHR,STR,Germanwings (4U),Germanwings,469,01:26,,,,,319 320,,,"Direct",507,350,2548,
- -,LHR,TXL,Germanwings (4U),Germanwings,588,01:40,,,,,319 320,,,"Direct",507,351,2548,
- -,LIN,TXL,Germanwings (4U),Germanwings,523,01:32,,,,,319,,,"Direct",1529,351,2548,
- -,LIS,CGN,Germanwings (4U),Germanwings,1149,02:47,,,,,319 320,,,"Direct",1638,344,2548,
- -,LIS,STR,Germanwings (4U),Germanwings,1138,02:46,,,,,319,,,"Direct",1638,350,2548,
- -,LPA,CGN,Germanwings (4U),Germanwings,1971,04:26,,,,,319,,,"Direct",1054,344,2548,
- -,LYS,DUS,Germanwings (4U),Germanwings,391,01:16,,,,,CRJ,,,"Direct",1335,345,2548,
- -,MAD,DUS,Germanwings (4U),Germanwings,895,02:17,,,,,CRJ,,,"Direct",1229,345,2548,
- -,MAD,HAM,Germanwings (4U),Germanwings,1105,02:42,,,,,CRJ,,,"Direct",1229,342,2548,
- -,MAN,CGN,Germanwings (4U),Germanwings,434,01:22,,,,,319,,,"Direct",478,344,2548,
- -,MAN,HAM,Germanwings (4U),Germanwings,503,01:30,,,,,CRJ,,,"Direct",478,342,2548,
- -,MPL,DUS,Germanwings (4U),Germanwings,548,01:35,,,,,CRJ,,,"Direct",1359,345,2548,
- -,MUC,DTM,Germanwings (4U),Germanwings,286,01:04,,,,,319,,,"Direct",346,373,2548,
- -,MXP,CGN,Germanwings (4U),Germanwings,368,01:14,,,,,319 CRJ,,,"Direct",1524,344,2548,
- -,MXP,DUS,Germanwings (4U),Germanwings,400,01:18,,,,,CRJ 320,,,"Direct",1524,345,2548,
- -,MXP,HAJ,Germanwings (4U),Germanwings,473,01:26,,,,,319,,,"Direct",1524,352,2548,
- -,MXP,HAM,Germanwings (4U),Germanwings,555,01:36,,,,,319 CRJ,,,"Direct",1524,342,2548,
- -,MXP,STR,Germanwings (4U),Germanwings,212,00:55,,,,,CRJ 319,,,"Direct",1524,350,2548,
- -,NAP,CGN,Germanwings (4U),Germanwings,769,02:02,,,,,319 320,,,"Direct",1561,344,2548,
- -,NAP,HAJ,Germanwings (4U),Germanwings,828,02:09,,,,,319,,,"Direct",1561,352,2548,
- -,NAP,HAM,Germanwings (4U),Germanwings,902,02:18,,,,,319,,,"Direct",1561,342,2548,
- -,NAP,STR,Germanwings (4U),Germanwings,593,01:41,,,,,319,,,"Direct",1561,350,2548,
- -,NCE,CGN,Germanwings (4U),Germanwings,497,01:29,,,,,319 320,,,"Direct",1354,344,2548,
- -,NCE,HAM,Germanwings (4U),Germanwings,699,01:53,,,,,319,,,"Direct",1354,342,2548,
- -,NCE,TXL,Germanwings (4U),Germanwings,674,01:50,,,,,319,,,"Direct",1354,351,2548,
- -,NDR,CGN,Germanwings (4U),Germanwings,1208,02:54,,,,,319,,,"Direct",5673,344,2548,
- -,NQY,DUS,Germanwings (4U),Germanwings,515,01:31,,,,,CRJ,,,"Direct",481,345,2548,
- -,NUE,DUS,Germanwings (4U),Germanwings,226,00:57,,,,,CRJ,,,"Direct",347,345,2548,
- -,NUE,HAM,Germanwings (4U),Germanwings,289,01:04,,,,,CRJ,,,"Direct",347,342,2548,
- -,NUE,TXL,Germanwings (4U),Germanwings,232,00:57,,,,,319,,,"Direct",347,351,2548,
- -,OLB,CGN,Germanwings (4U),Germanwings,697,01:53,,,,,319,,,"Direct",1520,344,2548,
- -,OLB,DUS,Germanwings (4U),Germanwings,729,01:57,,,,,CRJ,,,"Direct",1520,345,2548,
- -,OLB,HAM,Germanwings (4U),Germanwings,879,02:15,,,,,319,,,"Direct",1520,342,2548,
- -,OLB,STR,Germanwings (4U),Germanwings,538,01:34,,,,,319,,,"Direct",1520,350,2548,
- -,OSL,HAM,Germanwings (4U),Germanwings,449,01:23,,,,,CRJ,,,"Direct",644,342,2548,
- -,PMI,CGN,Germanwings (4U),Germanwings,809,02:07,,,,,320 319,,,"Direct",3998,344,2548,
- -,PMI,DTM,Germanwings (4U),Germanwings,858,02:12,,,,,319 320,,,"Direct",3998,373,2548,
- -,PMI,DUS,Germanwings (4U),Germanwings,833,02:09,,,,,320,,,"Direct",3998,345,2548,
- -,PMI,HAJ,Germanwings (4U),Germanwings,950,02:24,,,,,319,,,"Direct",3998,352,2548,
- -,PMI,HAM,Germanwings (4U),Germanwings,1029,02:33,,,,,319,,,"Direct",3998,342,2548,
- -,PMI,STR,Germanwings (4U),Germanwings,707,01:54,,,,,319 320,,,"Direct",3998,350,2548,
- -,PMI,TXL,Germanwings (4U),Germanwings,1028,02:33,,,,,320,,,"Direct",3998,351,2548,
- -,PMO,CGN,Germanwings (4U),Germanwings,923,02:20,,,,,319 CRJ,,,"Direct",1512,344,2548,
- -,POZ,DUS,Germanwings (4U),Germanwings,435,01:22,,,,,CRJ,,,"Direct",674,345,2548,
- -,PRG,CGN,Germanwings (4U),Germanwings,317,01:08,,,,,319 320 CRJ,,,"Direct",1587,344,2548,
- -,PRG,DUS,Germanwings (4U),Germanwings,337,01:10,,,,,CRJ,,,"Direct",1587,345,2548,
- -,PRG,HAM,Germanwings (4U),Germanwings,304,01:06,,,,,CRJ,,,"Direct",1587,342,2548,
- -,PRN,DUS,Germanwings (4U),Germanwings,899,02:17,,,,,319,,,"Direct",1742,345,2548,
- -,PRN,HAJ,Germanwings (4U),Germanwings,861,02:13,,,,,319,,,"Direct",1742,352,2548,
- -,PRN,HAM,Germanwings (4U),Germanwings,915,02:19,,,,,319,,,"Direct",1742,342,2548,
- -,PRN,STR,Germanwings (4U),Germanwings,708,01:54,,,,,319,,,"Direct",1742,350,2548,
- -,PRN,TXL,Germanwings (4U),Germanwings,777,02:03,,,,,319,,,"Direct",1742,351,2548,
- -,PSA,CGN,Germanwings (4U),Germanwings,518,01:32,,,,,319,,,"Direct",1562,344,2548,
- -,PUY,CGN,Germanwings (4U),Germanwings,517,01:32,,,,,319 CRJ,,,"Direct",1203,344,2548,
- -,RAK,CGN,Germanwings (4U),Germanwings,1539,03:34,,,,,319,,,"Direct",1075,344,2548,
- -,RHO,CGN,Germanwings (4U),Germanwings,1437,03:22,,,,,320,,,"Direct",1472,344,2548,
- -,RJK,CGN,Germanwings (4U),Germanwings,518,01:32,,,,,319,,,"Direct",1205,344,2548,
- -,RJK,HAM,Germanwings (4U),Germanwings,616,01:43,,,,,319,,,"Direct",1205,342,2548,
- -,RJK,STR,Germanwings (4U),Germanwings,347,01:11,,,,,319,,,"Direct",1205,350,2548,
- -,RLG,CGN,Germanwings (4U),Germanwings,301,01:06,,,,,319,,,"Direct",772,344,2548,
- -,RLG,STR,Germanwings (4U),Germanwings,384,01:16,,,,,319,,,"Direct",772,350,2548,
- -,SAW,CGN,Germanwings (4U),Germanwings,1260,03:01,,,,,319 320,,,"Direct",4317,344,2548,
- -,SAW,DTM,Germanwings (4U),Germanwings,1262,03:01,,,,,319,,,"Direct",4317,373,2548,
- -,SAW,HAJ,Germanwings (4U),Germanwings,1218,02:56,,,,,319,,,"Direct",4317,352,2548,
- -,SAW,HAM,Germanwings (4U),Germanwings,1254,03:00,,,,,319,,,"Direct",4317,342,2548,
- -,SAW,STR,Germanwings (4U),Germanwings,1116,02:43,,,,,319,,,"Direct",4317,350,2548,
- -,SAW,TXL,Germanwings (4U),Germanwings,1101,02:42,,,,,319,,,"Direct",4317,351,2548,
- -,SJJ,CGN,Germanwings (4U),Germanwings,713,01:55,,,,,319,,,"Direct",1646,344,2548,
- -,SJJ,STR,Germanwings (4U),Germanwings,548,01:35,,,,,319,,,"Direct",1646,350,2548,
- -,SJJ,TXL,Germanwings (4U),Germanwings,645,01:47,,,,,319,,,"Direct",1646,351,2548,
- -,SKG,CGN,Germanwings (4U),Germanwings,1041,02:34,,,,,319 320,,,"Direct",1486,344,2548,
- -,SKG,DUS,Germanwings (4U),Germanwings,1072,02:38,,,,,319 320,,,"Direct",1486,345,2548,
- -,SKG,HAJ,Germanwings (4U),Germanwings,1035,02:34,,,,,319,,,"Direct",1486,352,2548,
- -,SKG,HAM,Germanwings (4U),Germanwings,1088,02:40,,,,,319,,,"Direct",1486,342,2548,
- -,SKG,STR,Germanwings (4U),Germanwings,878,02:15,,,,,319 320,,,"Direct",1486,350,2548,
- -,SPU,CGN,Germanwings (4U),Germanwings,662,01:49,,,,,319,,,"Direct",1206,344,2548,
- -,SPU,DTM,Germanwings (4U),Germanwings,682,01:51,,,,,319,,,"Direct",1206,373,2548,
- -,SPU,DUS,Germanwings (4U),Germanwings,695,01:53,,,,,319,,,"Direct",1206,345,2548,
- -,SPU,HAJ,Germanwings (4U),Germanwings,687,01:52,,,,,319,,,"Direct",1206,352,2548,
- -,SPU,HAM,Germanwings (4U),Germanwings,753,02:00,,,,,319,,,"Direct",1206,342,2548,
- -,SPU,STR,Germanwings (4U),Germanwings,490,01:28,,,,,319 320,,,"Direct",1206,350,2548,
- -,SPU,TXL,Germanwings (4U),Germanwings,638,01:46,,,,,319,,,"Direct",1206,351,2548,
- -,STN,CGN,Germanwings (4U),Germanwings,305,01:06,,,,,319,,,"Direct",548,344,2548,
- -,STN,HAJ,Germanwings (4U),Germanwings,401,01:18,,,,,319,,,"Direct",548,352,2548,
- -,STN,STR,Germanwings (4U),Germanwings,453,01:24,,,,,319,,,"Direct",548,350,2548,
- -,STR,AGP,Germanwings (4U),Germanwings,1079,02:39,,,,,320 319,,,"Direct",350,1230,2548,
- -,STR,ATH,Germanwings (4U),Germanwings,1044,02:35,,,,,319,,,"Direct",350,3941,2548,
- -,STR,BCN,Germanwings (4U),Germanwings,617,01:44,,,,,319 320,,,"Direct",350,1218,2548,
- -,STR,BDS,Germanwings (4U),Germanwings,699,01:53,,,,,319,,,"Direct",350,1506,2548,
- -,STR,BEG,Germanwings (4U),Germanwings,587,01:40,,,,,319,,,"Direct",350,1739,2548,
- -,STR,BIA,Germanwings (4U),Germanwings,423,01:20,,,,,319,,,"Direct",350,1321,2548,
- -,STR,BIO,Germanwings (4U),Germanwings,689,01:52,,,,,CRJ 319,,,"Direct",350,1216,2548,
- -,STR,BRE,Germanwings (4U),Germanwings,301,01:06,,,,,319 CRJ,,,"Direct",350,353,2548,
- -,STR,BRI,Germanwings (4U),Germanwings,637,01:46,,,,,319,,,"Direct",350,1501,2548,
- -,STR,BRU,Germanwings (4U),Germanwings,260,01:01,,,,,319 CRJ,,,"Direct",350,302,2548,
- -,STR,BUD,Germanwings (4U),Germanwings,471,01:26,,,,,319 CRJ,,,"Direct",350,1489,2548,
- -,STR,CAG,Germanwings (4U),Germanwings,651,01:48,,,,,319,,,"Direct",350,1519,2548,
- -,STR,CFU,Germanwings (4U),Germanwings,819,02:08,,,,,319,,,"Direct",350,1460,2548,
- -,STR,CTA,Germanwings (4U),Germanwings,828,02:09,,,,,319,,,"Direct",350,1509,2548,
- -,STR,DBV,Germanwings (4U),Germanwings,607,01:42,,,,,319,,,"Direct",350,1200,2548,
- -,STR,DRS,Germanwings (4U),Germanwings,263,01:01,,,,,319 CRJ,,,"Direct",350,338,2548,
- -,STR,FAO,Germanwings (4U),Germanwings,1181,02:51,,,,,319 320,,,"Direct",350,1626,2548,
- -,STR,FCO,Germanwings (4U),Germanwings,497,01:29,,,,,319,,,"Direct",350,1555,2548,
- -,STR,HAJ,Germanwings (4U),Germanwings,261,01:01,,,,,319,,,"Direct",350,352,2548,
- -,STR,HAM,Germanwings (4U),Germanwings,342,01:11,,,,,319 CRJ,,,"Direct",350,342,2548,
- -,STR,HDF,Germanwings (4U),Germanwings,416,01:19,,,,,CRJ,,,"Direct",350,5557,2548,
- -,STR,HER,Germanwings (4U),Germanwings,1227,02:57,,,,,319,,,"Direct",350,1452,2548,
- -,STR,IBZ,Germanwings (4U),Germanwings,781,02:03,,,,,319,,,"Direct",350,1225,2548,
- -,STR,KRK,Germanwings (4U),Germanwings,483,01:27,,,,,CRJ,,,"Direct",350,669,2548,
- -,STR,KVA,Germanwings (4U),Germanwings,923,02:20,,,,,319,,,"Direct",350,1462,2548,
- -,STR,LEJ,Germanwings (4U),Germanwings,231,00:57,,,,,319 CRJ,,,"Direct",350,348,2548,
- -,STR,LHR,Germanwings (4U),Germanwings,469,01:26,,,,,319 320,,,"Direct",350,507,2548,
- -,STR,LIS,Germanwings (4U),Germanwings,1138,02:46,,,,,319,,,"Direct",350,1638,2548,
- -,STR,MXP,Germanwings (4U),Germanwings,212,00:55,,,,,CRJ 319,,,"Direct",350,1524,2548,
- -,STR,NAP,Germanwings (4U),Germanwings,593,01:41,,,,,319,,,"Direct",350,1561,2548,
- -,STR,OLB,Germanwings (4U),Germanwings,538,01:34,,,,,319,,,"Direct",350,1520,2548,
- -,STR,PMI,Germanwings (4U),Germanwings,707,01:54,,,,,319 320,,,"Direct",350,3998,2548,
- -,STR,PRN,Germanwings (4U),Germanwings,708,01:54,,,,,319,,,"Direct",350,1742,2548,
- -,STR,RJK,Germanwings (4U),Germanwings,347,01:11,,,,,319,,,"Direct",350,1205,2548,
- -,STR,RLG,Germanwings (4U),Germanwings,384,01:16,,,,,319,,,"Direct",350,772,2548,
- -,STR,SAW,Germanwings (4U),Germanwings,1116,02:43,,,,,319,,,"Direct",350,4317,2548,
- -,STR,SJJ,Germanwings (4U),Germanwings,548,01:35,,,,,319,,,"Direct",350,1646,2548,
- -,STR,SKG,Germanwings (4U),Germanwings,878,02:15,,,,,319 320,,,"Direct",350,1486,2548,
- -,STR,SPU,Germanwings (4U),Germanwings,490,01:28,,,,,319 320,,,"Direct",350,1206,2548,
- -,STR,STN,Germanwings (4U),Germanwings,453,01:24,,,,,319,,,"Direct",350,548,2548,
- -,STR,SUF,Germanwings (4U),Germanwings,760,02:01,,,,,319,,,"Direct",350,1508,2548,
- -,STR,TXL,Germanwings (4U),Germanwings,321,01:08,,,,,320 319 CRJ,,,"Direct",350,351,2548,
- -,STR,VIE,Germanwings (4U),Germanwings,339,01:10,,,,,319 320 CRJ,,,"Direct",350,1613,2548,
- -,STR,ZAD,Germanwings (4U),Germanwings,430,01:21,,,,,319,,,"Direct",350,1209,2548,
- -,STR,ZAG,Germanwings (4U),Germanwings,379,01:15,,,,,319,,,"Direct",350,1208,2548,
- -,SUF,CGN,Germanwings (4U),Germanwings,936,02:22,,,,,319,,,"Direct",1508,344,2548,
- -,SUF,DUS,Germanwings (4U),Germanwings,970,02:26,,,,,CRJ,,,"Direct",1508,345,2548,
- -,SUF,HAJ,Germanwings (4U),Germanwings,987,02:28,,,,,319,,,"Direct",1508,352,2548,
- -,SUF,STR,Germanwings (4U),Germanwings,760,02:01,,,,,319,,,"Direct",1508,350,2548,
- -,SZG,CGN,Germanwings (4U),Germanwings,338,01:10,,,,,319,,,"Direct",1612,344,2548,
- -,TLS,HAM,Germanwings (4U),Germanwings,793,02:05,,,,,CRJ,,,"Direct",1273,342,2548,
- -,TLV,CGN,Germanwings (4U),Germanwings,1917,04:20,,,,,319 320,,,"Direct",1590,344,2548,
- -,TRN,DUS,Germanwings (4U),Germanwings,422,01:20,,,,,CRJ,,,"Direct",1526,345,2548,
- -,TUN,CGN,Germanwings (4U),Germanwings,979,02:27,,,,,319,,,"Direct",287,344,2548,
- -,TXL,AGP,Germanwings (4U),Germanwings,1394,03:17,,,,,319,,,"Direct",351,1230,2548,
- -,TXL,AOI,Germanwings (4U),Germanwings,617,01:44,,,,,CRJ,,,"Direct",351,4309,2548,
- -,TXL,BHX,Germanwings (4U),Germanwings,630,01:45,,,,,319,,,"Direct",351,469,2548,
- -,TXL,BIA,Germanwings (4U),Germanwings,713,01:55,,,,,320,,,"Direct",351,1321,2548,
- -,TXL,BLQ,Germanwings (4U),Germanwings,561,01:37,,,,,319,,,"Direct",351,1538,2548,
- -,TXL,CGN,Germanwings (4U),Germanwings,287,01:04,,,,,320 319,,,"Direct",351,344,2548,
- -,TXL,CTA,Germanwings (4U),Germanwings,1045,02:35,,,,,319,,,"Direct",351,1509,2548,
- -,TXL,DBV,Germanwings (4U),Germanwings,727,01:57,,,,,320,,,"Direct",351,1200,2548,
- -,TXL,FCO,Germanwings (4U),Germanwings,744,01:59,,,,,319,,,"Direct",351,1555,2548,
- -,TXL,FMM,Germanwings (4U),Germanwings,343,01:11,,,,,CRJ,,,"Direct",351,3986,2548,
- -,TXL,HEL,Germanwings (4U),Germanwings,694,01:53,,,,,319,,,"Direct",351,421,2548,
- -,TXL,HER,Germanwings (4U),Germanwings,1323,03:08,,,,,319,,,"Direct",351,1452,2548,
- -,TXL,IBZ,Germanwings (4U),Germanwings,1102,02:42,,,,,319,,,"Direct",351,1225,2548,
- -,TXL,KLU,Germanwings (4U),Germanwings,411,01:19,,,,,319 CRJ,,,"Direct",351,4322,2548,
- -,TXL,LHR,Germanwings (4U),Germanwings,588,01:40,,,,,319 320,,,"Direct",351,507,2548,
- -,TXL,LIN,Germanwings (4U),Germanwings,523,01:32,,,,,319,,,"Direct",351,1529,2548,
- -,TXL,NCE,Germanwings (4U),Germanwings,674,01:50,,,,,319,,,"Direct",351,1354,2548,
- -,TXL,NUE,Germanwings (4U),Germanwings,232,00:57,,,,,319,,,"Direct",351,347,2548,
- -,TXL,PMI,Germanwings (4U),Germanwings,1028,02:33,,,,,320,,,"Direct",351,3998,2548,
- -,TXL,PRN,Germanwings (4U),Germanwings,777,02:03,,,,,319,,,"Direct",351,1742,2548,
- -,TXL,SAW,Germanwings (4U),Germanwings,1101,02:42,,,,,319,,,"Direct",351,4317,2548,
- -,TXL,SJJ,Germanwings (4U),Germanwings,645,01:47,,,,,319,,,"Direct",351,1646,2548,
- -,TXL,SPU,Germanwings (4U),Germanwings,638,01:46,,,,,319,,,"Direct",351,1206,2548,
- -,TXL,STR,Germanwings (4U),Germanwings,321,01:08,,,,,319 320 CRJ,,,"Direct",351,350,2548,
- -,TXL,VIE,Germanwings (4U),Germanwings,339,01:10,,,,,319 320,,,"Direct",351,1613,2548,
- -,TXL,VRN,Germanwings (4U),Germanwings,506,01:30,,,,,319,,,"Direct",351,1550,2548,
- -,TXL,ZAD,Germanwings (4U),Germanwings,591,01:40,,,,,319,,,"Direct",351,1209,2548,
- -,VCE,CGN,Germanwings (4U),Germanwings,440,01:22,,,,,320 319,,,"Direct",1551,344,2548,
- -,VCE,DUS,Germanwings (4U),Germanwings,474,01:26,,,,,320 319,,,"Direct",1551,345,2548,
- -,VCE,HAJ,Germanwings (4U),Germanwings,495,01:29,,,,,319,,,"Direct",1551,352,2548,
- -,VCE,HAM,Germanwings (4U),Germanwings,570,01:38,,,,,319 CRJ,,,"Direct",1551,342,2548,
- -,VIE,CGN,Germanwings (4U),Germanwings,463,01:25,,,,,319 320,,,"Direct",1613,344,2548,
- -,VIE,HAJ,Germanwings (4U),Germanwings,426,01:21,,,,,319,,,"Direct",1613,352,2548,
- -,VIE,HAM,Germanwings (4U),Germanwings,476,01:27,,,,,319 CRJ,,,"Direct",1613,342,2548,
- -,VIE,STR,Germanwings (4U),Germanwings,339,01:10,,,,,319 320 CRJ,,,"Direct",1613,350,2548,
- -,VIE,TXL,Germanwings (4U),Germanwings,339,01:10,,,,,319 320,,,"Direct",1613,351,2548,
- -,VRN,CGN,Germanwings (4U),Germanwings,415,01:19,,,,,319,,,"Direct",1550,344,2548,
- -,VRN,HAM,Germanwings (4U),Germanwings,570,01:38,,,,,CRJ,,,"Direct",1550,342,2548,
- -,VRN,TXL,Germanwings (4U),Germanwings,506,01:30,,,,,319,,,"Direct",1550,351,2548,
- -,WAW,CGN,Germanwings (4U),Germanwings,599,01:41,,,,,CRJ,,,"Direct",679,344,2548,
- -,WAW,DUS,Germanwings (4U),Germanwings,609,01:43,,,,,CRJ,,,"Direct",679,345,2548,
- -,WRO,DUS,Germanwings (4U),Germanwings,437,01:22,,,,,CRJ,,,"Direct",680,345,2548,
- -,XRY,CGN,Germanwings (4U),Germanwings,1172,02:50,,,,,319,,,"Direct",1226,344,2548,
- -,ZAD,CGN,Germanwings (4U),Germanwings,602,01:42,,,,,319,,,"Direct",1209,344,2548,
- -,ZAD,DUS,Germanwings (4U),Germanwings,635,01:46,,,,,CRJ,,,"Direct",1209,345,2548,
- -,ZAD,STR,Germanwings (4U),Germanwings,430,01:21,,,,,319,,,"Direct",1209,350,2548,
- -,ZAD,TXL,Germanwings (4U),Germanwings,591,01:40,,,,,319,,,"Direct",1209,351,2548,
- -,ZAG,CGN,Germanwings (4U),Germanwings,540,01:34,,,,,CRJ 319,,,"Direct",1208,344,2548,
- -,ZAG,STR,Germanwings (4U),Germanwings,379,01:15,,,,,319,,,"Direct",1208,350,2548,
- -,ZRH,CGN,Germanwings (4U),Germanwings,243,00:59,,,,,320 319,,,"Direct",1678,344,2548,
- -,ZRH,HAM,Germanwings (4U),Germanwings,430,01:21,,,,,319 CRJ,,,"Direct",1678,342,2548,