﻿Date,From,To,Flight_Number,Airline,Distance,Duration,Seat,Seat_Type,Class,Reason,Plane,Registration,Trip,Note,From_OID,To_OID,Airline_OID,Plane_OID
- -,LPA,ACE,Transavia Holland (HV),Transavia Holland,128,00:45,,,,,73H,,,"Direct",1054,1055,5039,
- -,LPA,ACE,Binter Canarias (NT),Binter Canarias,128,00:45,,,,,CR9 AT7,,,"Direct",1054,1055,1539,
- -,LPA,ACE,Tropic Air (PM),Tropic Air,128,00:45,,,,,AT4,,,"Direct",1054,1055,5016,
- -,LPA,AGA,Binter Canarias (NT),Binter Canarias,396,01:17,,,,,AT7,,,"Codeshare",1054,1064,1539,
- -,LPA,AGP,Iberia Airlines (IB),Iberia Airlines,875,02:15,,,,,320,,,"Codeshare",1054,1230,2822,
- -,LPA,AGP,Formosa Airlines (VY),Formosa Airlines,875,02:15,,,,,320,,,"Direct",1054,1230,2439,
- -,LPA,ALC,Iberia Airlines (IB),Iberia Airlines,1113,02:43,,,,,CR9,,,"Codeshare",1054,1212,2822,
- -,LPA,AMS,Transavia Holland (HV),Transavia Holland,1976,04:27,,,,,73H,,,"Direct",1054,580,5039,
- -,LPA,ARN,Norwegian Air Shuttle (DY),Norwegian Air Shuttle,2692,05:53,,,,,73H,,,"Direct",1054,737,3737,
- -,LPA,BCN,Ryanair (FR),Ryanair,1350,03:12,,,,,738,,,"Direct",1054,1218,4296,
- -,LPA,BCN,Iberia Airlines (IB),Iberia Airlines,1350,03:12,,,,,320,,,"Codeshare",1054,1218,2822,
- -,LPA,BCN,Formosa Airlines (VY),Formosa Airlines,1350,03:12,,,,,320,,,"Direct",1054,1218,2439,
- -,LPA,BGO,Norwegian Air Shuttle (DY),Norwegian Air Shuttle,2433,05:21,,,,,73H,,,"Direct",1054,636,3737,
- -,LPA,BGY,Ryanair (FR),Ryanair,1836,04:10,,,,,738,,,"Direct",1054,1525,4296,
- -,LPA,BHX,Ryanair (FR),Ryanair,1832,04:09,,,,,738,,,"Direct",1054,469,4296,
- -,LPA,BHX,Transavia France (TO),Transavia France,1832,04:09,,,,,75W,,,"Direct",1054,469,8745,
- -,LPA,BHX,Air Bourbon (ZB),Air Bourbon,1832,04:09,,,,,321,,,"Direct",1054,469,220,
- -,LPA,BIO,Iberia Airlines (IB),Iberia Airlines,1268,03:02,,,,,320,,,"Codeshare",1054,1216,2822,
- -,LPA,BIO,Air Europa (UX),Air Europa,1268,03:02,,,,,738,,,"Direct",1054,1216,90,
- -,LPA,BIO,Formosa Airlines (VY),Formosa Airlines,1268,03:02,,,,,320,,,"Direct",1054,1216,2439,
- -,LPA,BJL,Binter Canarias (NT),Binter Canarias,1011,02:31,,,,,CR9,,,"Codeshare",1054,1050,1539,
- -,LPA,BOH,Ryanair (FR),Ryanair,1729,03:57,,,,,738,,,"Direct",1054,494,4296,
- -,LPA,BRE,Ryanair (FR),Ryanair,2127,04:45,,,,,738,,,"Direct",1054,353,4296,
- -,LPA,BRE,Germania (ST),Germania,2127,04:45,,,,,319,,,"Direct",1054,353,2547,
- -,LPA,BRS,Ryanair (FR),Ryanair,1748,03:59,,,,,738,,,"Direct",1054,490,4296,
- -,LPA,BRS,Transavia France (TO),Transavia France,1748,03:59,,,,,75W,,,"Direct",1054,490,8745,
- -,LPA,BRU,Harmony Airways (HQ),Harmony Airways,1894,04:17,,,,,320,,,"Direct",1054,302,2684,
- -,LPA,BSL,Air Berlin (AB),Air Berlin,1832,04:09,,,,,320,,,"Direct",1054,1423,214,
- -,LPA,BSL,easyJet (U2),easyJet,1832,04:09,,,,,320,,,"Direct",1054,1423,2297,
- -,LPA,BSL,TUIfly (X3),TUIfly,1832,04:09,,,,,73H,,,"Direct",1054,1423,2681,
- -,LPA,CDG,XL Airways France (SE),XL Airways France,1739,03:58,,,,,738,,,"Direct",1054,1382,5479,
- -,LPA,CGN,Germanwings (4U),Germanwings,1971,04:26,,,,,319,,,"Direct",1054,344,2548,
- -,LPA,CGN,Air Berlin (AB),Air Berlin,1971,04:26,,,,,738,,,"Direct",1054,344,214,
- -,LPA,CGN,Norwegian Air Shuttle (DY),Norwegian Air Shuttle,1971,04:26,,,,,73H,,,"Direct",1054,344,3737,
- -,LPA,CGN,TUIfly (X3),TUIfly,1971,04:26,,,,,73H,,,"Direct",1054,344,2681,
- -,LPA,CMN,Royal Air Maroc (AT),Royal Air Maroc,595,01:41,,,,,AT7,,,"Direct",1054,1074,4248,
- -,LPA,CMN,Binter Canarias (NT),Binter Canarias,595,01:41,,,,,AT7,,,"Codeshare",1054,1074,1539,
- -,LPA,CPH,Norwegian Air Shuttle (DY),Norwegian Air Shuttle,2362,05:13,,,,,73H,,,"Direct",1054,609,3737,
- -,LPA,CRL,Ryanair (FR),Ryanair,1870,04:14,,,,,738,,,"Direct",1054,304,4296,
- -,LPA,DKR,Iberia Airlines (IB),Iberia Airlines,920,02:20,,,,,321,,,"Direct",1054,1084,2822,
- -,LPA,DKR,Binter Canarias (NT),Binter Canarias,920,02:20,,,,,CR9,,,"Direct",1054,1084,1539,
- -,LPA,DUB,Aer Lingus (EI),Aer Lingus,1820,04:08,,,,,320,,,"Direct",1054,599,837,
- -,LPA,DUB,Ryanair (FR),Ryanair,1820,04:08,,,,,738,,,"Direct",1054,599,4296,
- -,LPA,DUS,Air Berlin (AB),Air Berlin,1980,04:27,,,,,332,,,"Direct",1054,345,214,
- -,LPA,DUS,Condor Flugdienst (DE),Condor Flugdienst,1980,04:27,,,,,757,,,"Direct",1054,345,1868,
- -,LPA,DUS,Yangon Airways (HK),Yangon Airways,1980,04:27,,,,,320,,,"Direct",1054,345,9784,
- -,LPA,DUS,TUIfly (X3),TUIfly,1980,04:27,,,,,73H,,,"Direct",1054,345,2681,
- -,LPA,EDI,Ryanair (FR),Ryanair,2024,04:32,,,,,738,,,"Direct",1054,535,4296,
- -,LPA,EIN,Ryanair (FR),Ryanair,1948,04:23,,,,,738,,,"Direct",1054,585,4296,
- -,LPA,EIN,Transavia Holland (HV),Transavia Holland,1948,04:23,,,,,73H 73W,,,"Direct",1054,585,5039,
- -,LPA,EMA,Ryanair (FR),Ryanair,1863,04:13,,,,,738,,,"Direct",1054,523,4296,
- -,LPA,EMA,Jet2.com (LS),Jet2.com,1863,04:13,,,,,73H,,,"Direct",1054,523,3026,
- -,LPA,EMA,Transavia France (TO),Transavia France,1863,04:13,,,,,73H,,,"Direct",1054,523,8745,
- -,LPA,ERF,Germania (ST),Germania,2100,04:42,,,,,73G,,,"Direct",1054,339,2547,
- -,LPA,EUN,Binter Canarias (NT),Binter Canarias,143,00:47,,,,,AT7,,,"Codeshare",1054,5672,1539,
- -,LPA,EUN,Tropic Air (PM),Tropic Air,143,00:47,,,,,AT4,,,"Direct",1054,5672,5016,
- -,LPA,FKB,Ryanair (FR),Ryanair,1904,04:18,,,,,738,,,"Direct",1054,4166,4296,
- -,LPA,FNC,Binter Canarias (NT),Binter Canarias,339,01:10,,,,,DH4,,,"Direct",1054,4091,1539,
- -,LPA,FNC,SATA International (S4),SATA International,339,01:10,,,,,DH4,,,"Codeshare",1054,4091,4304,
- -,LPA,FRA,Condor Flugdienst (DE),Condor Flugdienst,1977,04:27,,,,,757,,,"Direct",1054,340,1868,
- -,LPA,FRA,TUIfly (X3),TUIfly,1977,04:27,,,,,73H,,,"Direct",1054,340,2681,
- -,LPA,FUE,Binter Canarias (NT),Binter Canarias,99,00:41,,,,,AT7,,,"Direct",1054,1051,1539,
- -,LPA,FUE,Tropic Air (PM),Tropic Air,99,00:41,,,,,SWM AT4,,,"Direct",1054,1051,5016,
- -,LPA,GLA,Jet2.com (LS),Jet2.com,2004,04:30,,,,,738,,,"Direct",1054,534,3026,
- -,LPA,GLA,Transavia France (TO),Transavia France,2004,04:30,,,,,75W,,,"Direct",1054,534,8745,
- -,LPA,GLN,Tropic Air (PM),Tropic Air,332,01:09,,,,,AT4,,,"Direct",1054,9823,5016,
- -,LPA,HAJ,TUIfly (X3),TUIfly,2126,04:45,,,,,73H,,,"Direct",1054,352,2681,
- -,LPA,HAM,Air Berlin (AB),Air Berlin,2191,04:52,,,,,320,,,"Direct",1054,342,214,
- -,LPA,HAM,Condor Flugdienst (DE),Condor Flugdienst,2191,04:52,,,,,757,,,"Direct",1054,342,1868,
- -,LPA,HAM,Norwegian Air Shuttle (DY),Norwegian Air Shuttle,2191,04:52,,,,,73H,,,"Direct",1054,342,3737,
- -,LPA,LBA,Jet2.com (LS),Jet2.com,1921,04:20,,,,,752,,,"Direct",1054,517,3026,
- -,LPA,LEJ,Condor Flugdienst (DE),Condor Flugdienst,2162,04:49,,,,,321,,,"Direct",1054,348,1868,
- -,LPA,LGW,Norwegian Air Shuttle (DY),Norwegian Air Shuttle,1787,04:04,,,,,73H,,,"Direct",1054,502,3737,
- -,LPA,LGW,Transavia France (TO),Transavia France,1787,04:04,,,,,73H,,,"Direct",1054,502,8745,
- -,LPA,LGW,Thomsonfly (BY),Thomsonfly,1787,04:04,,,,,75W,,,"Direct",1054,502,5013,
- -,LPA,LGW,easyJet (U2),easyJet,1787,04:04,,,,,320,,,"Direct",1054,502,2297,
- -,LPA,LIS,Binter Canarias (NT),Binter Canarias,830,02:09,,,,,CR9,,,"Codeshare",1054,1638,1539,
- -,LPA,LIS,SATA International (S4),SATA International,830,02:09,,,,,CR9,,,"Direct",1054,1638,4304,
- -,LPA,LPL,Ryanair (FR),Ryanair,1866,04:13,,,,,738,,,"Direct",1054,491,4296,
- -,LPA,LTN,Ryanair (FR),Ryanair,1826,04:09,,,,,738,,,"Direct",1054,492,4296,
- -,LPA,LTN,Transavia France (TO),Transavia France,1826,04:09,,,,,73H,,,"Direct",1054,492,8745,
- -,LPA,LUX,Luxair (LG),Luxair,1881,04:15,,,,,73H,,,"Direct",1054,629,3329,
- -,LPA,MAD,American Airlines (AA),American Airlines,1095,02:41,,,,,320,,,"Codeshare",1054,1229,24,
- -,LPA,MAD,Alitalia (AZ),Alitalia,1095,02:41,,,,,738 332,,,"Codeshare",1054,1229,596,
- -,LPA,MAD,Ryanair (FR),Ryanair,1095,02:41,,,,,738,,,"Direct",1054,1229,4296,
- -,LPA,MAD,Iberia Airlines (IB),Iberia Airlines,1095,02:41,,,,,319 321,,,"Direct",1054,1229,2822,
- -,LPA,MAD,Czech Airlines (OK),Czech Airlines,1095,02:41,,,,,738,,,"Direct",1054,1229,1946,
- -,LPA,MAD,Air Europa (UX),Air Europa,1095,02:41,,,,,738 332 333,,,"Direct",1054,1229,90,
- -,LPA,MAN,Ryanair (FR),Ryanair,1878,04:15,,,,,738,,,"Direct",1054,478,4296,
- -,LPA,MAN,Jet2.com (LS),Jet2.com,1878,04:15,,,,,73H 752,,,"Direct",1054,478,3026,
- -,LPA,MAN,Transavia France (TO),Transavia France,1878,04:15,,,,,73H,,,"Direct",1054,478,8745,
- -,LPA,MAN,Thomsonfly (BY),Thomsonfly,1878,04:15,,,,,75W,,,"Direct",1054,478,5013,
- -,LPA,MAN,Air Bourbon (ZB),Air Bourbon,1878,04:15,,,,,321 320,,,"Direct",1054,478,220,
- -,LPA,MUC,Air Berlin (AB),Air Berlin,2021,04:32,,,,,738,,,"Direct",1054,346,214,
- -,LPA,MUC,Condor Flugdienst (DE),Condor Flugdienst,2021,04:32,,,,,757,,,"Direct",1054,346,1868,
- -,LPA,MUC,Norwegian Air Shuttle (DY),Norwegian Air Shuttle,2021,04:32,,,,,73H,,,"Direct",1054,346,3737,
- -,LPA,MUC,TUIfly (X3),TUIfly,2021,04:32,,,,,73H,,,"Direct",1054,346,2681,
- -,LPA,NCL,Jet2.com (LS),Jet2.com,1993,04:29,,,,,752,,,"Direct",1054,521,3026,
- -,LPA,NDB,Mauritania Airlines International (L6),Mauritania Airlines International,494,01:29,,,,,73G,,,"Direct",1054,1097,16942,
- -,LPA,NDB,Tropic Air (PM),Tropic Air,494,01:29,,,,,SWM AT4,,,"Direct",1054,1097,5016,
- -,LPA,NKC,Iberia Airlines (IB),Iberia Airlines,665,01:49,,,,,319,,,"Direct",1054,1094,2822,
- -,LPA,NRN,Ryanair (FR),Ryanair,1978,04:27,,,,,738,,,"Direct",1054,4198,4296,
- -,LPA,NUE,Air Berlin (AB),Air Berlin,2041,04:34,,,,,738,,,"Direct",1054,347,214,
- -,LPA,NUE,TUIfly (X3),TUIfly,2041,04:34,,,,,73H,,,"Direct",1054,347,2681,
- -,LPA,OPO,Ryanair (FR),Ryanair,994,02:29,,,,,738,,,"Direct",1054,1636,4296,
- -,LPA,ORK,Ryanair (FR),Ryanair,1689,03:52,,,,,738,,,"Direct",1054,596,4296,
- -,LPA,ORY,Iberia Airlines (IB),Iberia Airlines,1719,03:56,,,,,320,,,"Codeshare",1054,1386,2822,
- -,LPA,ORY,Formosa Airlines (VY),Formosa Airlines,1719,03:56,,,,,320,,,"Direct",1054,1386,2439,
- -,LPA,OSL,Norwegian Air Shuttle (DY),Norwegian Air Shuttle,2544,05:35,,,,,73H,,,"Direct",1054,644,3737,
- -,LPA,OSL,Scandinavian Airlines System (SK),Scandinavian Airlines System,2544,05:35,,,,,738,,,"Direct",1054,644,4319,
- -,LPA,PAD,Condor Flugdienst (DE),Condor Flugdienst,2053,04:36,,,,,32S,,,"Direct",1054,371,1868,
- -,LPA,PIK,Ryanair (FR),Ryanair,1978,04:27,,,,,738,,,"Direct",1054,537,4296,
- -,LPA,PSA,Ryanair (FR),Ryanair,1794,04:05,,,,,738,,,"Direct",1054,1562,4296,
- -,LPA,RAI,Binter Canarias (NT),Binter Canarias,1037,02:34,,,,,CR9,,,"Codeshare",1054,5674,1539,
- -,LPA,RAK,Binter Canarias (NT),Binter Canarias,508,01:30,,,,,CR9,,,"Codeshare",1054,1075,1539,
- -,LPA,SCQ,Ryanair (FR),Ryanair,1104,02:42,,,,,738,,,"Direct",1054,1243,4296,
- -,LPA,SCQ,Iberia Airlines (IB),Iberia Airlines,1104,02:42,,,,,CR9,,,"Codeshare",1054,1243,2822,
- -,LPA,SCQ,Air Europa (UX),Air Europa,1104,02:42,,,,,738,,,"Direct",1054,1243,90,
- -,LPA,SDR,Ryanair (FR),Ryanair,1248,02:59,,,,,738,,,"Direct",1054,1251,4296,
- -,LPA,SPC,Binter Canarias (NT),Binter Canarias,151,00:48,,,,,AT7,,,"Direct",1054,1053,1539,
- -,LPA,STN,Ryanair (FR),Ryanair,1840,04:10,,,,,738,,,"Direct",1054,548,4296,
- -,LPA,STN,Transavia France (TO),Transavia France,1840,04:10,,,,,73H,,,"Direct",1054,548,8745,
- -,LPA,STR,Condor Flugdienst (DE),Condor Flugdienst,1940,04:22,,,,,32S,,,"Direct",1054,350,1868,
- -,LPA,STR,TUIfly (X3),TUIfly,1940,04:22,,,,,73H,,,"Direct",1054,350,2681,
- -,LPA,SVQ,Ryanair (FR),Ryanair,855,02:12,,,,,738,,,"Direct",1054,1253,4296,
- -,LPA,SVQ,Iberia Airlines (IB),Iberia Airlines,855,02:12,,,,,320,,,"Codeshare",1054,1253,2822,
- -,LPA,SVQ,Air Europa (UX),Air Europa,855,02:12,,,,,738,,,"Direct",1054,1253,90,
- -,LPA,SVQ,Formosa Airlines (VY),Formosa Airlines,855,02:12,,,,,320,,,"Direct",1054,1253,2439,
- -,LPA,SXF,Condor Flugdienst (DE),Condor Flugdienst,2246,04:59,,,,,321,,,"Direct",1054,337,1868,
- -,LPA,SXF,Norwegian Air Shuttle (DY),Norwegian Air Shuttle,2246,04:59,,,,,73H,,,"Direct",1054,337,3737,
- -,LPA,SZG,Air Berlin (AB),Air Berlin,2046,04:35,,,,,320,,,"Direct",1054,1612,214,
- -,LPA,SZG,Niki (HG),Niki,2046,04:35,,,,,320,,,"Direct",1054,1612,3661,
- -,LPA,TFN,Royal Air Maroc (AT),Royal Air Maroc,69,00:38,,,,,AT7,,,"Direct",1054,1057,4248,
- -,LPA,TFN,Binter Canarias (NT),Binter Canarias,69,00:38,,,,,AT7,,,"Direct",1054,1057,1539,
- -,LPA,TFN,Tropic Air (PM),Tropic Air,69,00:38,,,,,AT4,,,"Direct",1054,1057,5016,
- -,LPA,TFS,Binter Canarias (NT),Binter Canarias,72,00:38,,,,,AT7,,,"Direct",1054,1056,1539,
- -,LPA,TRF,Norwegian Air Shuttle (DY),Norwegian Air Shuttle,2477,05:27,,,,,73H,,,"Direct",1054,664,3737,
- -,LPA,TXL,Air Berlin (AB),Air Berlin,2245,04:59,,,,,321 320,,,"Direct",1054,351,214,
- -,LPA,VDE,Binter Canarias (NT),Binter Canarias,152,00:48,,,,,AT7,,,"Direct",1054,1052,1539,
- -,LPA,VIE,Air Berlin (AB),Air Berlin,2200,04:54,,,,,320,,,"Direct",1054,1613,214,
- -,LPA,VIE,Niki (HG),Niki,2200,04:54,,,,,320,,,"Direct",1054,1613,3661,
- -,LPA,VIE,Austrian Airlines (OS),Austrian Airlines,2200,04:54,,,,,320,,,"Codeshare",1054,1613,491,
- -,LPA,VIL,Tropic Air (PM),Tropic Air,292,01:05,,,,,AT4,,,"Direct",1054,5670,5016,
- -,LPA,VLC,Ryanair (FR),Ryanair,1167,02:50,,,,,738,,,"Direct",1054,1246,4296,
- -,LPA,VLC,Iberia Airlines (IB),Iberia Airlines,1167,02:50,,,,,CRK,,,"Codeshare",1054,1246,2822,
- -,LPA,ZRH,Helvetic Airways (2L),Helvetic Airways,1863,04:13,,,,,319,,,"Direct",1054,1678,2750,
- -,LPA,ZRH,Air Berlin (AB),Air Berlin,1863,04:13,,,,,320,,,"Direct",1054,1678,214,
- -,LPA,ZRH,Swiss International Air Lines (LX),Swiss International Air Lines,1863,04:13,,,,,320,,,"Codeshare",1054,1678,4559,