﻿Date,From,To,Flight_Number,Airline,Distance,Duration,Seat,Seat_Type,Class,Reason,Plane,Registration,Trip,Note,From_OID,To_OID,Airline_OID,Plane_OID
- -,GRZ,AYT,Niki (HG),Niki,1049,02:35,,,,,321,,,"Direct",1609,1688,3661,
- -,GRZ,AYT,SunExpress (XQ),SunExpress,1049,02:35,,,,,738,,,"Direct",1609,1688,4573,
- -,GRZ,DUS,Lufthansa (LH),Lufthansa,491,01:28,,,,,DH4,,,"Codeshare",1609,345,3320,
- -,GRZ,DUS,Austrian Airlines (OS),Austrian Airlines,491,01:28,,,,,DH4,,,"Codeshare",1609,345,491,
- -,GRZ,FRA,Lufthansa (LH),Lufthansa,377,01:15,,,,,E90 733,,,"Direct",1609,340,3320,
- -,GRZ,FRA,Austrian Airlines (OS),Austrian Airlines,377,01:15,,,,,E90 733,,,"Codeshare",1609,340,491,
- -,GRZ,HER,Air Berlin (AB),Air Berlin,948,02:23,,,,,320,,,"Direct",1609,1452,214,
- -,GRZ,HER,Niki (HG),Niki,948,02:23,,,,,320,,,"Direct",1609,1452,3661,
- -,GRZ,MUC,Lufthansa (LH),Lufthansa,194,00:53,,,,,CR9 CR7,,,"Codeshare",1609,346,3320,
- -,GRZ,MUC,Austrian Airlines (OS),Austrian Airlines,194,00:53,,,,,CR9 CR7,,,"Codeshare",1609,346,491,
- -,GRZ,PMI,Air Berlin (AB),Air Berlin,817,02:08,,,,,320,,,"Codeshare",1609,3998,214,
- -,GRZ,PMI,Niki (HG),Niki,817,02:08,,,,,320,,,"Direct",1609,3998,3661,
- -,GRZ,STR,Lufthansa (LH),Lufthansa,311,01:07,,,,,DH4,,,"Codeshare",1609,350,3320,
- -,GRZ,STR,Austrian Airlines (OS),Austrian Airlines,311,01:07,,,,,DH4,,,"Codeshare",1609,350,491,
- -,GRZ,TFS,Air Berlin (AB),Air Berlin,2162,04:49,,,,,320,,,"Direct",1609,1056,214,
- -,GRZ,TFS,Niki (HG),Niki,2162,04:49,,,,,320,,,"Direct",1609,1056,3661,
- -,GRZ,TXL,Air Berlin (AB),Air Berlin,396,01:17,,,,,319,,,"Direct",1609,351,214,
- -,GRZ,VIE,Austrian Airlines (OS),Austrian Airlines,93,00:41,,,,,100 DH4 F70,,,"Codeshare",1609,1613,491,