﻿Date,From,To,Flight_Number,Airline,Distance,Duration,Seat,Seat_Type,Class,Reason,Plane,Registration,Trip,Note,From_OID,To_OID,Airline_OID,Plane_OID
- -,INN,AMS,Transavia Holland (HV),Transavia Holland,455,01:24,,,,,73H,,,"Direct",1610,580,5039,
- -,INN,EIN,Transavia Holland (HV),Transavia Holland,394,01:17,,,,,73W,,,"Direct",1610,585,5039,
- -,INN,FRA,Lufthansa (LH),Lufthansa,229,00:57,,,,,DH4,,,"Codeshare",1610,340,3320,
- -,INN,FRA,Austrian Airlines (OS),Austrian Airlines,229,00:57,,,,,DH4,,,"Codeshare",1610,340,491,
- -,INN,LGW,easyJet (U2),easyJet,584,01:40,,,,,319,,,"Direct",1610,502,2297,
- -,INN,PMI,Air Berlin (AB),Air Berlin,684,01:52,,,,,320,,,"Codeshare",1610,3998,214,
- -,INN,PMI,Niki (HG),Niki,684,01:52,,,,,320,,,"Direct",1610,3998,3661,
- -,INN,VIE,Austrian Airlines (OS),Austrian Airlines,249,00:59,,,,,F70 100 DH4 320,,,"Codeshare",1610,1613,491,