﻿Date,From,To,Flight_Number,Airline,Distance,Duration,Seat,Seat_Type,Class,Reason,Plane,Registration,Trip,Note,From_OID,To_OID,Airline_OID,Plane_OID
- -,JFK,ABQ,JetBlue Airways (B6),JetBlue Airways,1820,04:08,,,,,320,,,"Direct",3797,4019,3029,
- -,JFK,ACC,Delta Air Lines (DL),Delta Air Lines,5105,10:42,,,,,76W,,,"Direct",3797,248,2009,
- -,JFK,AMM,American Airlines (AA),American Airlines,5722,11:56,,,,,340 330,,,"Codeshare",3797,2170,24,
- -,JFK,AMM,Royal Jordanian (RJ),Royal Jordanian,5722,11:56,,,,,340 330,,,"Direct",3797,2170,4259,
- -,JFK,AMM,US Airways (US),US Airways,5722,11:56,,,,,340 330,,,"Direct",3797,2170,5265,
- -,JFK,AMS,Delta Air Lines (DL),Delta Air Lines,3631,07:45,,,,,76W,,,"Direct",3797,580,2009,
- -,JFK,AMS,KLM Royal Dutch Airlines (KL),KLM Royal Dutch Airlines,3631,07:45,,,,,330 777 74M 747,,,"Direct",3797,580,3090,
- -,JFK,ANU,American Airlines (AA),American Airlines,1773,04:02,,,,,738,,,"Direct",3797,2874,24,
- -,JFK,ANU,US Airways (US),US Airways,1773,04:02,,,,,738,,,"Direct",3797,2874,5265,
- -,JFK,ARN,Norwegian Air Shuttle (DY),Norwegian Air Shuttle,3907,08:18,,,,,788,,,"Codeshare",3797,737,3737,
- -,JFK,ATL,Air France (AF),Air France,758,02:00,,,,,319 738 752,,,"Codeshare",3797,3682,137,
- -,JFK,ATL,AeroMéxico (AM),AeroMéxico,758,02:00,,,,,752 319 757 738,,,"Codeshare",3797,3682,321,
- -,JFK,ATL,Alitalia (AZ),Alitalia,758,02:00,,,,,752 319 M88 738,,,"Codeshare",3797,3682,596,
- -,JFK,ATL,Delta Air Lines (DL),Delta Air Lines,758,02:00,,,,,752 757 319 738 M88 ,,,"Direct",3797,3682,2009,
- -,JFK,ATL,KLM Royal Dutch Airlines (KL),KLM Royal Dutch Airlines,758,02:00,,,,,319 738 752 M88,,,"Codeshare",3797,3682,3090,
- -,JFK,ATL,Aeroflot Russian Airlines (SU),Aeroflot Russian Airlines,758,02:00,,,,,752 319 738 757 M88,,,"Codeshare",3797,3682,130,
- -,JFK,ATL,Virgin Atlantic Airways (VS),Virgin Atlantic Airways,758,02:00,,,,,752 319 738 757 M88,,,"Codeshare",3797,3682,5347,
- -,JFK,AUA,JetBlue Airways (B6),JetBlue Airways,1956,04:24,,,,,320,,,"Direct",3797,2895,3029,
- -,JFK,AUA,Delta Air Lines (DL),Delta Air Lines,1956,04:24,,,,,73H,,,"Direct",3797,2895,2009,
- -,JFK,AUH,American Airlines (AA),American Airlines,6850,14:12,,,,,777,,,"Codeshare",3797,2179,24,
- -,JFK,AUH,Etihad Airways (EY),Etihad Airways,6850,14:12,,,,,77W,,,"Direct",3797,2179,2222,
- -,JFK,AUS,American Airlines (AA),American Airlines,1518,03:32,,,,,738,,,"Direct",3797,3673,24,
- -,JFK,AUS,JetBlue Airways (B6),JetBlue Airways,1518,03:32,,,,,320,,,"Direct",3797,3673,3029,
- -,JFK,AUS,Delta Air Lines (DL),Delta Air Lines,1518,03:32,,,,,319,,,"Direct",3797,3673,2009,
- -,JFK,AUS,US Airways (US),US Airways,1518,03:32,,,,,738,,,"Direct",3797,3673,5265,
- -,JFK,AZS,JetBlue Airways (B6),JetBlue Airways,1495,03:29,,,,,320,,,"Direct",3797,5810,3029,
- -,JFK,BCN,American Airlines (AA),American Airlines,3819,08:08,,,,,763,,,"Direct",3797,1218,24,
- -,JFK,BCN,Air France (AF),Air France,3819,08:08,,,,,333,,,"Codeshare",3797,1218,137,
- -,JFK,BCN,Finnair (AY),Finnair,3819,08:08,,,,,763,,,"Direct",3797,1218,2350,
- -,JFK,BCN,British Airways (BA),British Airways,3819,08:08,,,,,763,,,"Codeshare",3797,1218,1355,
- -,JFK,BCN,Delta Air Lines (DL),Delta Air Lines,3819,08:08,,,,,333,,,"Direct",3797,1218,2009,
- -,JFK,BCN,Iberia Airlines (IB),Iberia Airlines,3819,08:08,,,,,763,,,"Codeshare",3797,1218,2822,
- -,JFK,BCN,KLM Royal Dutch Airlines (KL),KLM Royal Dutch Airlines,3819,08:08,,,,,330,,,"Codeshare",3797,1218,3090,
- -,JFK,BCN,Qatar Airways (QR),Qatar Airways,3819,08:08,,,,,763,,,"Codeshare",3797,1218,4091,
- -,JFK,BCN,US Airways (US),US Airways,3819,08:08,,,,,763,,,"Direct",3797,1218,5265,
- -,JFK,BDA,American Airlines (AA),American Airlines,761,02:01,,,,,738,,,"Direct",3797,4069,24,
- -,JFK,BDA,JetBlue Airways (B6),JetBlue Airways,761,02:01,,,,,320,,,"Direct",3797,4069,3029,
- -,JFK,BDA,Delta Air Lines (DL),Delta Air Lines,761,02:01,,,,,73H,,,"Direct",3797,4069,2009,
- -,JFK,BDA,US Airways (US),US Airways,761,02:01,,,,,738,,,"Direct",3797,4069,5265,
- -,JFK,BGI,JetBlue Airways (B6),JetBlue Airways,2090,04:40,,,,,321,,,"Direct",3797,2875,3029,
- -,JFK,BGO,Norwegian Air Shuttle (DY),Norwegian Air Shuttle,3480,07:27,,,,,788,,,"Codeshare",3797,636,3737,
- -,JFK,BNA,American Airlines (AA),American Airlines,763,02:01,,,,,ER4,,,"Codeshare",3797,3690,24,
- -,JFK,BNA,Delta Air Lines (DL),Delta Air Lines,763,02:01,,,,,CR9,,,"Direct",3797,3690,2009,
- -,JFK,BNA,US Airways (US),US Airways,763,02:01,,,,,ER4,,,"Codeshare",3797,3690,5265,
- -,JFK,BOG,Avianca - Aerovias Nacionales de Colombia (AV),Avianca - Aerovias Nacionales de Colombia,2481,05:27,,,,,319 330,,,"Direct",3797,2709,515,
- -,JFK,BOG,Delta Air Lines (DL),Delta Air Lines,2481,05:27,,,,,73W,,,"Direct",3797,2709,2009,
- -,JFK,BOG,United Airlines (UA),United Airlines,2481,05:27,,,,,330,,,"Codeshare",3797,2709,5209,
- -,JFK,BOG,US Airways (US),US Airways,2481,05:27,,,,,319,,,"Direct",3797,2709,5265,
- -,JFK,BOS,American Airlines (AA),American Airlines,186,00:52,,,,,738,,,"Direct",3797,3448,24,
- -,JFK,BOS,JetBlue Airways (B6),JetBlue Airways,186,00:52,,,,,E90 320,,,"Direct",3797,3448,3029,
- -,JFK,BOS,Delta Air Lines (DL),Delta Air Lines,186,00:52,,,,,CR9 752 CR7,,,"Direct",3797,3448,2009,
- -,JFK,BOS,US Airways (US),US Airways,186,00:52,,,,,738,,,"Direct",3797,3448,5265,
- -,JFK,BQN,JetBlue Airways (B6),JetBlue Airways,1579,03:39,,,,,320,,,"Direct",3797,2885,3029,
- -,JFK,BRU,Air France (AF),Air France,3655,07:48,,,,,76W,,,"Direct",3797,302,137,
- -,JFK,BRU,Delta Air Lines (DL),Delta Air Lines,3655,07:48,,,,,76W,,,"Direct",3797,302,2009,
- -,JFK,BRU,KLM Royal Dutch Airlines (KL),KLM Royal Dutch Airlines,3655,07:48,,,,,76W,,,"Codeshare",3797,302,3090,
- -,JFK,BRU,Lufthansa (LH),Lufthansa,3655,07:48,,,,,333,,,"Codeshare",3797,302,3320,
- -,JFK,BRU,Brussels Airlines (SN),Brussels Airlines,3655,07:48,,,,,333,,,"Direct",3797,302,1531,
- -,JFK,BRU,United Airlines (UA),United Airlines,3655,07:48,,,,,333,,,"Codeshare",3797,302,5209,
- -,JFK,BTV,JetBlue Airways (B6),JetBlue Airways,266,01:01,,,,,E90,,,"Direct",3797,3711,3029,
- -,JFK,BUF,JetBlue Airways (B6),JetBlue Airways,300,01:06,,,,,E90 320,,,"Direct",3797,3820,3029,
- -,JFK,BUF,Delta Air Lines (DL),Delta Air Lines,300,01:06,,,,,CR7 CR9,,,"Direct",3797,3820,2009,
- -,JFK,BUR,JetBlue Airways (B6),JetBlue Airways,2458,05:24,,,,,320,,,"Direct",3797,3644,3029,
- -,JFK,BWI,American Airlines (AA),American Airlines,183,00:51,,,,,ER4,,,"Codeshare",3797,3849,24,
- -,JFK,BWI,Delta Air Lines (DL),Delta Air Lines,183,00:51,,,,,ERJ,,,"Direct",3797,3849,2009,
- -,JFK,BWI,US Airways (US),US Airways,183,00:51,,,,,ER4,,,"Codeshare",3797,3849,5265,
- -,JFK,CAI,Egyptair (MS),Egyptair,5599,11:41,,,,,773,,,"Direct",3797,1128,2143,
- -,JFK,CAI,United Airlines (UA),United Airlines,5599,11:41,,,,,773,,,"Codeshare",3797,1128,5209,
- -,JFK,CCS,American Airlines (AA),American Airlines,2115,04:43,,,,,757 738,,,"Direct",3797,2851,24,
- -,JFK,CDG,American Airlines (AA),American Airlines,3622,07:44,,,,,763 757,,,"Direct",3797,1382,24,
- -,JFK,CDG,Air France (AF),Air France,3622,07:44,,,,,332 772 388 343,,,"Direct",3797,1382,137,
- -,JFK,CDG,Finnair (AY),Finnair,3622,07:44,,,,,763 757,,,"Direct",3797,1382,2350,
- -,JFK,CDG,Alitalia (AZ),Alitalia,3622,07:44,,,,,332 388 772 343,,,"Codeshare",3797,1382,596,
- -,JFK,CDG,British Airways (BA),British Airways,3622,07:44,,,,,763 757,,,"Codeshare",3797,1382,1355,
- -,JFK,CDG,Delta Air Lines (DL),Delta Air Lines,3622,07:44,,,,,332 772 388 343,,,"Direct",3797,1382,2009,
- -,JFK,CDG,Etihad Airways (EY),Etihad Airways,3622,07:44,,,,,763 757,,,"Codeshare",3797,1382,2222,
- -,JFK,CDG,Iberia Airlines (IB),Iberia Airlines,3622,07:44,,,,,763 757,,,"Codeshare",3797,1382,2822,
- -,JFK,CDG,Qatar Airways (QR),Qatar Airways,3622,07:44,,,,,757,,,"Codeshare",3797,1382,4091,
- -,JFK,CDG,XL Airways France (SE),XL Airways France,3622,07:44,,,,,763 332,,,"Direct",3797,1382,5479,
- -,JFK,CDG,US Airways (US),US Airways,3622,07:44,,,,,763 757,,,"Direct",3797,1382,5265,
- -,JFK,CHS,JetBlue Airways (B6),JetBlue Airways,636,01:46,,,,,320,,,"Direct",3797,3806,3029,
- -,JFK,CHS,Delta Air Lines (DL),Delta Air Lines,636,01:46,,,,,ERJ CRJ,,,"Direct",3797,3806,2009,
- -,JFK,CLE,American Airlines (AA),American Airlines,423,01:20,,,,,ER4,,,"Codeshare",3797,3486,24,
- -,JFK,CLE,Delta Air Lines (DL),Delta Air Lines,423,01:20,,,,,CRJ ERJ,,,"Direct",3797,3486,2009,
- -,JFK,CLE,US Airways (US),US Airways,423,01:20,,,,,ER4,,,"Codeshare",3797,3486,5265,
- -,JFK,CLT,American Airlines (AA),American Airlines,540,01:34,,,,,321 319,,,"Direct",3797,3876,24,
- -,JFK,CLT,JetBlue Airways (B6),JetBlue Airways,540,01:34,,,,,E90,,,"Direct",3797,3876,3029,
- -,JFK,CLT,Delta Air Lines (DL),Delta Air Lines,540,01:34,,,,,ERJ,,,"Direct",3797,3876,2009,
- -,JFK,CLT,US Airways (US),US Airways,540,01:34,,,,,321 319,,,"Direct",3797,3876,5265,
- -,JFK,CMH,American Airlines (AA),American Airlines,481,01:27,,,,,ER4 CR7,,,"Codeshare",3797,3759,24,
- -,JFK,CMH,Delta Air Lines (DL),Delta Air Lines,481,01:27,,,,,ERJ CRJ,,,"Direct",3797,3759,2009,
- -,JFK,CMH,US Airways (US),US Airways,481,01:27,,,,,CR7,,,"Direct",3797,3759,5265,
- -,JFK,CMN,Royal Air Maroc (AT),Royal Air Maroc,3598,07:41,,,,,763,,,"Direct",3797,1074,4248,
- -,JFK,CPH,Norwegian Air Shuttle (DY),Norwegian Air Shuttle,3843,08:11,,,,,788,,,"Codeshare",3797,609,3737,
- -,JFK,CTG,JetBlue Airways (B6),JetBlue Airways,2087,04:40,,,,,320,,,"Direct",3797,2714,3029,
- -,JFK,CUN,American Airlines (AA),American Airlines,1556,03:36,,,,,738,,,"Direct",3797,1852,24,
- -,JFK,CUN,AeroMéxico (AM),AeroMéxico,1556,03:36,,,,,738,,,"Direct",3797,1852,321,
- -,JFK,CUN,JetBlue Airways (B6),JetBlue Airways,1556,03:36,,,,,320,,,"Direct",3797,1852,3029,
- -,JFK,CUN,Delta Air Lines (DL),Delta Air Lines,1556,03:36,,,,,738,,,"Direct",3797,1852,2009,
- -,JFK,CUN,US Airways (US),US Airways,1556,03:36,,,,,738,,,"Direct",3797,1852,5265,
- -,JFK,CVG,American Airlines (AA),American Airlines,587,01:40,,,,,ER4,,,"Codeshare",3797,3488,24,
- -,JFK,CVG,Delta Air Lines (DL),Delta Air Lines,587,01:40,,,,,CR9 CR7,,,"Direct",3797,3488,2009,
- -,JFK,CVG,US Airways (US),US Airways,587,01:40,,,,,ER4,,,"Codeshare",3797,3488,5265,
- -,JFK,DCA,American Airlines (AA),American Airlines,212,00:55,,,,,738,,,"Direct",3797,3520,24,
- -,JFK,DCA,Delta Air Lines (DL),Delta Air Lines,212,00:55,,,,,CR9,,,"Direct",3797,3520,2009,
- -,JFK,DCA,US Airways (US),US Airways,212,00:55,,,,,738,,,"Direct",3797,3520,5265,
- -,JFK,DEL,Air India Limited (AI),Air India Limited,7299,15:05,,,,,77W,,,"Direct",3797,3093,218,
- -,JFK,DEN,JetBlue Airways (B6),JetBlue Airways,1620,03:44,,,,,320,,,"Direct",3797,3751,3029,
- -,JFK,DEN,Delta Air Lines (DL),Delta Air Lines,1620,03:44,,,,,73H,,,"Direct",3797,3751,2009,
- -,JFK,DFW,American Airlines (AA),American Airlines,1387,03:16,,,,,738 757,,,"Direct",3797,3670,24,
- -,JFK,DFW,Delta Air Lines (DL),Delta Air Lines,1387,03:16,,,,,CR9,,,"Direct",3797,3670,2009,
- -,JFK,DFW,US Airways (US),US Airways,1387,03:16,,,,,738 757,,,"Direct",3797,3670,5265,
- -,JFK,DKR,Delta Air Lines (DL),Delta Air Lines,3800,08:06,,,,,752,,,"Direct",3797,1084,2009,
- -,JFK,DOH,American Airlines (AA),American Airlines,6688,13:52,,,,,777,,,"Direct",3797,11051,24,
- -,JFK,DOH,Qatar Airways (QR),Qatar Airways,6688,13:52,,,,,77W,,,"Direct",3797,11051,4091,
- -,JFK,DTW,Delta Air Lines (DL),Delta Air Lines,507,01:30,,,,,M88 CR9 73H 319,,,"Direct",3797,3645,2009,
- -,JFK,DUB,American Airlines (AA),American Airlines,3169,06:50,,,,,757,,,"Direct",3797,599,24,
- -,JFK,DUB,Air France (AF),Air France,3169,06:50,,,,,752,,,"Codeshare",3797,599,137,
- -,JFK,DUB,Finnair (AY),Finnair,3169,06:50,,,,,757,,,"Direct",3797,599,2350,
- -,JFK,DUB,British Airways (BA),British Airways,3169,06:50,,,,,757,,,"Codeshare",3797,599,1355,
- -,JFK,DUB,Delta Air Lines (DL),Delta Air Lines,3169,06:50,,,,,752,,,"Direct",3797,599,2009,
- -,JFK,DUB,Aer Lingus (EI),Aer Lingus,3169,06:50,,,,,330,,,"Direct",3797,599,837,
- -,JFK,DUB,KLM Royal Dutch Airlines (KL),KLM Royal Dutch Airlines,3169,06:50,,,,,757,,,"Codeshare",3797,599,3090,
- -,JFK,DUB,United Airlines (UA),United Airlines,3169,06:50,,,,,330,,,"Codeshare",3797,599,5209,
- -,JFK,DUB,US Airways (US),US Airways,3169,06:50,,,,,757,,,"Direct",3797,599,5265,
- -,JFK,DUS,American Airlines (AA),American Airlines,3736,07:58,,,,,330,,,"Codeshare",3797,345,24,
- -,JFK,DUS,Air Berlin (AB),Air Berlin,3736,07:58,,,,,332,,,"Direct",3797,345,214,
- -,JFK,DXB,JetBlue Airways (B6),JetBlue Airways,6832,14:09,,,,,388,,,"Direct",3797,2188,3029,
- -,JFK,DXB,Emirates (EK),Emirates,6832,14:09,,,,,388,,,"Direct",3797,2188,2183,
- -,JFK,EZE,LAN Argentina (4M),LAN Argentina,5300,11:06,,,,,777,,,"Codeshare",3797,3988,3201,
- -,JFK,EZE,American Airlines (AA),American Airlines,5300,11:06,,,,,777,,,"Direct",3797,3988,24,
- -,JFK,EZE,Aerolineas Argentinas (AR),Aerolineas Argentinas,5300,11:06,,,,,330,,,"Direct",3797,3988,412,
- -,JFK,FCO,American Airlines (AA),American Airlines,4263,09:01,,,,,763,,,"Direct",3797,1555,24,
- -,JFK,FCO,Finnair (AY),Finnair,4263,09:01,,,,,763,,,"Codeshare",3797,1555,2350,
- -,JFK,FCO,Alitalia (AZ),Alitalia,4263,09:01,,,,,772 330,,,"Direct",3797,1555,596,
- -,JFK,FCO,British Airways (BA),British Airways,4263,09:01,,,,,763,,,"Codeshare",3797,1555,1355,
- -,JFK,FCO,Delta Air Lines (DL),Delta Air Lines,4263,09:01,,,,,772 333 330,,,"Direct",3797,1555,2009,
- -,JFK,FCO,Iberia Airlines (IB),Iberia Airlines,4263,09:01,,,,,763,,,"Codeshare",3797,1555,2822,
- -,JFK,FCO,US Airways (US),US Airways,4263,09:01,,,,,763,,,"Direct",3797,1555,5265,
- -,JFK,FLL,JetBlue Airways (B6),JetBlue Airways,1070,02:38,,,,,320 E90,,,"Direct",3797,3533,3029,
- -,JFK,FLL,Delta Air Lines (DL),Delta Air Lines,1070,02:38,,,,,752 M88 73H 738,,,"Direct",3797,3533,2009,
- -,JFK,FRA,Air France (AF),Air France,3843,08:11,,,,,76W,,,"Codeshare",3797,340,137,
- -,JFK,FRA,Delta Air Lines (DL),Delta Air Lines,3843,08:11,,,,,76W,,,"Direct",3797,340,2009,
- -,JFK,FRA,Ethiopian Airlines (ET),Ethiopian Airlines,3843,08:11,,,,,744,,,"Codeshare",3797,340,2220,
- -,JFK,FRA,KLM Royal Dutch Airlines (KL),KLM Royal Dutch Airlines,3843,08:11,,,,,76W,,,"Codeshare",3797,340,3090,
- -,JFK,FRA,Lufthansa (LH),Lufthansa,3843,08:11,,,,,388 744,,,"Direct",3797,340,3320,
- -,JFK,FRA,Singapore Airlines (SQ),Singapore Airlines,3843,08:11,,,,,388,,,"Direct",3797,340,4435,
- -,JFK,FRA,United Airlines (UA),United Airlines,3843,08:11,,,,,388 744,,,"Codeshare",3797,340,5209,
- -,JFK,FRA,US Airways (US),US Airways,3843,08:11,,,,,388,,,"Direct",3797,340,5265,
- -,JFK,GCM,JetBlue Airways (B6),JetBlue Airways,1540,03:34,,,,,320,,,"Direct",3797,1926,3029,
- -,JFK,GCM,Cayman Airways (KX),Cayman Airways,1540,03:34,,,,,733,,,"Direct",3797,1926,1682,
- -,JFK,GEO,Caribbean Airlines (BW),Caribbean Airlines,2545,05:35,,,,,767,,,"Direct",3797,4304,1663,
- -,JFK,GIG,American Airlines (AA),American Airlines,4800,10:06,,,,,763,,,"Direct",3797,2560,24,
- -,JFK,GIG,TAM Brazilian Airlines (JJ),TAM Brazilian Airlines,4800,10:06,,,,,763,,,"Direct",3797,2560,4867,
- -,JFK,GIG,US Airways (US),US Airways,4800,10:06,,,,,763,,,"Direct",3797,2560,5265,
- -,JFK,GND,Caribbean Airlines (BW),Caribbean Airlines,2107,04:42,,,,,738,,,"Direct",3797,2882,1663,
- -,JFK,GND,Delta Air Lines (DL),Delta Air Lines,2107,04:42,,,,,73H,,,"Direct",3797,2882,2009,
- -,JFK,GRU,American Airlines (AA),American Airlines,4759,10:01,,,,,773 77W 777,,,"Direct",3797,2564,24,
- -,JFK,GRU,Delta Air Lines (DL),Delta Air Lines,4759,10:01,,,,,764,,,"Direct",3797,2564,2009,
- -,JFK,GRU,City Connexion Airlines (G3),City Connexion Airlines,4759,10:01,,,,,764,,,"Direct",3797,2564,1790,
- -,JFK,GRU,TAM Brazilian Airlines (JJ),TAM Brazilian Airlines,4759,10:01,,,,,773 77W 777,,,"Direct",3797,2564,4867,
- -,JFK,GRU,US Airways (US),US Airways,4759,10:01,,,,,77W 777,,,"Direct",3797,2564,5265,
- -,JFK,GUA,Delta Air Lines (DL),Delta Air Lines,2062,04:37,,,,,752,,,"Direct",3797,1767,2009,
- -,JFK,GVA,Swiss International Air Lines (LX),Swiss International Air Lines,3851,08:12,,,,,333,,,"Direct",3797,1665,4559,
- -,JFK,GVA,United Airlines (UA),United Airlines,3851,08:12,,,,,333,,,"Codeshare",3797,1665,5209,
- -,JFK,GYE,American Airlines (AA),American Airlines,2980,06:27,,,,,763,,,"Codeshare",3797,2673,24,
- -,JFK,GYE,Aerolane (XL),Aerolane,2980,06:27,,,,,763,,,"Direct",3797,2673,1034,
- -,JFK,HEL,American Airlines (AA),American Airlines,4103,08:42,,,,,330,,,"Codeshare",3797,421,24,
- -,JFK,HEL,Finnair (AY),Finnair,4103,08:42,,,,,333,,,"Direct",3797,421,2350,
- -,JFK,HEL,British Airways (BA),British Airways,4103,08:42,,,,,333,,,"Codeshare",3797,421,1355,
- -,JFK,HEL,Iberia Airlines (IB),Iberia Airlines,4103,08:42,,,,,330,,,"Codeshare",3797,421,2822,
- -,JFK,HKG,American Airlines (AA),American Airlines,8054,16:36,,,,,773,,,"Codeshare",3797,3077,24,
- -,JFK,HKG,Cathay Pacific (CX),Cathay Pacific,8054,16:36,,,,,77W,,,"Direct",3797,3077,1680,
- -,JFK,HNL,Hawaiian Airlines (HA),Hawaiian Airlines,4972,10:26,,,,,332,,,"Direct",3797,3728,2688,
- -,JFK,HOU,JetBlue Airways (B6),JetBlue Airways,1425,03:21,,,,,E90,,,"Direct",3797,3566,3029,
- -,JFK,IAD,JetBlue Airways (B6),JetBlue Airways,227,00:57,,,,,E90,,,"Direct",3797,3714,3029,
- -,JFK,IAD,Delta Air Lines (DL),Delta Air Lines,227,00:57,,,,,CR7 ERJ CRJ,,,"Direct",3797,3714,2009,
- -,JFK,IAD,United Airlines (UA),United Airlines,227,00:57,,,,,CRJ,,,"Codeshare",3797,3714,5209,
- -,JFK,ICN,Delta Air Lines (DL),Delta Air Lines,6886,14:16,,,,,77W 388,,,"Direct",3797,3930,2009,
- -,JFK,ICN,Korean Air (KE),Korean Air,6886,14:16,,,,,77W 388,,,"Direct",3797,3930,3163,
- -,JFK,ICN,Asiana Airlines (OZ),Asiana Airlines,6886,14:16,,,,,77W,,,"Direct",3797,3930,28,
- -,JFK,ICN,United Airlines (UA),United Airlines,6886,14:16,,,,,77W,,,"Codeshare",3797,3930,5209,
- -,JFK,IND,American Airlines (AA),American Airlines,662,01:49,,,,,ER4,,,"Codeshare",3797,3585,24,
- -,JFK,IND,Delta Air Lines (DL),Delta Air Lines,662,01:49,,,,,CR9,,,"Direct",3797,3585,2009,
- -,JFK,IND,US Airways (US),US Airways,662,01:49,,,,,ER4,,,"Direct",3797,3585,5265,
- -,JFK,ISL,Turkish Airlines (TK),Turkish Airlines,5000,10:30,,,,,330 77W,,,"Direct",3797,1701,4951,
- -,JFK,ISL,US Airways (US),US Airways,5000,10:30,,,,,330 77W,,,"Codeshare",3797,1701,5265,
- -,JFK,JAX,JetBlue Airways (B6),JetBlue Airways,828,02:09,,,,,320,,,"Direct",3797,3712,3029,
- -,JFK,JAX,Delta Air Lines (DL),Delta Air Lines,828,02:09,,,,,CR9,,,"Direct",3797,3712,2009,
- -,JFK,JED,Saudi Arabian Airlines (SV),Saudi Arabian Airlines,6350,13:12,,,,,777,,,"Direct",3797,2072,4533,
- -,JFK,JNB,JetBlue Airways (B6),JetBlue Airways,7968,16:26,,,,,346,,,"Direct",3797,813,3029,
- -,JFK,JNB,South African Airways (SA),South African Airways,7968,16:26,,,,,346,,,"Direct",3797,813,4305,
- -,JFK,JNB,United Airlines (UA),United Airlines,7968,16:26,,,,,346,,,"Codeshare",3797,813,5209,
- -,JFK,JNB,US Airways (US),US Airways,7968,16:26,,,,,346,,,"Direct",3797,813,5265,
- -,JFK,KBP,Ukraine International Airlines (PS),Ukraine International Airlines,4677,09:51,,,,,767,,,"Direct",3797,2939,5282,
- -,JFK,KEF,Icelandair (FI),Icelandair,2585,05:40,,,,,75T,,,"Direct",3797,16,2835,
- -,JFK,KIN,JetBlue Airways (B6),JetBlue Airways,1577,03:39,,,,,320,,,"Direct",3797,1779,3029,
- -,JFK,KIN,Caribbean Airlines (BW),Caribbean Airlines,1577,03:39,,,,,738,,,"Direct",3797,1779,1663,
- -,JFK,KIN,Overland Airways (OJ),Overland Airways,1577,03:39,,,,,752,,,"Direct",3797,1779,3826,
- -,JFK,KIX,China Airlines (CI),China Airlines,6927,14:21,,,,,744,,,"Direct",3797,3992,1756,
- -,JFK,KWI,Kuwait Airways (KU),Kuwait Airways,6335,13:10,,,,,777,,,"Direct",3797,2176,3179,
- -,JFK,LAS,American Airlines (AA),American Airlines,2241,04:58,,,,,738,,,"Direct",3797,3877,24,
- -,JFK,LAS,JetBlue Airways (B6),JetBlue Airways,2241,04:58,,,,,320,,,"Direct",3797,3877,3029,
- -,JFK,LAS,Delta Air Lines (DL),Delta Air Lines,2241,04:58,,,,,73H 738 757,,,"Direct",3797,3877,2009,
- -,JFK,LAS,Etihad Airways (EY),Etihad Airways,2241,04:58,,,,,738,,,"Codeshare",3797,3877,2222,
- -,JFK,LAS,Hawaiian Airlines (HA),Hawaiian Airlines,2241,04:58,,,,,320,,,"Codeshare",3797,3877,2688,
- -,JFK,LAS,Qatar Airways (QR),Qatar Airways,2241,04:58,,,,,738,,,"Codeshare",3797,3877,4091,
- -,JFK,LAS,US Airways (US),US Airways,2241,04:58,,,,,738,,,"Direct",3797,3877,5265,
- -,JFK,LAS,Virgin America (VX),Virgin America,2241,04:58,,,,,320,,,"Direct",3797,3877,5331,
- -,JFK,LAX,American Airlines (AA),American Airlines,2468,05:26,,,,,32B 762,,,"Direct",3797,3484,24,
- -,JFK,LAX,Alaska Airlines (AS),Alaska Airlines,2468,05:26,,,,,321 762,,,"Codeshare",3797,3484,439,
- -,JFK,LAX,JetBlue Airways (B6),JetBlue Airways,2468,05:26,,,,,320,,,"Direct",3797,3484,3029,
- -,JFK,LAX,Delta Air Lines (DL),Delta Air Lines,2468,05:26,,,,,76W 752,,,"Direct",3797,3484,2009,
- -,JFK,LAX,Qantas (QF),Qantas,2468,05:26,,,,,744,,,"Direct",3797,3484,4089,
- -,JFK,LAX,United Airlines (UA),United Airlines,2468,05:26,,,,,757,,,"Direct",3797,3484,5209,
- -,JFK,LAX,US Airways (US),US Airways,2468,05:26,,,,,32B 762,,,"Direct",3797,3484,5265,
- -,JFK,LAX,Virgin America (VX),Virgin America,2468,05:26,,,,,320,,,"Direct",3797,3484,5331,
- -,JFK,LCY,American Airlines (AA),American Airlines,3460,07:25,,,,,318,,,"Direct",3797,503,24,
- -,JFK,LCY,Finnair (AY),Finnair,3460,07:25,,,,,318,,,"Direct",3797,503,2350,
- -,JFK,LCY,British Airways (BA),British Airways,3460,07:25,,,,,318,,,"Codeshare",3797,503,1355,
- -,JFK,LCY,Iberia Airlines (IB),Iberia Airlines,3460,07:25,,,,,318,,,"Codeshare",3797,503,2822,
- -,JFK,LGB,JetBlue Airways (B6),JetBlue Airways,2458,05:24,,,,,320,,,"Direct",3797,3582,3029,
- -,JFK,LHE,Pakistan International Airlines (PK),Pakistan International Airlines,7048,14:35,,,,,777,,,"Direct",3797,2207,3871,
- -,JFK,LHR,American Airlines (AA),American Airlines,3440,07:22,,,,,777 77W,,,"Direct",3797,507,24,
- -,JFK,LHR,Air France (AF),Air France,3440,07:22,,,,,764 76W,,,"Codeshare",3797,507,137,
- -,JFK,LHR,Air India Limited (AI),Air India Limited,3440,07:22,,,,,772,,,"Codeshare",3797,507,218,
- -,JFK,LHR,Finnair (AY),Finnair,3440,07:22,,,,,744 77W 777,,,"Direct",3797,507,2350,
- -,JFK,LHR,British Airways (BA),British Airways,3440,07:22,,,,,777 744,,,"Direct",3797,507,1355,
- -,JFK,LHR,Delta Air Lines (DL),Delta Air Lines,3440,07:22,,,,,764 76W,,,"Direct",3797,507,2009,
- -,JFK,LHR,Iberia Airlines (IB),Iberia Airlines,3440,07:22,,,,,744 77W 777,,,"Codeshare",3797,507,2822,
- -,JFK,LHR,KLM Royal Dutch Airlines (KL),KLM Royal Dutch Airlines,3440,07:22,,,,,767 76W,,,"Codeshare",3797,507,3090,
- -,JFK,LHR,Kuwait Airways (KU),Kuwait Airways,3440,07:22,,,,,777,,,"Direct",3797,507,3179,
- -,JFK,LHR,Malaysia Airlines (MH),Malaysia Airlines,3440,07:22,,,,,777,,,"Direct",3797,507,3378,
- -,JFK,LHR,US Airways (US),US Airways,3440,07:22,,,,,77W,,,"Direct",3797,507,5265,
- -,JFK,LHR,Virgin Atlantic Airways (VS),Virgin Atlantic Airways,3440,07:22,,,,,333 346 744,,,"Direct",3797,507,5347,
- -,JFK,LIM,American Airlines (AA),American Airlines,3642,07:47,,,,,763,,,"Codeshare",3797,2789,24,
- -,JFK,LIM,TAM Brazilian Airlines (JJ),TAM Brazilian Airlines,3642,07:47,,,,,763,,,"Codeshare",3797,2789,4867,
- -,JFK,LIM,LAN Airlines (LA),LAN Airlines,3642,07:47,,,,,763,,,"Direct",3797,2789,3200,
- -,JFK,LIR,JetBlue Airways (B6),JetBlue Airways,2195,04:53,,,,,320,,,"Direct",3797,1881,3029,
- -,JFK,LIR,Delta Air Lines (DL),Delta Air Lines,2195,04:53,,,,,73H,,,"Direct",3797,1881,2009,
- -,JFK,LOS,World Scale Airlines (W3),World Scale Airlines,5244,10:59,,,,,345,,,"Codeshare",3797,273,20976,
- -,JFK,LRM,JetBlue Airways (B6),JetBlue Airways,1559,03:37,,,,,320,,,"Direct",3797,1759,3029,
- -,JFK,MAD,American Airlines (AA),American Airlines,3578,07:39,,,,,330 757 340,,,"Direct",3797,1229,24,
- -,JFK,MAD,Air France (AF),Air France,3578,07:39,,,,,764,,,"Codeshare",3797,1229,137,
- -,JFK,MAD,Finnair (AY),Finnair,3578,07:39,,,,,333 757 346,,,"Direct",3797,1229,2350,
- -,JFK,MAD,British Airways (BA),British Airways,3578,07:39,,,,,333 757 346,,,"Codeshare",3797,1229,1355,
- -,JFK,MAD,Delta Air Lines (DL),Delta Air Lines,3578,07:39,,,,,764,,,"Direct",3797,1229,2009,
- -,JFK,MAD,Iberia Airlines (IB),Iberia Airlines,3578,07:39,,,,,333 346,,,"Direct",3797,1229,2822,
- -,JFK,MAD,KLM Royal Dutch Airlines (KL),KLM Royal Dutch Airlines,3578,07:39,,,,,767,,,"Codeshare",3797,1229,3090,
- -,JFK,MAD,US Airways (US),US Airways,3578,07:39,,,,,757,,,"Direct",3797,1229,5265,
- -,JFK,MAD,Air Europa (UX),Air Europa,3578,07:39,,,,,332,,,"Direct",3797,1229,90,
- -,JFK,MAN,American Airlines (AA),American Airlines,3329,07:09,,,,,757,,,"Direct",3797,478,24,
- -,JFK,MAN,Finnair (AY),Finnair,3329,07:09,,,,,757,,,"Codeshare",3797,478,2350,
- -,JFK,MAN,British Airways (BA),British Airways,3329,07:09,,,,,757,,,"Codeshare",3797,478,1355,
- -,JFK,MAN,Iberia Airlines (IB),Iberia Airlines,3329,07:09,,,,,757,,,"Codeshare",3797,478,2822,
- -,JFK,MAN,US Airways (US),US Airways,3329,07:09,,,,,757,,,"Direct",3797,478,5265,
- -,JFK,MBJ,JetBlue Airways (B6),JetBlue Airways,1548,03:35,,,,,320,,,"Direct",3797,1780,3029,
- -,JFK,MBJ,Caribbean Airlines (BW),Caribbean Airlines,1548,03:35,,,,,738,,,"Direct",3797,1780,1663,
- -,JFK,MBJ,Delta Air Lines (DL),Delta Air Lines,1548,03:35,,,,,73H,,,"Direct",3797,1780,2009,
- -,JFK,MCO,American Airlines (AA),American Airlines,944,02:23,,,,,763 757,,,"Direct",3797,3878,24,
- -,JFK,MCO,JetBlue Airways (B6),JetBlue Airways,944,02:23,,,,,320 E90,,,"Direct",3797,3878,3029,
- -,JFK,MCO,Delta Air Lines (DL),Delta Air Lines,944,02:23,,,,,752 73H M88 738,,,"Direct",3797,3878,2009,
- -,JFK,MCO,US Airways (US),US Airways,944,02:23,,,,,763 757,,,"Codeshare",3797,3878,5265,
- -,JFK,MDE,Avianca - Aerovias Nacionales de Colombia (AV),Avianca - Aerovias Nacionales de Colombia,2382,05:15,,,,,319,,,"Direct",3797,2745,515,
- -,JFK,MDE,US Airways (US),US Airways,2382,05:15,,,,,319,,,"Direct",3797,2745,5265,
- -,JFK,MEX,Interjet (ABC Aerolineas) (4O),Interjet (ABC Aerolineas),2089,04:40,,,,,320,,,"Direct",3797,1824,17885,
- -,JFK,MEX,AeroMéxico (AM),AeroMéxico,2089,04:40,,,,,738 787,,,"Direct",3797,1824,321,
- -,JFK,MEX,Alitalia (AZ),Alitalia,2089,04:40,,,,,738,,,"Codeshare",3797,1824,596,
- -,JFK,MEX,Delta Air Lines (DL),Delta Air Lines,2089,04:40,,,,,738 757 787,,,"Direct",3797,1824,2009,
- -,JFK,MIA,American Airlines (AA),American Airlines,1091,02:40,,,,,757 763 738,,,"Direct",3797,3576,24,
- -,JFK,MIA,Delta Air Lines (DL),Delta Air Lines,1091,02:40,,,,,73H M88 738 319,,,"Direct",3797,3576,2009,
- -,JFK,MIA,US Airways (US),US Airways,1091,02:40,,,,,757 738,,,"Direct",3797,3576,5265,
- -,JFK,MSP,Delta Air Lines (DL),Delta Air Lines,1025,02:33,,,,,CR9 319 M88,,,"Direct",3797,3858,2009,
- -,JFK,MSP,Sun Country Airlines (SY),Sun Country Airlines,1025,02:33,,,,,73G 738,,,"Direct",3797,3858,4356,
- -,JFK,MSY,Pinnacle Airlines (9E),Pinnacle Airlines,1180,02:51,,,,,CR9,,,"Direct",3797,3861,3976,
- -,JFK,MSY,Air France (AF),Air France,1180,02:51,,,,,CR9,,,"Codeshare",3797,3861,137,
- -,JFK,MSY,Alitalia (AZ),Alitalia,1180,02:51,,,,,CR9,,,"Codeshare",3797,3861,596,
- -,JFK,MSY,JetBlue Airways (B6),JetBlue Airways,1180,02:51,,,,,E90 320,,,"Direct",3797,3861,3029,
- -,JFK,MSY,Delta Air Lines (DL),Delta Air Lines,1180,02:51,,,,,CR9,,,"Codeshare",3797,3861,2009,
- -,JFK,MSY,Etihad Airways (EY),Etihad Airways,1180,02:51,,,,,E90 320,,,"Codeshare",3797,3861,2222,
- -,JFK,MSY,Japan Airlines (JL),Japan Airlines,1180,02:51,,,,,E90,,,"Codeshare",3797,3861,2987,
- -,JFK,MSY,KLM Royal Dutch Airlines (KL),KLM Royal Dutch Airlines,1180,02:51,,,,,CR9,,,"Codeshare",3797,3861,3090,
- -,JFK,MSY,Lufthansa (LH),Lufthansa,1180,02:51,,,,,E90,,,"Codeshare",3797,3861,3320,
- -,JFK,MSY,Qatar Airways (QR),Qatar Airways,1180,02:51,,,,,E90,,,"Codeshare",3797,3861,4091,
- -,JFK,MSY,Virgin Atlantic Airways (VS),Virgin Atlantic Airways,1180,02:51,,,,,CR9,,,"Codeshare",3797,3861,5347,
- -,JFK,MUC,Lufthansa (LH),Lufthansa,4024,08:32,,,,,333,,,"Direct",3797,346,3320,
- -,JFK,MUC,United Airlines (UA),United Airlines,4024,08:32,,,,,333,,,"Codeshare",3797,346,5209,
- -,JFK,MXP,American Airlines (AA),American Airlines,3982,08:27,,,,,763,,,"Direct",3797,1524,24,
- -,JFK,MXP,Finnair (AY),Finnair,3982,08:27,,,,,763,,,"Codeshare",3797,1524,2350,
- -,JFK,MXP,Alitalia (AZ),Alitalia,3982,08:27,,,,,330,,,"Direct",3797,1524,596,
- -,JFK,MXP,JetBlue Airways (B6),JetBlue Airways,3982,08:27,,,,,77W,,,"Direct",3797,1524,3029,
- -,JFK,MXP,British Airways (BA),British Airways,3982,08:27,,,,,763,,,"Codeshare",3797,1524,1355,
- -,JFK,MXP,Delta Air Lines (DL),Delta Air Lines,3982,08:27,,,,,764 330,,,"Direct",3797,1524,2009,
- -,JFK,MXP,Emirates (EK),Emirates,3982,08:27,,,,,77W,,,"Direct",3797,1524,2183,
- -,JFK,MXP,Iberia Airlines (IB),Iberia Airlines,3982,08:27,,,,,763,,,"Codeshare",3797,1524,2822,
- -,JFK,MXP,Qatar Airways (QR),Qatar Airways,3982,08:27,,,,,763,,,"Codeshare",3797,1524,4091,
- -,JFK,MXP,US Airways (US),US Airways,3982,08:27,,,,,763,,,"Direct",3797,1524,5265,
- -,JFK,NAS,JetBlue Airways (B6),JetBlue Airways,1098,02:41,,,,,320 E90,,,"Direct",3797,1953,3029,
- -,JFK,NAS,Delta Air Lines (DL),Delta Air Lines,1098,02:41,,,,,M88,,,"Direct",3797,1953,2009,
- -,JFK,NCE,Air France (AF),Air France,3978,08:27,,,,,764,,,"Codeshare",3797,1354,137,
- -,JFK,NCE,Delta Air Lines (DL),Delta Air Lines,3978,08:27,,,,,764,,,"Direct",3797,1354,2009,
- -,JFK,NRT,American Airlines (AA),American Airlines,6725,13:57,,,,,787 773,,,"Direct",3797,2279,24,
- -,JFK,NRT,Delta Air Lines (DL),Delta Air Lines,6725,13:57,,,,,744,,,"Direct",3797,2279,2009,
- -,JFK,NRT,Japan Airlines (JL),Japan Airlines,6725,13:57,,,,,788 773,,,"Direct",3797,2279,2987,
- -,JFK,NRT,All Nippon Airways (NH),All Nippon Airways,6725,13:57,,,,,77W,,,"Direct",3797,2279,324,
- -,JFK,NRT,United Airlines (UA),United Airlines,6725,13:57,,,,,77W,,,"Codeshare",3797,2279,5209,
- -,JFK,OAK,JetBlue Airways (B6),JetBlue Airways,2568,05:38,,,,,320,,,"Direct",3797,3453,3029,
- -,JFK,ORD,American Airlines (AA),American Airlines,737,01:58,,,,,738,,,"Direct",3797,3830,24,
- -,JFK,ORD,JetBlue Airways (B6),JetBlue Airways,737,01:58,,,,,320 E90,,,"Direct",3797,3830,3029,
- -,JFK,ORD,Delta Air Lines (DL),Delta Air Lines,737,01:58,,,,,CR9,,,"Direct",3797,3830,2009,
- -,JFK,ORD,Qatar Airways (QR),Qatar Airways,737,01:58,,,,,738,,,"Codeshare",3797,3830,4091,
- -,JFK,ORD,US Airways (US),US Airways,737,01:58,,,,,738,,,"Direct",3797,3830,5265,
- -,JFK,ORF,American Airlines (AA),American Airlines,289,01:04,,,,,ER4,,,"Codeshare",3797,3611,24,
- -,JFK,ORF,Delta Air Lines (DL),Delta Air Lines,289,01:04,,,,,ERJ,,,"Direct",3797,3611,2009,
- -,JFK,ORF,US Airways (US),US Airways,289,01:04,,,,,ER4,,,"Direct",3797,3611,5265,
- -,JFK,ORY,American Airlines (AA),American Airlines,3622,07:44,,,,,757,,,"Codeshare",3797,1386,24,
- -,JFK,ORY,British Airways (BA),British Airways,3622,07:44,,,,,752,,,"Codeshare",3797,1386,1355,
- -,JFK,ORY,Iberia Airlines (IB),Iberia Airlines,3622,07:44,,,,,752,,,"Codeshare",3797,1386,2822,
- -,JFK,OSL,Norwegian Air Shuttle (DY),Norwegian Air Shuttle,3674,07:50,,,,,788,,,"Codeshare",3797,644,3737,
- -,JFK,PAP,American Airlines (AA),American Airlines,1525,03:33,,,,,763,,,"Direct",3797,1897,24,
- -,JFK,PAP,Air France (AF),Air France,1525,03:33,,,,,738,,,"Codeshare",3797,1897,137,
- -,JFK,PAP,JetBlue Airways (B6),JetBlue Airways,1525,03:33,,,,,320,,,"Direct",3797,1897,3029,
- -,JFK,PAP,Delta Air Lines (DL),Delta Air Lines,1525,03:33,,,,,738,,,"Direct",3797,1897,2009,
- -,JFK,PBI,JetBlue Airways (B6),JetBlue Airways,1029,02:33,,,,,E90 320,,,"Direct",3797,3722,3029,
- -,JFK,PDX,JetBlue Airways (B6),JetBlue Airways,2446,05:23,,,,,320,,,"Direct",3797,3720,3029,
- -,JFK,PDX,Delta Air Lines (DL),Delta Air Lines,2446,05:23,,,,,752 73H,,,"Direct",3797,3720,2009,
- -,JFK,PEK,Air China (CA),Air China,6817,14:08,,,,,773,,,"Direct",3797,3364,751,
- -,JFK,PEK,United Airlines (UA),United Airlines,6817,14:08,,,,,773,,,"Codeshare",3797,3364,5209,
- -,JFK,PEK,US Airways (US),US Airways,6817,14:08,,,,,773,,,"Codeshare",3797,3364,5265,
- -,JFK,PHL,Delta Air Lines (DL),Delta Air Lines,93,00:41,,,,,ERJ CRJ 752,,,"Direct",3797,3752,2009,
- -,JFK,PHX,American Airlines (AA),American Airlines,2147,04:47,,,,,321,,,"Direct",3797,3462,24,
- -,JFK,PHX,JetBlue Airways (B6),JetBlue Airways,2147,04:47,,,,,320,,,"Direct",3797,3462,3029,
- -,JFK,PHX,Delta Air Lines (DL),Delta Air Lines,2147,04:47,,,,,738 73H,,,"Direct",3797,3462,2009,
- -,JFK,PHX,US Airways (US),US Airways,2147,04:47,,,,,321,,,"Direct",3797,3462,5265,
- -,JFK,PIT,American Airlines (AA),American Airlines,338,01:10,,,,,ER4,,,"Codeshare",3797,3570,24,
- -,JFK,PIT,Delta Air Lines (DL),Delta Air Lines,338,01:10,,,,,CR9 752 ERJ,,,"Direct",3797,3570,2009,
- -,JFK,PIT,US Airways (US),US Airways,338,01:10,,,,,ER4,,,"Direct",3797,3570,5265,
- -,JFK,PLS,JetBlue Airways (B6),JetBlue Airways,1305,03:06,,,,,320,,,"Direct",3797,1754,3029,
- -,JFK,PLS,Delta Air Lines (DL),Delta Air Lines,1305,03:06,,,,,73H,,,"Direct",3797,1754,2009,
- -,JFK,POP,JetBlue Airways (B6),JetBlue Airways,1454,03:24,,,,,320,,,"Direct",3797,1761,3029,
- -,JFK,POS,JetBlue Airways (B6),JetBlue Airways,2209,04:55,,,,,320,,,"Direct",3797,2902,3029,
- -,JFK,POS,Caribbean Airlines (BW),Caribbean Airlines,2209,04:55,,,,,738,,,"Direct",3797,2902,1663,
- -,JFK,PSE,JetBlue Airways (B6),JetBlue Airways,1620,03:44,,,,,320,,,"Direct",3797,2889,3029,
- -,JFK,PTY,Copa Airlines (CM),Copa Airlines,2206,04:54,,,,,738,,,"Direct",3797,1871,1889,
- -,JFK,PTY,United Airlines (UA),United Airlines,2206,04:54,,,,,738,,,"Codeshare",3797,1871,5209,
- -,JFK,PUJ,JetBlue Airways (B6),JetBlue Airways,1557,03:36,,,,,321 320,,,"Direct",3797,1760,3029,
- -,JFK,PUJ,Delta Air Lines (DL),Delta Air Lines,1557,03:36,,,,,73H,,,"Direct",3797,1760,2009,
- -,JFK,PVG,Delta Air Lines (DL),Delta Air Lines,7373,15:14,,,,,346,,,"Direct",3797,3406,2009,
- -,JFK,PVG,China Eastern Airlines (MU),China Eastern Airlines,7373,15:14,,,,,346,,,"Direct",3797,3406,1758,
- -,JFK,PWM,JetBlue Airways (B6),JetBlue Airways,273,01:02,,,,,E90,,,"Direct",3797,3862,3029,
- -,JFK,RDU,American Airlines (AA),American Airlines,426,01:21,,,,,ERD CR7,,,"Codeshare",3797,3626,24,
- -,JFK,RDU,JetBlue Airways (B6),JetBlue Airways,426,01:21,,,,,E90,,,"Direct",3797,3626,3029,
- -,JFK,RDU,Delta Air Lines (DL),Delta Air Lines,426,01:21,,,,,CR7 CR9,,,"Direct",3797,3626,2009,
- -,JFK,RDU,US Airways (US),US Airways,426,01:21,,,,,ERD CR7,,,"Direct",3797,3626,5265,
- -,JFK,RIC,Delta Air Lines (DL),Delta Air Lines,287,01:04,,,,,ERJ CR9,,,"Direct",3797,3608,2009,
- -,JFK,RIX,Uzbekistan Airways (HY),Uzbekistan Airways,4189,08:52,,,,,763 764,,,"Direct",3797,3953,5281,
- -,JFK,ROC,JetBlue Airways (B6),JetBlue Airways,263,01:01,,,,,E90,,,"Direct",3797,3622,3029,
- -,JFK,ROC,Delta Air Lines (DL),Delta Air Lines,263,01:01,,,,,CRJ ERJ CR9,,,"Direct",3797,3622,2009,
- -,JFK,RSW,JetBlue Airways (B6),JetBlue Airways,1075,02:39,,,,,320,,,"Direct",3797,3793,3029,
- -,JFK,RUH,Saudi Arabian Airlines (SV),Saudi Arabian Airlines,6508,13:30,,,,,777,,,"Direct",3797,2082,4533,
- -,JFK,SAL,Avianca - Aerovias Nacionales de Colombia (AV),Avianca - Aerovias Nacionales de Colombia,2092,04:41,,,,,320 321,,,"Direct",3797,1892,515,
- -,JFK,SAL,United Airlines (UA),United Airlines,2092,04:41,,,,,320,,,"Codeshare",3797,1892,5209,
- -,JFK,SAL,US Airways (US),US Airways,2092,04:41,,,,,320,,,"Direct",3797,1892,5265,
- -,JFK,SAN,American Airlines (AA),American Airlines,2439,05:22,,,,,738,,,"Direct",3797,3731,24,
- -,JFK,SAN,Alaska Airlines (AS),Alaska Airlines,2439,05:22,,,,,757 73H,,,"Codeshare",3797,3731,439,
- -,JFK,SAN,JetBlue Airways (B6),JetBlue Airways,2439,05:22,,,,,320,,,"Direct",3797,3731,3029,
- -,JFK,SAN,Delta Air Lines (DL),Delta Air Lines,2439,05:22,,,,,757 73H,,,"Direct",3797,3731,2009,
- -,JFK,SAN,Qatar Airways (QR),Qatar Airways,2439,05:22,,,,,738,,,"Codeshare",3797,3731,4091,
- -,JFK,SAN,US Airways (US),US Airways,2439,05:22,,,,,738,,,"Direct",3797,3731,5265,
- -,JFK,SAP,Avianca - Aerovias Nacionales de Colombia (AV),Avianca - Aerovias Nacionales de Colombia,1935,04:22,,,,,320,,,"Direct",3797,1772,515,
- -,JFK,SAT,Delta Air Lines (DL),Delta Air Lines,1584,03:40,,,,,73H,,,"Direct",3797,3621,2009,
- -,JFK,SAV,JetBlue Airways (B6),JetBlue Airways,717,01:56,,,,,320,,,"Direct",3797,3613,3029,
- -,JFK,SAV,Delta Air Lines (DL),Delta Air Lines,717,01:56,,,,,CR9 CR7,,,"Direct",3797,3613,2009,
- -,JFK,SCL,American Airlines (AA),American Airlines,5115,10:43,,,,,787,,,"Codeshare",3797,2650,24,
- -,JFK,SCL,LAN Airlines (LA),LAN Airlines,5115,10:43,,,,,787,,,"Direct",3797,2650,3200,
- -,JFK,SDF,Delta Air Lines (DL),Delta Air Lines,659,01:49,,,,,CRJ ERJ,,,"Direct",3797,4014,2009,
- -,JFK,SDQ,JetBlue Airways (B6),JetBlue Airways,1552,03:36,,,,,321 320,,,"Direct",3797,1762,3029,
- -,JFK,SDQ,Delta Air Lines (DL),Delta Air Lines,1552,03:36,,,,,73H,,,"Direct",3797,1762,2009,
- -,JFK,SEA,American Airlines (AA),American Airlines,2413,05:19,,,,,738,,,"Direct",3797,3577,24,
- -,JFK,SEA,Alaska Airlines (AS),Alaska Airlines,2413,05:19,,,,,738,,,"Codeshare",3797,3577,439,
- -,JFK,SEA,JetBlue Airways (B6),JetBlue Airways,2413,05:19,,,,,320,,,"Direct",3797,3577,3029,
- -,JFK,SEA,Delta Air Lines (DL),Delta Air Lines,2413,05:19,,,,,752 757,,,"Direct",3797,3577,2009,
- -,JFK,SEA,US Airways (US),US Airways,2413,05:19,,,,,738,,,"Direct",3797,3577,5265,
- -,JFK,SFO,American Airlines (AA),American Airlines,2578,05:39,,,,,32B 763,,,"Direct",3797,3469,24,
- -,JFK,SFO,Alaska Airlines (AS),Alaska Airlines,2578,05:39,,,,,321 763,,,"Codeshare",3797,3469,439,
- -,JFK,SFO,JetBlue Airways (B6),JetBlue Airways,2578,05:39,,,,,320,,,"Direct",3797,3469,3029,
- -,JFK,SFO,Delta Air Lines (DL),Delta Air Lines,2578,05:39,,,,,752,,,"Direct",3797,3469,2009,
- -,JFK,SFO,United Airlines (UA),United Airlines,2578,05:39,,,,,757,,,"Direct",3797,3469,5209,
- -,JFK,SFO,US Airways (US),US Airways,2578,05:39,,,,,32B 763,,,"Direct",3797,3469,5265,
- -,JFK,SFO,Virgin America (VX),Virgin America,2578,05:39,,,,,320,,,"Direct",3797,3469,5331,
- -,JFK,SJC,JetBlue Airways (B6),JetBlue Airways,2561,05:37,,,,,320,,,"Direct",3797,3748,3029,
- -,JFK,SJO,American Airlines (AA),American Airlines,2210,04:55,,,,,738,,,"Direct",3797,1885,24,
- -,JFK,SJO,Delta Air Lines (DL),Delta Air Lines,2210,04:55,,,,,757,,,"Direct",3797,1885,2009,
- -,JFK,SJO,US Airways (US),US Airways,2210,04:55,,,,,738,,,"Direct",3797,1885,5265,
- -,JFK,SJU,American Airlines (AA),American Airlines,1600,03:42,,,,,757,,,"Direct",3797,2890,24,
- -,JFK,SJU,Finnair (AY),Finnair,1600,03:42,,,,,757,,,"Direct",3797,2890,2350,
- -,JFK,SJU,JetBlue Airways (B6),JetBlue Airways,1600,03:42,,,,,320,,,"Direct",3797,2890,3029,
- -,JFK,SJU,Delta Air Lines (DL),Delta Air Lines,1600,03:42,,,,,73H 752 757,,,"Direct",3797,2890,2009,
- -,JFK,SJU,US Airways (US),US Airways,1600,03:42,,,,,757,,,"Direct",3797,2890,5265,
- -,JFK,SLC,JetBlue Airways (B6),JetBlue Airways,1983,04:27,,,,,320,,,"Direct",3797,3536,3029,
- -,JFK,SLC,Delta Air Lines (DL),Delta Air Lines,1983,04:27,,,,,757 73H 738 739 752,,,"Direct",3797,3536,2009,
- -,JFK,SMF,JetBlue Airways (B6),JetBlue Airways,2513,05:31,,,,,320,,,"Direct",3797,3817,3029,
- -,JFK,SNN,Aer Lingus (EI),Aer Lingus,3071,06:38,,,,,757,,,"Direct",3797,603,837,
- -,JFK,SRQ,JetBlue Airways (B6),JetBlue Airways,1042,02:35,,,,,E90,,,"Direct",3797,4067,3029,
- -,JFK,STI,JetBlue Airways (B6),JetBlue Airways,1478,03:27,,,,,320 321,,,"Direct",3797,1764,3029,
- -,JFK,STI,Delta Air Lines (DL),Delta Air Lines,1478,03:27,,,,,73H,,,"Direct",3797,1764,2009,
- -,JFK,STL,Delta Air Lines (DL),Delta Air Lines,889,02:16,,,,,CR7 CR9,,,"Direct",3797,3678,2009,
- -,JFK,STT,American Airlines (AA),American Airlines,1626,03:45,,,,,757,,,"Direct",3797,2883,24,
- -,JFK,STT,Delta Air Lines (DL),Delta Air Lines,1626,03:45,,,,,757,,,"Direct",3797,2883,2009,
- -,JFK,STT,US Airways (US),US Airways,1626,03:45,,,,,757,,,"Direct",3797,2883,5265,
- -,JFK,SVO,Delta Air Lines (DL),Delta Air Lines,4645,09:47,,,,,333 76W 77W,,,"Direct",3797,2985,2009,
- -,JFK,SVO,Aeroflot Russian Airlines (SU),Aeroflot Russian Airlines,4645,09:47,,,,,333 77W,,,"Direct",3797,2985,130,
- -,JFK,SXM,American Airlines (AA),American Airlines,1684,03:52,,,,,757,,,"Direct",3797,2899,24,
- -,JFK,SXM,JetBlue Airways (B6),JetBlue Airways,1684,03:52,,,,,320,,,"Direct",3797,2899,3029,
- -,JFK,SXM,Delta Air Lines (DL),Delta Air Lines,1684,03:52,,,,,752,,,"Direct",3797,2899,2009,
- -,JFK,SXM,US Airways (US),US Airways,1684,03:52,,,,,757,,,"Direct",3797,2899,5265,
- -,JFK,SYR,JetBlue Airways (B6),JetBlue Airways,208,00:54,,,,,E90,,,"Direct",3797,3745,3029,
- -,JFK,SYR,Delta Air Lines (DL),Delta Air Lines,208,00:54,,,,,ERJ,,,"Direct",3797,3745,2009,
- -,JFK,TAB,Caribbean Airlines (BW),Caribbean Airlines,2183,04:51,,,,,738,,,"Direct",3797,2901,1663,
- -,JFK,TLV,Delta Air Lines (DL),Delta Air Lines,5661,11:49,,,,,744,,,"Direct",3797,1590,2009,
- -,JFK,TLV,El Al Israel Airlines (LY),El Al Israel Airlines,5661,11:49,,,,,744,,,"Direct",3797,1590,2150,
- -,JFK,TPA,American Airlines (AA),American Airlines,1005,02:30,,,,,CR7,,,"Codeshare",3797,3646,24,
- -,JFK,TPA,JetBlue Airways (B6),JetBlue Airways,1005,02:30,,,,,320 E90,,,"Direct",3797,3646,3029,
- -,JFK,TPA,Delta Air Lines (DL),Delta Air Lines,1005,02:30,,,,,M88 738 73H,,,"Direct",3797,3646,2009,
- -,JFK,TPA,US Airways (US),US Airways,1005,02:30,,,,,CR7,,,"Codeshare",3797,3646,5265,
- -,JFK,TPE,EVA Air (BR),EVA Air,7790,16:04,,,,,77W,,,"Direct",3797,2276,2091,
- -,JFK,TXL,American Airlines (AA),American Airlines,3954,08:24,,,,,330,,,"Codeshare",3797,351,24,
- -,JFK,TXL,Air Berlin (AB),Air Berlin,3954,08:24,,,,,332,,,"Direct",3797,351,214,
- -,JFK,UVF,JetBlue Airways (B6),JetBlue Airways,2012,04:31,,,,,320,,,"Direct",3797,2894,3029,
- -,JFK,VCE,Alitalia (AZ),Alitalia,4141,08:46,,,,,764,,,"Codeshare",3797,1551,596,
- -,JFK,VCE,Delta Air Lines (DL),Delta Air Lines,4141,08:46,,,,,764,,,"Direct",3797,1551,2009,
- -,JFK,VIE,Austrian Airlines (OS),Austrian Airlines,4226,08:57,,,,,772,,,"Codeshare",3797,1613,491,
- -,JFK,VIE,United Airlines (UA),United Airlines,4226,08:57,,,,,772,,,"Codeshare",3797,1613,5209,
- -,JFK,VKO,Transaero Airlines (UN),Transaero Airlines,4658,09:48,,,,,777,,,"Direct",3797,2988,5067,
- -,JFK,WAW,LOT Polish Airlines (LO),LOT Polish Airlines,4252,09:00,,,,,788,,,"Direct",3797,679,3210,
- -,JFK,YUL,American Airlines (AA),American Airlines,333,01:09,,,,,ERD,,,"Codeshare",3797,146,24,
- -,JFK,YUL,Finnair (AY),Finnair,333,01:09,,,,,ERD,,,"Codeshare",3797,146,2350,
- -,JFK,YUL,Alitalia (AZ),Alitalia,333,01:09,,,,,ERJ,,,"Codeshare",3797,146,596,
- -,JFK,YUL,Delta Air Lines (DL),Delta Air Lines,333,01:09,,,,,ERJ CRJ,,,"Direct",3797,146,2009,
- -,JFK,YUL,US Airways (US),US Airways,333,01:09,,,,,ERD,,,"Direct",3797,146,5265,
- -,JFK,YUL,WestJet (WS),WestJet,333,01:09,,,,,ERJ CRJ,,,"Direct",3797,146,5416,
- -,JFK,YVR,Cathay Pacific (CX),Cathay Pacific,2440,05:22,,,,,77W,,,"Direct",3797,156,1680,
- -,JFK,YYC,American Airlines (AA),American Airlines,2035,04:34,,,,,737,,,"Direct",3797,178,24,
- -,JFK,YYC,Delta Air Lines (DL),Delta Air Lines,2035,04:34,,,,,736,,,"Codeshare",3797,178,2009,
- -,JFK,YYC,WestJet (WS),WestJet,2035,04:34,,,,,736,,,"Direct",3797,178,5416,
- -,JFK,YYZ,American Airlines (AA),American Airlines,365,01:13,,,,,CR7,,,"Codeshare",3797,193,24,
- -,JFK,YYZ,Air Canada (AC),Air Canada,365,01:13,,,,,CRA,,,"Codeshare",3797,193,330,
- -,JFK,YYZ,Finnair (AY),Finnair,365,01:13,,,,,CR7,,,"Codeshare",3797,193,2350,
- -,JFK,YYZ,Alitalia (AZ),Alitalia,365,01:13,,,,,CR7,,,"Codeshare",3797,193,596,
- -,JFK,YYZ,Delta Air Lines (DL),Delta Air Lines,365,01:13,,,,,CRJ CR7 ERJ,,,"Direct",3797,193,2009,
- -,JFK,YYZ,US Airways (US),US Airways,365,01:13,,,,,CR7,,,"Direct",3797,193,5265,
- -,JFK,YYZ,WestJet (WS),WestJet,365,01:13,,,,,CRJ CR7 ERJ,,,"Direct",3797,193,5416,
- -,JFK,ZRH,American Airlines (AA),American Airlines,3918,08:20,,,,,763,,,"Direct",3797,1678,24,
- -,JFK,ZRH,Swiss International Air Lines (LX),Swiss International Air Lines,3918,08:20,,,,,333,,,"Direct",3797,1678,4559,
- -,JFK,ZRH,United Airlines (UA),United Airlines,3918,08:20,,,,,333,,,"Codeshare",3797,1678,5209,
- -,JFK,ZRH,US Airways (US),US Airways,3918,08:20,,,,,763,,,"Direct",3797,1678,5265,