﻿Date,From,To,Flight_Number,Airline,Distance,Duration,Seat,Seat_Type,Class,Reason,Plane,Registration,Trip,Note,From_OID,To_OID,Airline_OID,Plane_OID
- -,KLU,CGN,Germanwings (4U),Germanwings,438,01:22,,,,,CRJ,,,"Direct",4322,344,2548,
- -,KLU,CGN,Austrian Airlines (OS),Austrian Airlines,438,01:22,,,,,CRJ,,,"Codeshare",4322,344,491,
- -,KLU,HAM,Germanwings (4U),Germanwings,519,01:32,,,,,319 CRJ,,,"Direct",4322,342,2548,
- -,KLU,HAM,Austrian Airlines (OS),Austrian Airlines,519,01:32,,,,,319 CRJ,,,"Codeshare",4322,342,491,
- -,KLU,TXL,Germanwings (4U),Germanwings,411,01:19,,,,,319 CRJ,,,"Direct",4322,351,2548,
- -,KLU,TXL,Austrian Airlines (OS),Austrian Airlines,411,01:19,,,,,319 CRJ,,,"Codeshare",4322,351,491,
- -,KLU,VIE,Austrian Airlines (OS),Austrian Airlines,145,00:47,,,,,DH4,,,"Codeshare",4322,1613,491,