﻿Date,From,To,Flight_Number,Airline,Distance,Duration,Seat,Seat_Type,Class,Reason,Plane,Registration,Trip,Note,From_OID,To_OID,Airline_OID,Plane_OID
- -,OPRN,AUH,KLM Royal Dutch Airlines (KL),KLM Royal Dutch Airlines,1278,03:03,,,,,320 332,,,"Codeshare",2223,2179,3090,
- -,AAL,AMS,KLM Royal Dutch Airlines (KL),KLM Royal Dutch Airlines,387,01:16,,,,,EMJ F70,,,"Codeshare",628,580,3090,
- -,ABE,ATL,KLM Royal Dutch Airlines (KL),KLM Royal Dutch Airlines,691,01:52,,,,,CRJ,,,"Codeshare",4355,3682,3090,
- -,ABQ,ATL,KLM Royal Dutch Airlines (KL),KLM Royal Dutch Airlines,1265,03:01,,,,,757 320,,,"Codeshare",4019,3682,3090,
- -,ABV,CDG,KLM Royal Dutch Airlines (KL),KLM Royal Dutch Airlines,2776,06:03,,,,,332,,,"Codeshare",260,1382,3090,
- -,ABV,PHC,KLM Royal Dutch Airlines (KL),KLM Royal Dutch Airlines,276,01:03,,,,,332,,,"Codeshare",260,275,3090,
- -,ABY,ATL,KLM Royal Dutch Airlines (KL),KLM Royal Dutch Airlines,145,00:47,,,,,CRJ,,,"Codeshare",5715,3682,3090,
- -,ABZ,AMS,KLM Royal Dutch Airlines (KL),KLM Royal Dutch Airlines,436,01:22,,,,,737 EMJ F70,,,"Direct",532,580,3090,
- -,ACC,AMS,KLM Royal Dutch Airlines (KL),KLM Royal Dutch Airlines,3237,06:58,,,,,330,,,"Direct",248,580,3090,
- -,ADD,JIB,KLM Royal Dutch Airlines (KL),KLM Royal Dutch Airlines,345,01:11,,,,,EMJ E90,,,"Codeshare",1107,4119,3090,
- -,ADD,NBO,KLM Royal Dutch Airlines (KL),KLM Royal Dutch Airlines,722,01:56,,,,,E90,,,"Codeshare",1107,4059,3090,
- -,AES,AMS,KLM Royal Dutch Airlines (KL),KLM Royal Dutch Airlines,709,01:55,,,,,EMJ,,,"Codeshare",630,580,3090,
- -,AEX,ATL,KLM Royal Dutch Airlines (KL),KLM Royal Dutch Airlines,499,01:29,,,,,CRJ,,,"Codeshare",3852,3682,3090,
- -,AGS,ATL,KLM Royal Dutch Airlines (KL),KLM Royal Dutch Airlines,143,00:47,,,,,CRJ 717,,,"Codeshare",3658,3682,3090,
- -,AKU,URC,KLM Royal Dutch Airlines (KL),KLM Royal Dutch Airlines,408,01:18,,,,,737,,,"Codeshare",6404,3399,3090,
- -,ALA,AMS,KLM Royal Dutch Airlines (KL),KLM Royal Dutch Airlines,3264,07:01,,,,,330,,,"Direct",2908,580,3090,
- -,ALB,ATL,KLM Royal Dutch Airlines (KL),KLM Royal Dutch Airlines,852,02:12,,,,,M88 CR9,,,"Codeshare",3864,3682,3090,
- -,ALG,CDG,KLM Royal Dutch Airlines (KL),KLM Royal Dutch Airlines,851,02:12,,,,,319,,,"Codeshare",210,1382,3090,
- -,AMS,AAL,KLM Royal Dutch Airlines (KL),KLM Royal Dutch Airlines,387,01:16,,,,,F70 EMJ,,,"Codeshare",580,628,3090,
- -,AMS,ABZ,KLM Royal Dutch Airlines (KL),KLM Royal Dutch Airlines,436,01:22,,,,,EMJ 737 F70,,,"Direct",580,532,3090,
- -,AMS,ACC,KLM Royal Dutch Airlines (KL),KLM Royal Dutch Airlines,3237,06:58,,,,,330,,,"Direct",580,248,3090,
- -,AMS,AES,KLM Royal Dutch Airlines (KL),KLM Royal Dutch Airlines,709,01:55,,,,,EMJ,,,"Codeshare",580,630,3090,
- -,AMS,ALA,KLM Royal Dutch Airlines (KL),KLM Royal Dutch Airlines,3264,07:01,,,,,330,,,"Direct",580,2908,3090,
- -,AMS,ARN,KLM Royal Dutch Airlines (KL),KLM Royal Dutch Airlines,715,01:55,,,,,737,,,"Direct",580,737,3090,
- -,AMS,ATH,KLM Royal Dutch Airlines (KL),KLM Royal Dutch Airlines,1354,03:12,,,,,737,,,"Direct",580,3941,3090,
- -,AMS,ATL,KLM Royal Dutch Airlines (KL),KLM Royal Dutch Airlines,4387,09:16,,,,, 777,,,"Direct",580,3682,3090,
- -,AMS,AUA,KLM Royal Dutch Airlines (KL),KLM Royal Dutch Airlines,4892,10:17,,,,,330,,,"Direct",580,2895,3090,
- -,AMS,AUH,KLM Royal Dutch Airlines (KL),KLM Royal Dutch Airlines,3224,06:56,,,,,330,,,"Direct",580,2179,3090,
- -,AMS,BCN,KLM Royal Dutch Airlines (KL),KLM Royal Dutch Airlines,770,02:02,,,,,737,,,"Direct",580,1218,3090,
- -,AMS,BGO,KLM Royal Dutch Airlines (KL),KLM Royal Dutch Airlines,551,01:36,,,,,F70 EMJ 737,,,"Direct",580,636,3090,
- -,AMS,BHX,KLM Royal Dutch Airlines (KL),KLM Royal Dutch Airlines,274,01:02,,,,,EMJ 737,,,"Direct",580,469,3090,
- -,AMS,BKK,KLM Royal Dutch Airlines (KL),KLM Royal Dutch Airlines,5718,11:56,,,,,777,,,"Direct",580,3885,3090,
- -,AMS,BLL,KLM Royal Dutch Airlines (KL),KLM Royal Dutch Airlines,296,01:05,,,,,737 EMJ,,,"Direct",580,608,3090,
- -,AMS,BLQ,KLM Royal Dutch Airlines (KL),KLM Royal Dutch Airlines,613,01:43,,,,,EMJ,,,"Codeshare",580,1538,3090,
- -,AMS,BOD,KLM Royal Dutch Airlines (KL),KLM Royal Dutch Airlines,573,01:38,,,,,F70,,,"Direct",580,1264,3090,
- -,AMS,BOM,KLM Royal Dutch Airlines (KL),KLM Royal Dutch Airlines,4259,09:01,,,,,76W,,,"Codeshare",580,2997,3090,
- -,AMS,BOS,KLM Royal Dutch Airlines (KL),KLM Royal Dutch Airlines,3445,07:23,,,,,330,,,"Codeshare",580,3448,3090,
- -,AMS,BRE,KLM Royal Dutch Airlines (KL),KLM Royal Dutch Airlines,175,00:51,,,,,F70,,,"Codeshare",580,353,3090,
- -,AMS,BRS,KLM Royal Dutch Airlines (KL),KLM Royal Dutch Airlines,325,01:09,,,,,EMJ,,,"Codeshare",580,490,3090,
- -,AMS,BRU,KLM Royal Dutch Airlines (KL),KLM Royal Dutch Airlines,97,00:41,,,,,F70 EMJ,,,"Codeshare",580,302,3090,
- -,AMS,BSL,KLM Royal Dutch Airlines (KL),KLM Royal Dutch Airlines,348,01:11,,,,,F70 EMJ,,,"Codeshare",580,1423,3090,
- -,AMS,BUD,KLM Royal Dutch Airlines (KL),KLM Royal Dutch Airlines,726,01:57,,,,,737,,,"Direct",580,1489,3090,
- -,AMS,CAI,KLM Royal Dutch Airlines (KL),KLM Royal Dutch Airlines,2041,04:34,,,,,777,,,"Direct",580,1128,3090,
- -,AMS,CAN,KLM Royal Dutch Airlines (KL),KLM Royal Dutch Airlines,5675,11:51,,,,,330,,,"Codeshare",580,3370,3090,
- -,AMS,CDG,KLM Royal Dutch Airlines (KL),KLM Royal Dutch Airlines,247,00:59,,,,,737,,,"Direct",580,1382,3090,
- -,AMS,CFE,KLM Royal Dutch Airlines (KL),KLM Royal Dutch Airlines,456,01:24,,,,,ERJ,,,"Codeshare",580,1330,3090,
- -,AMS,CGN,KLM Royal Dutch Airlines (KL),KLM Royal Dutch Airlines,142,00:47,,,,,F70,,,"Codeshare",580,344,3090,
- -,AMS,CPH,KLM Royal Dutch Airlines (KL),KLM Royal Dutch Airlines,393,01:17,,,,,737 EMJ,,,"Direct",580,609,3090,
- -,AMS,CPT,KLM Royal Dutch Airlines (KL),KLM Royal Dutch Airlines,6015,12:31,,,,,777,,,"Direct",580,797,3090,
- -,AMS,CTU,KLM Royal Dutch Airlines (KL),KLM Royal Dutch Airlines,4932,10:21,,,,,74M,,,"Direct",580,3395,3090,
- -,AMS,CUR,KLM Royal Dutch Airlines (KL),KLM Royal Dutch Airlines,4865,10:13,,,,,747,,,"Direct",580,2897,3090,
- -,AMS,CWL,KLM Royal Dutch Airlines (KL),KLM Royal Dutch Airlines,351,01:12,,,,,F70,,,"Codeshare",580,488,3090,
- -,AMS,DEL,KLM Royal Dutch Airlines (KL),KLM Royal Dutch Airlines,3951,08:24,,,,,330,,,"Direct",580,3093,3090,
- -,AMS,DFW,KLM Royal Dutch Airlines (KL),KLM Royal Dutch Airlines,4906,10:18,,,,,330,,,"Direct",580,3670,3090,
- -,AMS,DMM,KLM Royal Dutch Airlines (KL),KLM Royal Dutch Airlines,2921,06:20,,,,,330,,,"Direct",580,2064,3090,
- -,AMS,DOH,KLM Royal Dutch Airlines (KL),KLM Royal Dutch Airlines,3057,06:36,,,,,330,,,"Direct",580,11051,3090,
- -,AMS,DTW,KLM Royal Dutch Airlines (KL),KLM Royal Dutch Airlines,3927,08:21,,,,,777 330 76W,,,"Codeshare",580,3645,3090,
- -,AMS,DUS,KLM Royal Dutch Airlines (KL),KLM Royal Dutch Airlines,110,00:43,,,,,F70,,,"Codeshare",580,345,3090,
- -,AMS,DXB,KLM Royal Dutch Airlines (KL),KLM Royal Dutch Airlines,3209,06:55,,,,,777,,,"Direct",580,2188,3090,
- -,AMS,EDI,KLM Royal Dutch Airlines (KL),KLM Royal Dutch Airlines,413,01:19,,,,,737 EMJ,,,"Direct",580,535,3090,
- -,AMS,EWR,KLM Royal Dutch Airlines (KL),KLM Royal Dutch Airlines,3644,07:47,,,,,76W,,,"Codeshare",580,3494,3090,
- -,AMS,EZE,KLM Royal Dutch Airlines (KL),KLM Royal Dutch Airlines,7118,14:44,,,,,777,,,"Direct",580,3988,3090,
- -,AMS,FCO,KLM Royal Dutch Airlines (KL),KLM Royal Dutch Airlines,805,02:06,,,,,737,,,"Direct",580,1555,3090,
- -,AMS,FLR,KLM Royal Dutch Airlines (KL),KLM Royal Dutch Airlines,657,01:48,,,,,EMJ,,,"Direct",580,1563,3090,
- -,AMS,FRA,KLM Royal Dutch Airlines (KL),KLM Royal Dutch Airlines,227,00:57,,,,,EMJ F70,,,"Codeshare",580,340,3090,
- -,AMS,FUK,KLM Royal Dutch Airlines (KL),KLM Royal Dutch Airlines,5656,11:48,,,,,777,,,"Direct",580,2305,3090,
- -,AMS,GIG,KLM Royal Dutch Airlines (KL),KLM Royal Dutch Airlines,5936,12:22,,,,,777,,,"Direct",580,2560,3090,
- -,AMS,GLA,KLM Royal Dutch Airlines (KL),KLM Royal Dutch Airlines,445,01:23,,,,,EMJ 737,,,"Direct",580,534,3090,
- -,AMS,GOT,KLM Royal Dutch Airlines (KL),KLM Royal Dutch Airlines,474,01:26,,,,,EMJ,,,"Direct",580,687,3090,
- -,AMS,GRU,KLM Royal Dutch Airlines (KL),KLM Royal Dutch Airlines,6070,12:38,,,,,777,,,"Direct",580,2564,3090,
- -,AMS,GVA,KLM Royal Dutch Airlines (KL),KLM Royal Dutch Airlines,423,01:20,,,,,737 F70 EMJ,,,"Direct",580,1665,3090,
- -,AMS,HAJ,KLM Royal Dutch Airlines (KL),KLM Royal Dutch Airlines,207,00:54,,,,,EMJ F70,,,"Codeshare",580,352,3090,
- -,AMS,HAM,KLM Royal Dutch Airlines (KL),KLM Royal Dutch Airlines,235,00:58,,,,,737 EMJ,,,"Direct",580,342,3090,
- -,AMS,HAV,KLM Royal Dutch Airlines (KL),KLM Royal Dutch Airlines,4855,10:12,,,,,330,,,"Direct",580,1909,3090,
- -,AMS,HEL,KLM Royal Dutch Airlines (KL),KLM Royal Dutch Airlines,944,02:23,,,,,737,,,"Direct",580,421,3090,
- -,AMS,HGH,KLM Royal Dutch Airlines (KL),KLM Royal Dutch Airlines,5540,11:34,,,,,777,,,"Direct",580,3386,3090,
- -,AMS,HKG,KLM Royal Dutch Airlines (KL),KLM Royal Dutch Airlines,5759,12:01,,,,,74M,,,"Direct",580,3077,3090,
- -,AMS,HRE,KLM Royal Dutch Airlines (KL),KLM Royal Dutch Airlines,5101,10:42,,,,,330,,,"Direct",580,1005,3090,
- -,AMS,HUY,KLM Royal Dutch Airlines (KL),KLM Royal Dutch Airlines,230,00:57,,,,,F70,,,"Codeshare",580,515,3090,
- -,AMS,IAD,KLM Royal Dutch Airlines (KL),KLM Royal Dutch Airlines,3854,08:12,,,,,330,,,"Direct",580,3714,3090,
- -,AMS,IAH,KLM Royal Dutch Airlines (KL),KLM Royal Dutch Airlines,4998,10:29,,,,,74M,,,"Direct",580,3550,3090,
- -,AMS,ICN,KLM Royal Dutch Airlines (KL),KLM Royal Dutch Airlines,5310,11:07,,,,,74M 330,,,"Direct",580,3930,3090,
- -,AMS,ISL,KLM Royal Dutch Airlines (KL),KLM Royal Dutch Airlines,1372,03:14,,,,,737,,,"Direct",580,1701,3090,
- -,AMS,JFK,KLM Royal Dutch Airlines (KL),KLM Royal Dutch Airlines,3631,07:45,,,,,330 777 74M 747,,,"Direct",580,3797,3090,
- -,AMS,JNB,KLM Royal Dutch Airlines (KL),KLM Royal Dutch Airlines,5599,11:41,,,,,777,,,"Direct",580,813,3090,
- -,AMS,JRO,KLM Royal Dutch Airlines (KL),KLM Royal Dutch Airlines,4285,09:04,,,,,330,,,"Direct",580,1180,3090,
- -,AMS,KBP,KLM Royal Dutch Airlines (KL),KLM Royal Dutch Airlines,1129,02:45,,,,,737,,,"Direct",580,2939,3090,
- -,AMS,KGL,KLM Royal Dutch Airlines (KL),KLM Royal Dutch Airlines,4028,08:33,,,,,330,,,"Direct",580,1165,3090,
- -,AMS,KIX,KLM Royal Dutch Airlines (KL),KLM Royal Dutch Airlines,5739,11:58,,,,,777,,,"Direct",580,3992,3090,
- -,AMS,KRS,KLM Royal Dutch Airlines (KL),KLM Royal Dutch Airlines,427,01:21,,,,,F70 EMJ,,,"Codeshare",580,638,3090,
- -,AMS,KUL,KLM Royal Dutch Airlines (KL),KLM Royal Dutch Airlines,6357,13:12,,,,,777,,,"Direct",580,3304,3090,
- -,AMS,KWI,KLM Royal Dutch Airlines (KL),KLM Royal Dutch Airlines,2704,05:54,,,,,330,,,"Direct",580,2176,3090,
- -,AMS,LAD,KLM Royal Dutch Airlines (KL),KLM Royal Dutch Airlines,4253,09:00,,,,,330,,,"Direct",580,951,3090,
- -,AMS,LAX,KLM Royal Dutch Airlines (KL),KLM Royal Dutch Airlines,5561,11:37,,,,,74M 747,,,"Direct",580,3484,3090,
- -,AMS,LBA,KLM Royal Dutch Airlines (KL),KLM Royal Dutch Airlines,287,01:04,,,,,F70 EMJ,,,"Codeshare",580,517,3090,
- -,AMS,LCA,KLM Royal Dutch Airlines (KL),KLM Royal Dutch Airlines,1857,04:12,,,,,32S,,,"Codeshare",580,1197,3090,
- -,AMS,LCY,KLM Royal Dutch Airlines (KL),KLM Royal Dutch Airlines,208,00:54,,,,,ARJ,,,"Codeshare",580,503,3090,
- -,AMS,LED,KLM Royal Dutch Airlines (KL),KLM Royal Dutch Airlines,1101,02:42,,,,,737,,,"Direct",580,2948,3090,
- -,AMS,LHR,KLM Royal Dutch Airlines (KL),KLM Royal Dutch Airlines,230,00:57,,,,,737 F70 EMJ,,,"Direct",580,507,3090,
- -,AMS,LIM,KLM Royal Dutch Airlines (KL),KLM Royal Dutch Airlines,6533,13:33,,,,,777,,,"Direct",580,2789,3090,
- -,AMS,LIN,KLM Royal Dutch Airlines (KL),KLM Royal Dutch Airlines,516,01:31,,,,,737,,,"Direct",580,1529,3090,
- -,AMS,LIS,KLM Royal Dutch Airlines (KL),KLM Royal Dutch Airlines,1146,02:47,,,,,737,,,"Direct",580,1638,3090,
- -,AMS,LOS,KLM Royal Dutch Airlines (KL),KLM Royal Dutch Airlines,3158,06:48,,,,,330,,,"Direct",580,273,3090,
- -,AMS,LPI,KLM Royal Dutch Airlines (KL),KLM Royal Dutch Airlines,599,01:41,,,,,F70 EMJ,,,"Codeshare",580,742,3090,
- -,AMS,LUX,KLM Royal Dutch Airlines (KL),KLM Royal Dutch Airlines,195,00:53,,,,,EMJ F70,,,"Codeshare",580,629,3090,
- -,AMS,LYS,KLM Royal Dutch Airlines (KL),KLM Royal Dutch Airlines,454,01:24,,,,,EMJ F70,,,"Codeshare",580,1335,3090,
- -,AMS,MAD,KLM Royal Dutch Airlines (KL),KLM Royal Dutch Airlines,907,02:18,,,,,737,,,"Direct",580,1229,3090,
- -,AMS,MAN,KLM Royal Dutch Airlines (KL),KLM Royal Dutch Airlines,302,01:06,,,,,737 EMJ F70,,,"Direct",580,478,3090,
- -,AMS,MEX,KLM Royal Dutch Airlines (KL),KLM Royal Dutch Airlines,5717,11:56,,,,,74M,,,"Direct",580,1824,3090,
- -,AMS,MME,KLM Royal Dutch Airlines (KL),KLM Royal Dutch Airlines,296,01:05,,,,,F70,,,"Codeshare",580,522,3090,
- -,AMS,MRS,KLM Royal Dutch Airlines (KL),KLM Royal Dutch Airlines,612,01:43,,,,,32S,,,"Codeshare",580,1353,3090,
- -,AMS,MSP,KLM Royal Dutch Airlines (KL),KLM Royal Dutch Airlines,4151,08:48,,,,,330 76W,,,"Codeshare",580,3858,3090,
- -,AMS,MUC,KLM Royal Dutch Airlines (KL),KLM Royal Dutch Airlines,412,01:19,,,,,737,,,"Direct",580,346,3090,
- -,AMS,NBO,KLM Royal Dutch Airlines (KL),KLM Royal Dutch Airlines,4146,08:47,,,,,747,,,"Direct",580,4059,3090,
- -,AMS,NCE,KLM Royal Dutch Airlines (KL),KLM Royal Dutch Airlines,607,01:42,,,,,737 EMJ,,,"Direct",580,1354,3090,
- -,AMS,NCL,KLM Royal Dutch Airlines (KL),KLM Royal Dutch Airlines,324,01:08,,,,,EMJ 737,,,"Direct",580,521,3090,
- -,AMS,NRT,KLM Royal Dutch Airlines (KL),KLM Royal Dutch Airlines,5787,12:04,,,,,747 74M 777,,,"Direct",580,2279,3090,
- -,AMS,NTE,KLM Royal Dutch Airlines (KL),KLM Royal Dutch Airlines,455,01:24,,,,,ERJ,,,"Codeshare",580,1418,3090,
- -,AMS,NUE,KLM Royal Dutch Airlines (KL),KLM Royal Dutch Airlines,336,01:10,,,,,EMJ F70,,,"Codeshare",580,347,3090,
- -,AMS,NWI,KLM Royal Dutch Airlines (KL),KLM Royal Dutch Airlines,148,00:47,,,,,F70,,,"Codeshare",580,547,3090,
- -,AMS,ORD,KLM Royal Dutch Airlines (KL),KLM Royal Dutch Airlines,4106,08:42,,,,,74M,,,"Direct",580,3830,3090,
- -,AMS,OSL,KLM Royal Dutch Airlines (KL),KLM Royal Dutch Airlines,590,01:40,,,,,737 EMJ,,,"Direct",580,644,3090,
- -,AMS,OTP,KLM Royal Dutch Airlines (KL),KLM Royal Dutch Airlines,1107,02:42,,,,,737,,,"Direct",580,1657,3090,
- -,AMS,PBM,KLM Royal Dutch Airlines (KL),KLM Royal Dutch Airlines,4672,09:50,,,,,747,,,"Direct",580,2773,3090,
- -,AMS,PDX,KLM Royal Dutch Airlines (KL),KLM Royal Dutch Airlines,4986,10:28,,,,,330,,,"Codeshare",580,3720,3090,
- -,AMS,PEK,KLM Royal Dutch Airlines (KL),KLM Royal Dutch Airlines,4860,10:13,,,,,74M,,,"Direct",580,3364,3090,
- -,AMS,PRG,KLM Royal Dutch Airlines (KL),KLM Royal Dutch Airlines,437,01:22,,,,,F70 EMJ 737,,,"Codeshare",580,1587,3090,
- -,AMS,PTY,KLM Royal Dutch Airlines (KL),KLM Royal Dutch Airlines,5473,11:26,,,,,777,,,"Direct",580,1871,3090,
- -,AMS,PVG,KLM Royal Dutch Airlines (KL),KLM Royal Dutch Airlines,5533,11:33,,,,,74M 747,,,"Direct",580,3406,3090,
- -,AMS,RIX,KLM Royal Dutch Airlines (KL),KLM Royal Dutch Airlines,827,02:09,,,,,737,,,"Codeshare",580,3953,3090,
- -,AMS,SEA,KLM Royal Dutch Airlines (KL),KLM Royal Dutch Airlines,4868,10:14,,,,,330,,,"Codeshare",580,3577,3090,
- -,AMS,SFO,KLM Royal Dutch Airlines (KL),KLM Royal Dutch Airlines,5455,11:24,,,,,747,,,"Direct",580,3469,3090,
- -,AMS,SIN,KLM Royal Dutch Airlines (KL),KLM Royal Dutch Airlines,6529,13:33,,,,,777,,,"Direct",580,3316,3090,
- -,AMS,STR,KLM Royal Dutch Airlines (KL),KLM Royal Dutch Airlines,317,01:08,,,,,F70 EMJ,,,"Codeshare",580,350,3090,
- -,AMS,SVG,KLM Royal Dutch Airlines (KL),KLM Royal Dutch Airlines,454,01:24,,,,,EMJ 737,,,"Direct",580,666,3090,
- -,AMS,SVO,KLM Royal Dutch Airlines (KL),KLM Royal Dutch Airlines,1331,03:09,,,,,737,,,"Direct",580,2985,3090,
- -,AMS,SXB,KLM Royal Dutch Airlines (KL),KLM Royal Dutch Airlines,289,01:04,,,,,ERJ CRJ EMJ,,,"Codeshare",580,1435,3090,
- -,AMS,SXM,KLM Royal Dutch Airlines (KL),KLM Royal Dutch Airlines,4305,09:06,,,,,747,,,"Direct",580,2899,3090,
- -,AMS,TBS,KLM Royal Dutch Airlines (KL),KLM Royal Dutch Airlines,1999,04:29,,,,,737,,,"Codeshare",580,3973,3090,
- -,AMS,TLL,KLM Royal Dutch Airlines (KL),KLM Royal Dutch Airlines,914,02:19,,,,,CRJ,,,"Codeshare",580,415,3090,
- -,AMS,TLS,KLM Royal Dutch Airlines (KL),KLM Royal Dutch Airlines,619,01:44,,,,,EMJ,,,"Codeshare",580,1273,3090,
- -,AMS,TLV,KLM Royal Dutch Airlines (KL),KLM Royal Dutch Airlines,2056,04:36,,,,,737,,,"Direct",580,1590,3090,
- -,AMS,TPE,KLM Royal Dutch Airlines (KL),KLM Royal Dutch Airlines,5863,12:13,,,,,777,,,"Direct",580,2276,3090,
- -,AMS,TRD,KLM Royal Dutch Airlines (KL),KLM Royal Dutch Airlines,801,02:06,,,,,EMJ,,,"Codeshare",580,665,3090,
- -,AMS,TRF,KLM Royal Dutch Airlines (KL),KLM Royal Dutch Airlines,520,01:32,,,,,EMJ,,,"Codeshare",580,664,3090,
- -,AMS,TXL,KLM Royal Dutch Airlines (KL),KLM Royal Dutch Airlines,359,01:13,,,,,737 EMJ,,,"Direct",580,351,3090,
- -,AMS,UIO,KLM Royal Dutch Airlines (KL),KLM Royal Dutch Airlines,5931,12:21,,,,,777,,,"Direct",580,2688,3090,
- -,AMS,VCE,KLM Royal Dutch Airlines (KL),KLM Royal Dutch Airlines,581,01:39,,,,,737 EMJ,,,"Direct",580,1551,3090,
- -,AMS,VIE,KLM Royal Dutch Airlines (KL),KLM Royal Dutch Airlines,595,01:41,,,,,737 EMJ,,,"Direct",580,1613,3090,
- -,AMS,WAW,KLM Royal Dutch Airlines (KL),KLM Royal Dutch Airlines,683,01:51,,,,,737,,,"Direct",580,679,3090,
- -,AMS,XMN,KLM Royal Dutch Airlines (KL),KLM Royal Dutch Airlines,5786,12:04,,,,,777,,,"Direct",580,3383,3090,
- -,AMS,YUL,KLM Royal Dutch Airlines (KL),KLM Royal Dutch Airlines,3417,07:20,,,,,M11,,,"Direct",580,146,3090,
- -,AMS,YVR,KLM Royal Dutch Airlines (KL),KLM Royal Dutch Airlines,4786,10:04,,,,,330,,,"Direct",580,156,3090,
- -,AMS,YYC,KLM Royal Dutch Airlines (KL),KLM Royal Dutch Airlines,4451,09:24,,,,,330,,,"Direct",580,178,3090,
- -,AMS,YYZ,KLM Royal Dutch Airlines (KL),KLM Royal Dutch Airlines,3719,07:56,,,,,M11 330 747 74M,,,"Direct",580,193,3090,
- -,AMS,ZRH,KLM Royal Dutch Airlines (KL),KLM Royal Dutch Airlines,374,01:14,,,,,737 EMJ,,,"Direct",580,1678,3090,
- -,ARN,AMS,KLM Royal Dutch Airlines (KL),KLM Royal Dutch Airlines,715,01:55,,,,,737,,,"Direct",737,580,3090,
- -,ATH,AMS,KLM Royal Dutch Airlines (KL),KLM Royal Dutch Airlines,1354,03:12,,,,,737,,,"Direct",3941,580,3090,
- -,ATL,ABE,KLM Royal Dutch Airlines (KL),KLM Royal Dutch Airlines,691,01:52,,,,,717,,,"Codeshare",3682,4355,3090,
- -,ATL,ABQ,KLM Royal Dutch Airlines (KL),KLM Royal Dutch Airlines,1265,03:01,,,,,757,,,"Codeshare",3682,4019,3090,
- -,ATL,ABY,KLM Royal Dutch Airlines (KL),KLM Royal Dutch Airlines,145,00:47,,,,,CRJ,,,"Codeshare",3682,5715,3090,
- -,ATL,AEX,KLM Royal Dutch Airlines (KL),KLM Royal Dutch Airlines,499,01:29,,,,,CRJ CR9,,,"Codeshare",3682,3852,3090,
- -,ATL,AGS,KLM Royal Dutch Airlines (KL),KLM Royal Dutch Airlines,143,00:47,,,,,717 M88 CRJ,,,"Codeshare",3682,3658,3090,
- -,ATL,ALB,KLM Royal Dutch Airlines (KL),KLM Royal Dutch Airlines,852,02:12,,,,,M88,,,"Codeshare",3682,3864,3090,
- -,ATL,AMS,KLM Royal Dutch Airlines (KL),KLM Royal Dutch Airlines,4387,09:16,,,,,777 ,,,"Direct",3682,580,3090,
- -,ATL,ATW,KLM Royal Dutch Airlines (KL),KLM Royal Dutch Airlines,765,02:01,,,,,CR9,,,"Codeshare",3682,4047,3090,
- -,ATL,AUS,KLM Royal Dutch Airlines (KL),KLM Royal Dutch Airlines,811,02:07,,,,,M90 M88,,,"Codeshare",3682,3673,3090,
- -,ATL,AVL,KLM Royal Dutch Airlines (KL),KLM Royal Dutch Airlines,164,00:49,,,,,CRJ M88,,,"Codeshare",3682,4007,3090,
- -,ATL,AVP,KLM Royal Dutch Airlines (KL),KLM Royal Dutch Airlines,713,01:55,,,,,CR7,,,"Codeshare",3682,4286,3090,
- -,ATL,BDL,KLM Royal Dutch Airlines (KL),KLM Royal Dutch Airlines,858,02:12,,,,,M88,,,"Codeshare",3682,3825,3090,
- -,ATL,BHM,KLM Royal Dutch Airlines (KL),KLM Royal Dutch Airlines,133,00:45,,,,,M88,,,"Codeshare",3682,3811,3090,
- -,ATL,BMI,KLM Royal Dutch Airlines (KL),KLM Royal Dutch Airlines,532,01:33,,,,,CR9,,,"Codeshare",3682,4037,3090,
- -,ATL,BNA,KLM Royal Dutch Airlines (KL),KLM Royal Dutch Airlines,213,00:55,,,,,319 M88 738 73H 717 320,,,"Codeshare",3682,3690,3090,
- -,ATL,BOS,KLM Royal Dutch Airlines (KL),KLM Royal Dutch Airlines,944,02:23,,,,,757 320 319,,,"Codeshare",3682,3448,3090,
- -,ATL,BQK,KLM Royal Dutch Airlines (KL),KLM Royal Dutch Airlines,238,00:58,,,,,CRJ,,,"Codeshare",3682,5725,3090,
- -,ATL,BRU,KLM Royal Dutch Airlines (KL),KLM Royal Dutch Airlines,4412,09:19,,,,,76W,,,"Codeshare",3682,302,3090,
- -,ATL,BTR,KLM Royal Dutch Airlines (KL),KLM Royal Dutch Airlines,447,01:23,,,,,CR7 CRJ,,,"Codeshare",3682,3846,3090,
- -,ATL,BTV,KLM Royal Dutch Airlines (KL),KLM Royal Dutch Airlines,960,02:25,,,,,CR9,,,"Codeshare",3682,3711,3090,
- -,ATL,BUF,KLM Royal Dutch Airlines (KL),KLM Royal Dutch Airlines,712,01:55,,,,,M90 M88,,,"Codeshare",3682,3820,3090,
- -,ATL,BWI,KLM Royal Dutch Airlines (KL),KLM Royal Dutch Airlines,576,01:39,,,,,757 320 M90,,,"Codeshare",3682,3849,3090,
- -,ATL,CAE,KLM Royal Dutch Airlines (KL),KLM Royal Dutch Airlines,191,00:52,,,,,M88 CRJ,,,"Codeshare",3682,3561,3090,
- -,ATL,CAK,KLM Royal Dutch Airlines (KL),KLM Royal Dutch Airlines,528,01:33,,,,,M88,,,"Codeshare",3682,4112,3090,
- -,ATL,CHA,KLM Royal Dutch Airlines (KL),KLM Royal Dutch Airlines,106,00:42,,,,,CRJ M88,,,"Codeshare",3682,3578,3090,
- -,ATL,CHO,KLM Royal Dutch Airlines (KL),KLM Royal Dutch Airlines,456,01:24,,,,,CRJ,,,"Codeshare",3682,4015,3090,
- -,ATL,CHS,KLM Royal Dutch Airlines (KL),KLM Royal Dutch Airlines,258,01:00,,,,,M88 73W 717 319,,,"Codeshare",3682,3806,3090,
- -,ATL,CID,KLM Royal Dutch Airlines (KL),KLM Royal Dutch Airlines,693,01:53,,,,,CRJ,,,"Codeshare",3682,4043,3090,
- -,ATL,CLE,KLM Royal Dutch Airlines (KL),KLM Royal Dutch Airlines,555,01:36,,,,,717 CR9,,,"Codeshare",3682,3486,3090,
- -,ATL,CLT,KLM Royal Dutch Airlines (KL),KLM Royal Dutch Airlines,226,00:57,,,,,M88 M90 319,,,"Codeshare",3682,3876,3090,
- -,ATL,CMH,KLM Royal Dutch Airlines (KL),KLM Royal Dutch Airlines,447,01:23,,,,,73W M88 738,,,"Codeshare",3682,3759,3090,
- -,ATL,COS,KLM Royal Dutch Airlines (KL),KLM Royal Dutch Airlines,1181,02:51,,,,,738,,,"Codeshare",3682,3819,3090,
- -,ATL,CRW,KLM Royal Dutch Airlines (KL),KLM Royal Dutch Airlines,363,01:13,,,,,319,,,"Codeshare",3682,4285,3090,
- -,ATL,CSG,KLM Royal Dutch Airlines (KL),KLM Royal Dutch Airlines,82,00:39,,,,,CRJ,,,"Codeshare",3682,4255,3090,
- -,ATL,CUN,KLM Royal Dutch Airlines (KL),KLM Royal Dutch Airlines,882,02:15,,,,,M88,,,"Codeshare",3682,1852,3090,
- -,ATL,CVG,KLM Royal Dutch Airlines (KL),KLM Royal Dutch Airlines,373,01:14,,,,,M88 738,,,"Codeshare",3682,3488,3090,
- -,ATL,CZM,KLM Royal Dutch Airlines (KL),KLM Royal Dutch Airlines,918,02:20,,,,,319 M88,,,"Codeshare",3682,1800,3090,
- -,ATL,DAB,KLM Royal Dutch Airlines (KL),KLM Royal Dutch Airlines,366,01:13,,,,,M90 757,,,"Codeshare",3682,3950,3090,
- -,ATL,DAL,KLM Royal Dutch Airlines (KL),KLM Royal Dutch Airlines,719,01:56,,,,,CRJ,,,"Codeshare",3682,3502,3090,
- -,ATL,DAY,KLM Royal Dutch Airlines (KL),KLM Royal Dutch Airlines,432,01:21,,,,,M88,,,"Codeshare",3682,3627,3090,
- -,ATL,DCA,KLM Royal Dutch Airlines (KL),KLM Royal Dutch Airlines,546,01:35,,,,,M90 320,,,"Codeshare",3682,3520,3090,
- -,ATL,DEN,KLM Royal Dutch Airlines (KL),KLM Royal Dutch Airlines,1196,02:53,,,,,757 M90,,,"Codeshare",3682,3751,3090,
- -,ATL,DFW,KLM Royal Dutch Airlines (KL),KLM Royal Dutch Airlines,729,01:57,,,,,M88,,,"Codeshare",3682,3670,3090,
- -,ATL,DHN,KLM Royal Dutch Airlines (KL),KLM Royal Dutch Airlines,170,00:50,,,,,CRJ,,,"Codeshare",3682,3739,3090,
- -,ATL,DSM,KLM Royal Dutch Airlines (KL),KLM Royal Dutch Airlines,742,01:59,,,,,M88,,,"Codeshare",3682,3729,3090,
- -,ATL,DTW,KLM Royal Dutch Airlines (KL),KLM Royal Dutch Airlines,595,01:41,,,,,320 73H M90 757,,,"Codeshare",3682,3645,3090,
- -,ATL,DUB,KLM Royal Dutch Airlines (KL),KLM Royal Dutch Airlines,3926,08:21,,,,,76W,,,"Codeshare",3682,599,3090,
- -,ATL,DUS,KLM Royal Dutch Airlines (KL),KLM Royal Dutch Airlines,4493,09:29,,,,,76W,,,"Codeshare",3682,345,3090,
- -,ATL,ECP,KLM Royal Dutch Airlines (KL),KLM Royal Dutch Airlines,240,00:58,,,,,717 M88 CR9,,,"Codeshare",3682,7669,3090,
- -,ATL,ELP,KLM Royal Dutch Airlines (KL),KLM Royal Dutch Airlines,1279,03:03,,,,,M88,,,"Codeshare",3682,3559,3090,
- -,ATL,EVV,KLM Royal Dutch Airlines (KL),KLM Royal Dutch Airlines,349,01:11,,,,,CRJ,,,"Codeshare",3682,4018,3090,
- -,ATL,EWN,KLM Royal Dutch Airlines (KL),KLM Royal Dutch Airlines,432,01:21,,,,,CRJ,,,"Codeshare",3682,3730,3090,
- -,ATL,EWR,KLM Royal Dutch Airlines (KL),KLM Royal Dutch Airlines,744,01:59,,,,,717,,,"Codeshare",3682,3494,3090,
- -,ATL,EYW,KLM Royal Dutch Airlines (KL),KLM Royal Dutch Airlines,647,01:47,,,,,CR7,,,"Codeshare",3682,3875,3090,
- -,ATL,FAY,KLM Royal Dutch Airlines (KL),KLM Royal Dutch Airlines,329,01:09,,,,,CRJ 73W,,,"Codeshare",3682,5738,3090,
- -,ATL,FCO,KLM Royal Dutch Airlines (KL),KLM Royal Dutch Airlines,5021,10:32,,,,,333,,,"Codeshare",3682,1555,3090,
- -,ATL,FLL,KLM Royal Dutch Airlines (KL),KLM Royal Dutch Airlines,581,01:39,,,,,757 739,,,"Codeshare",3682,3533,3090,
- -,ATL,FNT,KLM Royal Dutch Airlines (KL),KLM Royal Dutch Airlines,645,01:47,,,,,M88,,,"Codeshare",3682,4089,3090,
- -,ATL,FRA,KLM Royal Dutch Airlines (KL),KLM Royal Dutch Airlines,4601,09:42,,,,,764,,,"Codeshare",3682,340,3090,
- -,ATL,FSM,KLM Royal Dutch Airlines (KL),KLM Royal Dutch Airlines,577,01:39,,,,,CRJ,,,"Codeshare",3682,3437,3090,
- -,ATL,FWA,KLM Royal Dutch Airlines (KL),KLM Royal Dutch Airlines,508,01:30,,,,,CRJ,,,"Codeshare",3682,4041,3090,
- -,ATL,GDL,KLM Royal Dutch Airlines (KL),KLM Royal Dutch Airlines,1467,03:26,,,,,320,,,"Codeshare",3682,1804,3090,
- -,ATL,GNV,KLM Royal Dutch Airlines (KL),KLM Royal Dutch Airlines,300,01:06,,,,,CR9 717,,,"Codeshare",3682,3472,3090,
- -,ATL,GPT,KLM Royal Dutch Airlines (KL),KLM Royal Dutch Airlines,351,01:12,,,,,CRJ M88,,,"Codeshare",3682,4038,3090,
- -,ATL,GRB,KLM Royal Dutch Airlines (KL),KLM Royal Dutch Airlines,774,02:02,,,,,CR7,,,"Codeshare",3682,3653,3090,
- -,ATL,GRK,KLM Royal Dutch Airlines (KL),KLM Royal Dutch Airlines,800,02:06,,,,,CR9,,,"Codeshare",3682,3775,3090,
- -,ATL,GRR,KLM Royal Dutch Airlines (KL),KLM Royal Dutch Airlines,641,01:46,,,,,320 M88,,,"Codeshare",3682,3685,3090,
- -,ATL,GSO,KLM Royal Dutch Airlines (KL),KLM Royal Dutch Airlines,305,01:06,,,,,M88 320 319,,,"Codeshare",3682,4008,3090,
- -,ATL,GSP,KLM Royal Dutch Airlines (KL),KLM Royal Dutch Airlines,153,00:48,,,,,319 M88 CRJ,,,"Codeshare",3682,4034,3090,
- -,ATL,GTR,KLM Royal Dutch Airlines (KL),KLM Royal Dutch Airlines,239,00:58,,,,,CRJ,,,"Codeshare",3682,4273,3090,
- -,ATL,HOU,KLM Royal Dutch Airlines (KL),KLM Royal Dutch Airlines,694,01:53,,,,,M88,,,"Codeshare",3682,3566,3090,
- -,ATL,HPN,KLM Royal Dutch Airlines (KL),KLM Royal Dutch Airlines,779,02:03,,,,,CR7,,,"Codeshare",3682,3589,3090,
- -,ATL,HSV,KLM Royal Dutch Airlines (KL),KLM Royal Dutch Airlines,150,00:48,,,,,717 M88,,,"Codeshare",3682,4113,3090,
- -,ATL,IAD,KLM Royal Dutch Airlines (KL),KLM Royal Dutch Airlines,533,01:33,,,,,M88 CR7,,,"Codeshare",3682,3714,3090,
- -,ATL,IAH,KLM Royal Dutch Airlines (KL),KLM Royal Dutch Airlines,687,01:52,,,,,717 320 M88,,,"Codeshare",3682,3550,3090,
- -,ATL,ICT,KLM Royal Dutch Airlines (KL),KLM Royal Dutch Airlines,779,02:03,,,,,M88,,,"Codeshare",3682,3457,3090,
- -,ATL,ILM,KLM Royal Dutch Airlines (KL),KLM Royal Dutch Airlines,376,01:15,,,,,CRJ 319,,,"Codeshare",3682,3845,3090,
- -,ATL,IND,KLM Royal Dutch Airlines (KL),KLM Royal Dutch Airlines,432,01:21,,,,,M88 M90,,,"Codeshare",3682,3585,3090,
- -,ATL,JAN,KLM Royal Dutch Airlines (KL),KLM Royal Dutch Airlines,339,01:10,,,,,717 CR9 M88,,,"Codeshare",3682,3580,3090,
- -,ATL,JAX,KLM Royal Dutch Airlines (KL),KLM Royal Dutch Airlines,269,01:02,,,,,757,,,"Codeshare",3682,3712,3090,
- -,ATL,JFK,KLM Royal Dutch Airlines (KL),KLM Royal Dutch Airlines,758,02:00,,,,,319 752 738 M88 73H,,,"Codeshare",3682,3797,3090,
- -,ATL,LAS,KLM Royal Dutch Airlines (KL),KLM Royal Dutch Airlines,1741,03:58,,,,,757 753,,,"Codeshare",3682,3877,3090,
- -,ATL,LAX,KLM Royal Dutch Airlines (KL),KLM Royal Dutch Airlines,1941,04:22,,,,,763 757 739,,,"Codeshare",3682,3484,3090,
- -,ATL,LEX,KLM Royal Dutch Airlines (KL),KLM Royal Dutch Airlines,303,01:06,,,,,CR9 M88 CRJ,,,"Codeshare",3682,4017,3090,
- -,ATL,LFT,KLM Royal Dutch Airlines (KL),KLM Royal Dutch Airlines,502,01:30,,,,,CRJ,,,"Codeshare",3682,3493,3090,
- -,ATL,LGA,KLM Royal Dutch Airlines (KL),KLM Royal Dutch Airlines,760,02:01,,,,,738 M88 757,,,"Codeshare",3682,3697,3090,
- -,ATL,LHR,KLM Royal Dutch Airlines (KL),KLM Royal Dutch Airlines,4198,08:53,,,,,764 77L 76W,,,"Codeshare",3682,507,3090,
- -,ATL,LIT,KLM Royal Dutch Airlines (KL),KLM Royal Dutch Airlines,451,01:24,,,,,M88,,,"Codeshare",3682,3660,3090,
- -,ATL,MAD,KLM Royal Dutch Airlines (KL),KLM Royal Dutch Airlines,4323,09:08,,,,,764,,,"Codeshare",3682,1229,3090,
- -,ATL,MAN,KLM Royal Dutch Airlines (KL),KLM Royal Dutch Airlines,4086,08:40,,,,,76W,,,"Codeshare",3682,478,3090,
- -,ATL,MCI,KLM Royal Dutch Airlines (KL),KLM Royal Dutch Airlines,691,01:52,,,,,M90 757,,,"Codeshare",3682,3458,3090,
- -,ATL,MCO,KLM Royal Dutch Airlines (KL),KLM Royal Dutch Airlines,404,01:18,,,,,757 739,,,"Codeshare",3682,3878,3090,
- -,ATL,MDT,KLM Royal Dutch Airlines (KL),KLM Royal Dutch Airlines,619,01:44,,,,,CRJ M88,,,"Codeshare",3682,3542,3090,
- -,ATL,MDW,KLM Royal Dutch Airlines (KL),KLM Royal Dutch Airlines,591,01:40,,,,,320 717 319,,,"Codeshare",3682,3747,3090,
- -,ATL,MEM,KLM Royal Dutch Airlines (KL),KLM Royal Dutch Airlines,330,01:09,,,,,M88,,,"Codeshare",3682,3473,3090,
- -,ATL,MEX,KLM Royal Dutch Airlines (KL),KLM Royal Dutch Airlines,1331,03:09,,,,,73W 73H,,,"Codeshare",3682,1824,3090,
- -,ATL,MGM,KLM Royal Dutch Airlines (KL),KLM Royal Dutch Airlines,146,00:47,,,,,CRJ,,,"Codeshare",3682,4115,3090,
- -,ATL,MHT,KLM Royal Dutch Airlines (KL),KLM Royal Dutch Airlines,950,02:24,,,,,320,,,"Codeshare",3682,4011,3090,
- -,ATL,MIA,KLM Royal Dutch Airlines (KL),KLM Royal Dutch Airlines,595,01:41,,,,,757 320,,,"Codeshare",3682,3576,3090,
- -,ATL,MKE,KLM Royal Dutch Airlines (KL),KLM Royal Dutch Airlines,669,01:50,,,,,M90 M88,,,"Codeshare",3682,3717,3090,
- -,ATL,MLB,KLM Royal Dutch Airlines (KL),KLM Royal Dutch Airlines,442,01:23,,,,,M88,,,"Codeshare",3682,3671,3090,
- -,ATL,MLI,KLM Royal Dutch Airlines (KL),KLM Royal Dutch Airlines,633,01:45,,,,,CR7 CR9,,,"Codeshare",3682,4072,3090,
- -,ATL,MLU,KLM Royal Dutch Airlines (KL),KLM Royal Dutch Airlines,447,01:23,,,,,CRJ,,,"Codeshare",3682,3732,3090,
- -,ATL,MOB,KLM Royal Dutch Airlines (KL),KLM Royal Dutch Airlines,301,01:06,,,,,CRJ CR9 717 CR7,,,"Codeshare",3682,3782,3090,
- -,ATL,MSN,KLM Royal Dutch Airlines (KL),KLM Royal Dutch Airlines,707,01:54,,,,,73W,,,"Codeshare",3682,3459,3090,
- -,ATL,MSP,KLM Royal Dutch Airlines (KL),KLM Royal Dutch Airlines,906,02:18,,,,,757 M90,,,"Codeshare",3682,3858,3090,
- -,ATL,MSY,KLM Royal Dutch Airlines (KL),KLM Royal Dutch Airlines,424,01:20,,,,,M88 757,,,"Codeshare",3682,3861,3090,
- -,ATL,MTY,KLM Royal Dutch Airlines (KL),KLM Royal Dutch Airlines,1083,02:39,,,,,CR9,,,"Codeshare",3682,1825,3090,
- -,ATL,MUC,KLM Royal Dutch Airlines (KL),KLM Royal Dutch Airlines,4783,10:03,,,,,764,,,"Codeshare",3682,346,3090,
- -,ATL,MYR,KLM Royal Dutch Airlines (KL),KLM Royal Dutch Airlines,316,01:07,,,,,M88,,,"Codeshare",3682,3515,3090,
- -,ATL,OAJ,KLM Royal Dutch Airlines (KL),KLM Royal Dutch Airlines,397,01:17,,,,,CRJ CR9,,,"Codeshare",3682,4386,3090,
- -,ATL,OKC,KLM Royal Dutch Airlines (KL),KLM Royal Dutch Airlines,758,02:00,,,,,M88,,,"Codeshare",3682,3863,3090,
- -,ATL,OMA,KLM Royal Dutch Airlines (KL),KLM Royal Dutch Airlines,820,02:08,,,,,CR7 M88,,,"Codeshare",3682,3454,3090,
- -,ATL,ORD,KLM Royal Dutch Airlines (KL),KLM Royal Dutch Airlines,606,01:42,,,,,757 319 320 M90 M88,,,"Codeshare",3682,3830,3090,
- -,ATL,ORF,KLM Royal Dutch Airlines (KL),KLM Royal Dutch Airlines,515,01:31,,,,,M90 M88,,,"Codeshare",3682,3611,3090,
- -,ATL,PBI,KLM Royal Dutch Airlines (KL),KLM Royal Dutch Airlines,545,01:35,,,,,757,,,"Codeshare",3682,3722,3090,
- -,ATL,PDX,KLM Royal Dutch Airlines (KL),KLM Royal Dutch Airlines,2166,04:49,,,,,73H 738,,,"Codeshare",3682,3720,3090,
- -,ATL,PHF,KLM Royal Dutch Airlines (KL),KLM Royal Dutch Airlines,507,01:30,,,,,CRJ,,,"Codeshare",3682,3633,3090,
- -,ATL,PHL,KLM Royal Dutch Airlines (KL),KLM Royal Dutch Airlines,665,01:49,,,,,M90 757 M88,,,"Codeshare",3682,3752,3090,
- -,ATL,PHX,KLM Royal Dutch Airlines (KL),KLM Royal Dutch Airlines,1583,03:39,,,,,73H 757 738,,,"Codeshare",3682,3462,3090,
- -,ATL,PIA,KLM Royal Dutch Airlines (KL),KLM Royal Dutch Airlines,564,01:37,,,,,CRJ,,,"Codeshare",3682,4046,3090,
- -,ATL,PIT,KLM Royal Dutch Airlines (KL),KLM Royal Dutch Airlines,526,01:33,,,,,CR9 M88,,,"Codeshare",3682,3570,3090,
- -,ATL,PNS,KLM Royal Dutch Airlines (KL),KLM Royal Dutch Airlines,271,01:02,,,,,M90,,,"Codeshare",3682,3564,3090,
- -,ATL,PVD,KLM Royal Dutch Airlines (KL),KLM Royal Dutch Airlines,902,02:18,,,,,M88,,,"Codeshare",3682,3641,3090,
- -,ATL,PWM,KLM Royal Dutch Airlines (KL),KLM Royal Dutch Airlines,1025,02:33,,,,,M88,,,"Codeshare",3682,3862,3090,
- -,ATL,RDU,KLM Royal Dutch Airlines (KL),KLM Royal Dutch Airlines,355,01:12,,,,,M88 739 320,,,"Codeshare",3682,3626,3090,
- -,ATL,RIC,KLM Royal Dutch Airlines (KL),KLM Royal Dutch Airlines,480,01:27,,,,,M88 M90,,,"Codeshare",3682,3608,3090,
- -,ATL,ROA,KLM Royal Dutch Airlines (KL),KLM Royal Dutch Airlines,357,01:12,,,,,CRJ 319 CR9,,,"Codeshare",3682,4016,3090,
- -,ATL,ROC,KLM Royal Dutch Airlines (KL),KLM Royal Dutch Airlines,749,01:59,,,,,M90,,,"Codeshare",3682,3622,3090,
- -,ATL,RSW,KLM Royal Dutch Airlines (KL),KLM Royal Dutch Airlines,515,01:31,,,,,M88 757,,,"Codeshare",3682,3793,3090,
- -,ATL,SAN,KLM Royal Dutch Airlines (KL),KLM Royal Dutch Airlines,1886,04:16,,,,,763 739,,,"Codeshare",3682,3731,3090,
- -,ATL,SAT,KLM Royal Dutch Airlines (KL),KLM Royal Dutch Airlines,872,02:14,,,,,M90 757,,,"Codeshare",3682,3621,3090,
- -,ATL,SAV,KLM Royal Dutch Airlines (KL),KLM Royal Dutch Airlines,214,00:55,,,,,M88 717 319,,,"Codeshare",3682,3613,3090,
- -,ATL,SBN,KLM Royal Dutch Airlines (KL),KLM Royal Dutch Airlines,566,01:37,,,,,CRJ,,,"Codeshare",3682,4359,3090,
- -,ATL,SDF,KLM Royal Dutch Airlines (KL),KLM Royal Dutch Airlines,321,01:08,,,,,M88 M90,,,"Codeshare",3682,4014,3090,
- -,ATL,SEA,KLM Royal Dutch Airlines (KL),KLM Royal Dutch Airlines,2176,04:51,,,,,76W 757 763,,,"Codeshare",3682,3577,3090,
- -,ATL,SFO,KLM Royal Dutch Airlines (KL),KLM Royal Dutch Airlines,2133,04:45,,,,,739 763 757,,,"Codeshare",3682,3469,3090,
- -,ATL,SGF,KLM Royal Dutch Airlines (KL),KLM Royal Dutch Airlines,562,01:37,,,,,CRJ CR9,,,"Codeshare",3682,4348,3090,
- -,ATL,SHV,KLM Royal Dutch Airlines (KL),KLM Royal Dutch Airlines,549,01:35,,,,,CRJ,,,"Codeshare",3682,3609,3090,
- -,ATL,SJC,KLM Royal Dutch Airlines (KL),KLM Royal Dutch Airlines,2110,04:43,,,,,738,,,"Codeshare",3682,3748,3090,
- -,ATL,SJD,KLM Royal Dutch Airlines (KL),KLM Royal Dutch Airlines,1692,03:53,,,,,73W 738,,,"Codeshare",3682,1840,3090,
- -,ATL,SJU,KLM Royal Dutch Airlines (KL),KLM Royal Dutch Airlines,1546,03:35,,,,,757,,,"Codeshare",3682,2890,3090,
- -,ATL,SLC,KLM Royal Dutch Airlines (KL),KLM Royal Dutch Airlines,1585,03:40,,,,,763 757,,,"Codeshare",3682,3536,3090,
- -,ATL,SMF,KLM Royal Dutch Airlines (KL),KLM Royal Dutch Airlines,2086,04:40,,,,,757,,,"Codeshare",3682,3817,3090,
- -,ATL,SNA,KLM Royal Dutch Airlines (KL),KLM Royal Dutch Airlines,1913,04:19,,,,,757,,,"Codeshare",3682,3867,3090,
- -,ATL,SRQ,KLM Royal Dutch Airlines (KL),KLM Royal Dutch Airlines,445,01:23,,,,,757,,,"Codeshare",3682,4067,3090,
- -,ATL,STL,KLM Royal Dutch Airlines (KL),KLM Royal Dutch Airlines,483,01:27,,,,,M90 757,,,"Codeshare",3682,3678,3090,
- -,ATL,STR,KLM Royal Dutch Airlines (KL),KLM Royal Dutch Airlines,4667,09:50,,,,,76W,,,"Codeshare",3682,350,3090,
- -,ATL,STT,KLM Royal Dutch Airlines (KL),KLM Royal Dutch Airlines,1599,03:41,,,,,757,,,"Codeshare",3682,2883,3090,
- -,ATL,SYR,KLM Royal Dutch Airlines (KL),KLM Royal Dutch Airlines,793,02:05,,,,,M88,,,"Codeshare",3682,3745,3090,
- -,ATL,TLH,KLM Royal Dutch Airlines (KL),KLM Royal Dutch Airlines,223,00:56,,,,,CRJ M88 319,,,"Codeshare",3682,3698,3090,
- -,ATL,TPA,KLM Royal Dutch Airlines (KL),KLM Royal Dutch Airlines,406,01:18,,,,,757 739,,,"Codeshare",3682,3646,3090,
- -,ATL,TRI,KLM Royal Dutch Airlines (KL),KLM Royal Dutch Airlines,226,00:57,,,,,CRJ 319,,,"Codeshare",3682,4116,3090,
- -,ATL,TUL,KLM Royal Dutch Airlines (KL),KLM Royal Dutch Airlines,672,01:50,,,,,CR7 M88 CR9,,,"Codeshare",3682,3855,3090,
- -,ATL,TUS,KLM Royal Dutch Airlines (KL),KLM Royal Dutch Airlines,1536,03:34,,,,,M90,,,"Codeshare",3682,3636,3090,
- -,ATL,TYS,KLM Royal Dutch Airlines (KL),KLM Royal Dutch Airlines,152,00:48,,,,,CR7 CRJ 717 CR9,,,"Codeshare",3682,3676,3090,
- -,ATL,VLD,KLM Royal Dutch Airlines (KL),KLM Royal Dutch Airlines,208,00:54,,,,,CRJ,,,"Codeshare",3682,5776,3090,
- -,ATL,VPS,KLM Royal Dutch Airlines (KL),KLM Royal Dutch Airlines,249,00:59,,,,,M88 319 717,,,"Codeshare",3682,3873,3090,
- -,ATL,XNA,KLM Royal Dutch Airlines (KL),KLM Royal Dutch Airlines,587,01:40,,,,,CRJ CR9 717 CR7,,,"Codeshare",3682,4356,3090,
- -,ATW,ATL,KLM Royal Dutch Airlines (KL),KLM Royal Dutch Airlines,765,02:01,,,,,CR7 CR9,,,"Codeshare",4047,3682,3090,
- -,AUA,BON,KLM Royal Dutch Airlines (KL),KLM Royal Dutch Airlines,120,00:44,,,,,330,,,"Direct",2895,2896,3090,
- -,AUH,OPRN,KLM Royal Dutch Airlines (KL),KLM Royal Dutch Airlines,1278,03:03,,,,,320 332,,,"Codeshare",2179,2223,3090,
- -,AUH,AMS,KLM Royal Dutch Airlines (KL),KLM Royal Dutch Airlines,3224,06:56,,,,,330,,,"Direct",2179,580,3090,
- -,AUH,BAH,KLM Royal Dutch Airlines (KL),KLM Royal Dutch Airlines,280,01:03,,,,,330,,,"Direct",2179,2057,3090,
- -,AUH,LHE,KLM Royal Dutch Airlines (KL),KLM Royal Dutch Airlines,1297,03:05,,,,,332 320 77W,,,"Codeshare",2179,2207,3090,
- -,AUS,ATL,KLM Royal Dutch Airlines (KL),KLM Royal Dutch Airlines,811,02:07,,,,,M90 M88,,,"Codeshare",3673,3682,3090,
- -,AVL,ATL,KLM Royal Dutch Airlines (KL),KLM Royal Dutch Airlines,164,00:49,,,,,CRJ,,,"Codeshare",4007,3682,3090,
- -,AVP,ATL,KLM Royal Dutch Airlines (KL),KLM Royal Dutch Airlines,713,01:55,,,,,CR7,,,"Codeshare",4286,3682,3090,
- -,BAH,AUH,KLM Royal Dutch Airlines (KL),KLM Royal Dutch Airlines,280,01:03,,,,,330,,,"Direct",2057,2179,3090,
- -,BCN,AMS,KLM Royal Dutch Airlines (KL),KLM Royal Dutch Airlines,770,02:02,,,,,737,,,"Direct",1218,580,3090,
- -,BCN,JFK,KLM Royal Dutch Airlines (KL),KLM Royal Dutch Airlines,3819,08:08,,,,,330,,,"Codeshare",1218,3797,3090,
- -,BDL,ATL,KLM Royal Dutch Airlines (KL),KLM Royal Dutch Airlines,858,02:12,,,,,M88 320 73W,,,"Codeshare",3825,3682,3090,
- -,BEL,STM,KLM Royal Dutch Airlines (KL),KLM Royal Dutch Airlines,441,01:22,,,,,737,,,"Codeshare",2526,4092,3090,
- -,BGO,AMS,KLM Royal Dutch Airlines (KL),KLM Royal Dutch Airlines,551,01:36,,,,,737 F70 EMJ,,,"Direct",636,580,3090,
- -,BHM,ATL,KLM Royal Dutch Airlines (KL),KLM Royal Dutch Airlines,133,00:45,,,,,M88,,,"Codeshare",3811,3682,3090,
- -,BHX,AMS,KLM Royal Dutch Airlines (KL),KLM Royal Dutch Airlines,274,01:02,,,,,737 EMJ,,,"Direct",469,580,3090,
- -,BJM,KGL,KLM Royal Dutch Airlines (KL),KLM Royal Dutch Airlines,109,00:43,,,,,EMJ E70,,,"Codeshare",1120,1165,3090,
- -,BJM,NBO,KLM Royal Dutch Airlines (KL),KLM Royal Dutch Airlines,542,01:35,,,,,E70,,,"Codeshare",1120,4059,3090,
- -,BKK,AMS,KLM Royal Dutch Airlines (KL),KLM Royal Dutch Airlines,5718,11:56,,,,,777,,,"Direct",3885,580,3090,
- -,BKK,CEI,KLM Royal Dutch Airlines (KL),KLM Royal Dutch Airlines,436,01:22,,,,,320,,,"Codeshare",3885,3932,3090,
- -,BKK,CNX,KLM Royal Dutch Airlines (KL),KLM Royal Dutch Airlines,370,01:14,,,,,319,,,"Codeshare",3885,3931,3090,
- -,BKK,HKT,KLM Royal Dutch Airlines (KL),KLM Royal Dutch Airlines,418,01:20,,,,,320,,,"Codeshare",3885,3179,3090,
- -,BKK,TPE,KLM Royal Dutch Airlines (KL),KLM Royal Dutch Airlines,1545,03:35,,,,,340,,,"Codeshare",3885,2276,3090,
- -,BLL,AMS,KLM Royal Dutch Airlines (KL),KLM Royal Dutch Airlines,296,01:05,,,,,737 EMJ,,,"Direct",608,580,3090,
- -,BLQ,AMS,KLM Royal Dutch Airlines (KL),KLM Royal Dutch Airlines,613,01:43,,,,,EMJ,,,"Codeshare",1538,580,3090,
- -,BMI,ATL,KLM Royal Dutch Airlines (KL),KLM Royal Dutch Airlines,532,01:33,,,,,CR9 CR7,,,"Codeshare",4037,3682,3090,
- -,BNA,ATL,KLM Royal Dutch Airlines (KL),KLM Royal Dutch Airlines,213,00:55,,,,,M88 738 320 717 319,,,"Codeshare",3690,3682,3090,
- -,BOD,AMS,KLM Royal Dutch Airlines (KL),KLM Royal Dutch Airlines,573,01:38,,,,,F70,,,"Direct",1264,580,3090,
- -,BOM,AMS,KLM Royal Dutch Airlines (KL),KLM Royal Dutch Airlines,4259,09:01,,,,,76W,,,"Codeshare",2997,580,3090,
- -,BON,AMS,KLM Royal Dutch Airlines (KL),KLM Royal Dutch Airlines,4839,10:10,,,,,330,,,"Direct",2896,580,3090,
- -,BOS,AMS,KLM Royal Dutch Airlines (KL),KLM Royal Dutch Airlines,3445,07:23,,,,,330,,,"Codeshare",3448,580,3090,
- -,BOS,ATL,KLM Royal Dutch Airlines (KL),KLM Royal Dutch Airlines,944,02:23,,,,,757 M90 M88,,,"Codeshare",3448,3682,3090,
- -,BOS,LHR,KLM Royal Dutch Airlines (KL),KLM Royal Dutch Airlines,3253,07:00,,,,,767,,,"Codeshare",3448,507,3090,
- -,BPS,CNF,KLM Royal Dutch Airlines (KL),KLM Royal Dutch Airlines,389,01:16,,,,,737,,,"Codeshare",4209,2537,3090,
- -,BQK,ATL,KLM Royal Dutch Airlines (KL),KLM Royal Dutch Airlines,238,00:58,,,,,CRJ,,,"Codeshare",5725,3682,3090,
- -,BRE,AMS,KLM Royal Dutch Airlines (KL),KLM Royal Dutch Airlines,175,00:51,,,,,F70,,,"Codeshare",353,580,3090,
- -,BRS,AMS,KLM Royal Dutch Airlines (KL),KLM Royal Dutch Airlines,325,01:09,,,,,EMJ,,,"Codeshare",490,580,3090,
- -,BRU,AMS,KLM Royal Dutch Airlines (KL),KLM Royal Dutch Airlines,97,00:41,,,,,F70 EMJ,,,"Codeshare",302,580,3090,
- -,BRU,ATL,KLM Royal Dutch Airlines (KL),KLM Royal Dutch Airlines,4412,09:19,,,,,76W,,,"Codeshare",302,3682,3090,
- -,BRU,JFK,KLM Royal Dutch Airlines (KL),KLM Royal Dutch Airlines,3655,07:48,,,,,76W,,,"Codeshare",302,3797,3090,
- -,BSL,AMS,KLM Royal Dutch Airlines (KL),KLM Royal Dutch Airlines,348,01:11,,,,,F70 EMJ,,,"Codeshare",1423,580,3090,
- -,BSL,CDG,KLM Royal Dutch Airlines (KL),KLM Royal Dutch Airlines,248,00:59,,,,,AT7,,,"Codeshare",1423,1382,3090,
- -,BTR,ATL,KLM Royal Dutch Airlines (KL),KLM Royal Dutch Airlines,447,01:23,,,,,CRJ CR7 319 CR9,,,"Codeshare",3846,3682,3090,
- -,BTV,ATL,KLM Royal Dutch Airlines (KL),KLM Royal Dutch Airlines,960,02:25,,,,,CR9,,,"Codeshare",3711,3682,3090,
- -,BUD,AMS,KLM Royal Dutch Airlines (KL),KLM Royal Dutch Airlines,726,01:57,,,,,737,,,"Direct",1489,580,3090,
- -,BUF,ATL,KLM Royal Dutch Airlines (KL),KLM Royal Dutch Airlines,712,01:55,,,,,M90 M88,,,"Codeshare",3820,3682,3090,
- -,BWI,ATL,KLM Royal Dutch Airlines (KL),KLM Royal Dutch Airlines,576,01:39,,,,,M88 M90 757 73W,,,"Codeshare",3849,3682,3090,
- -,BZV,FIH,KLM Royal Dutch Airlines (KL),KLM Royal Dutch Airlines,16,00:31,,,,,737 738,,,"Codeshare",883,1020,3090,
- -,BZV,NBO,KLM Royal Dutch Airlines (KL),KLM Royal Dutch Airlines,1508,03:30,,,,,738,,,"Codeshare",883,4059,3090,
- -,CAE,ATL,KLM Royal Dutch Airlines (KL),KLM Royal Dutch Airlines,191,00:52,,,,,M88 319 CRJ 717,,,"Codeshare",3561,3682,3090,
- -,CAI,AMS,KLM Royal Dutch Airlines (KL),KLM Royal Dutch Airlines,2041,04:34,,,,,777,,,"Direct",1128,580,3090,
- -,CAK,ATL,KLM Royal Dutch Airlines (KL),KLM Royal Dutch Airlines,528,01:33,,,,,M88 CR9,,,"Codeshare",4112,3682,3090,
- -,CAN,AMS,KLM Royal Dutch Airlines (KL),KLM Royal Dutch Airlines,5675,11:51,,,,,330,,,"Codeshare",3370,580,3090,
- -,CAN,HGH,KLM Royal Dutch Airlines (KL),KLM Royal Dutch Airlines,644,01:47,,,,,321 772 738 333,,,"Codeshare",3370,3386,3090,
- -,CDG,ABV,KLM Royal Dutch Airlines (KL),KLM Royal Dutch Airlines,2776,06:03,,,,,330,,,"Codeshare",1382,260,3090,
- -,CDG,ALG,KLM Royal Dutch Airlines (KL),KLM Royal Dutch Airlines,851,02:12,,,,,319,,,"Codeshare",1382,210,3090,
- -,CDG,AMS,KLM Royal Dutch Airlines (KL),KLM Royal Dutch Airlines,247,00:59,,,,,737,,,"Direct",1382,580,3090,
- -,CDG,BSL,KLM Royal Dutch Airlines (KL),KLM Royal Dutch Airlines,248,00:59,,,,,ATR,,,"Codeshare",1382,1423,3090,
- -,CDG,CMN,KLM Royal Dutch Airlines (KL),KLM Royal Dutch Airlines,1199,02:53,,,,,320 319,,,"Codeshare",1382,1074,3090,
- -,CDG,DLA,KLM Royal Dutch Airlines (KL),KLM Royal Dutch Airlines,3136,06:46,,,,,777,,,"Codeshare",1382,897,3090,
- -,CDG,EZE,KLM Royal Dutch Airlines (KL),KLM Royal Dutch Airlines,6893,14:17,,,,,777,,,"Codeshare",1382,3988,3090,
- -,CDG,NIM,KLM Royal Dutch Airlines (KL),KLM Royal Dutch Airlines,2453,05:24,,,,,330,,,"Codeshare",1382,280,3090,
- -,CDG,PUJ,KLM Royal Dutch Airlines (KL),KLM Royal Dutch Airlines,4396,09:17,,,,,747,,,"Codeshare",1382,1760,3090,
- -,CDG,ROB,KLM Royal Dutch Airlines (KL),KLM Royal Dutch Airlines,3048,06:35,,,,,330,,,"Codeshare",1382,1063,3090,
- -,CEI,BKK,KLM Royal Dutch Airlines (KL),KLM Royal Dutch Airlines,436,01:22,,,,,320,,,"Codeshare",3932,3885,3090,
- -,CFE,AMS,KLM Royal Dutch Airlines (KL),KLM Royal Dutch Airlines,456,01:24,,,,,ERJ,,,"Codeshare",1330,580,3090,
- -,CGK,KUL,KLM Royal Dutch Airlines (KL),KLM Royal Dutch Airlines,701,01:54,,,,,777,,,"Direct",3275,3304,3090,
- -,CGK,SYD,KLM Royal Dutch Airlines (KL),KLM Royal Dutch Airlines,3427,07:21,,,,,330,,,"Direct",3275,3361,3090,
- -,CGN,AMS,KLM Royal Dutch Airlines (KL),KLM Royal Dutch Airlines,142,00:47,,,,,F70,,,"Codeshare",344,580,3090,
- -,CGO,CTU,KLM Royal Dutch Airlines (KL),KLM Royal Dutch Airlines,636,01:46,,,,,320,,,"Codeshare",3375,3395,3090,
- -,CGO,HRB,KLM Royal Dutch Airlines (KL),KLM Royal Dutch Airlines,1006,02:30,,,,,320,,,"Codeshare",3375,3400,3090,
- -,CHA,ATL,KLM Royal Dutch Airlines (KL),KLM Royal Dutch Airlines,106,00:42,,,,,CRJ,,,"Codeshare",3578,3682,3090,
- -,CHO,ATL,KLM Royal Dutch Airlines (KL),KLM Royal Dutch Airlines,456,01:24,,,,,CRJ,,,"Codeshare",4015,3682,3090,
- -,CHS,ATL,KLM Royal Dutch Airlines (KL),KLM Royal Dutch Airlines,258,01:00,,,,,73W M88 319,,,"Codeshare",3806,3682,3090,
- -,CID,ATL,KLM Royal Dutch Airlines (KL),KLM Royal Dutch Airlines,693,01:53,,,,,CRJ CR9,,,"Codeshare",4043,3682,3090,
- -,CLE,ATL,KLM Royal Dutch Airlines (KL),KLM Royal Dutch Airlines,555,01:36,,,,,M88 717 CR9,,,"Codeshare",3486,3682,3090,
- -,CLT,ATL,KLM Royal Dutch Airlines (KL),KLM Royal Dutch Airlines,226,00:57,,,,,M90 M88,,,"Codeshare",3876,3682,3090,
- -,CMH,ATL,KLM Royal Dutch Airlines (KL),KLM Royal Dutch Airlines,447,01:23,,,,,M88 73W 738 319,,,"Codeshare",3759,3682,3090,
- -,CMN,CDG,KLM Royal Dutch Airlines (KL),KLM Royal Dutch Airlines,1199,02:53,,,,,320 319,,,"Codeshare",1074,1382,3090,
- -,CNF,GRU,KLM Royal Dutch Airlines (KL),KLM Royal Dutch Airlines,308,01:06,,,,,738,,,"Codeshare",2537,2564,3090,
- -,CNX,BKK,KLM Royal Dutch Airlines (KL),KLM Royal Dutch Airlines,370,01:14,,,,,320,,,"Codeshare",3931,3885,3090,
- -,COS,ATL,KLM Royal Dutch Airlines (KL),KLM Royal Dutch Airlines,1181,02:51,,,,,738,,,"Codeshare",3819,3682,3090,
- -,CPH,AMS,KLM Royal Dutch Airlines (KL),KLM Royal Dutch Airlines,393,01:17,,,,,737 EMJ,,,"Direct",609,580,3090,
- -,CPT,AMS,KLM Royal Dutch Airlines (KL),KLM Royal Dutch Airlines,6015,12:31,,,,,777,,,"Direct",797,580,3090,
- -,CRW,ATL,KLM Royal Dutch Airlines (KL),KLM Royal Dutch Airlines,363,01:13,,,,,CRJ,,,"Codeshare",4285,3682,3090,
- -,CSG,ATL,KLM Royal Dutch Airlines (KL),KLM Royal Dutch Airlines,82,00:39,,,,,CRJ,,,"Codeshare",4255,3682,3090,
- -,CTU,AMS,KLM Royal Dutch Airlines (KL),KLM Royal Dutch Airlines,4932,10:21,,,,,74M,,,"Direct",3395,580,3090,
- -,CTU,CGO,KLM Royal Dutch Airlines (KL),KLM Royal Dutch Airlines,636,01:46,,,,,32S,,,"Codeshare",3395,3375,3090,
- -,CTU,HGH,KLM Royal Dutch Airlines (KL),KLM Royal Dutch Airlines,981,02:27,,,,,320,,,"Codeshare",3395,3386,3090,
- -,CTU,KMG,KLM Royal Dutch Airlines (KL),KLM Royal Dutch Airlines,383,01:15,,,,,737,,,"Codeshare",3395,3382,3090,
- -,CTU,KWL,KLM Royal Dutch Airlines (KL),KLM Royal Dutch Airlines,524,01:32,,,,,737,,,"Codeshare",3395,3372,3090,
- -,CTU,TNA,KLM Royal Dutch Airlines (KL),KLM Royal Dutch Airlines,875,02:15,,,,,32S,,,"Codeshare",3395,4108,3090,
- -,CTU,XIY,KLM Royal Dutch Airlines (KL),KLM Royal Dutch Airlines,386,01:16,,,,,32S,,,"Codeshare",3395,3379,3090,
- -,CUN,ATL,KLM Royal Dutch Airlines (KL),KLM Royal Dutch Airlines,882,02:15,,,,,757 320 M88,,,"Codeshare",1852,3682,3090,
- -,CUN,MEX,KLM Royal Dutch Airlines (KL),KLM Royal Dutch Airlines,797,02:05,,,,,767,,,"Codeshare",1852,1824,3090,
- -,CUR,AMS,KLM Royal Dutch Airlines (KL),KLM Royal Dutch Airlines,4865,10:13,,,,,747,,,"Direct",2897,580,3090,
- -,CVG,ATL,KLM Royal Dutch Airlines (KL),KLM Royal Dutch Airlines,373,01:14,,,,,M88 738 319,,,"Codeshare",3488,3682,3090,
- -,CWB,GIG,KLM Royal Dutch Airlines (KL),KLM Royal Dutch Airlines,417,01:20,,,,,73G,,,"Codeshare",2545,2560,3090,
- -,CWB,MGF,KLM Royal Dutch Airlines (KL),KLM Royal Dutch Airlines,227,00:57,,,,,738,,,"Codeshare",2545,2586,3090,
- -,CWL,AMS,KLM Royal Dutch Airlines (KL),KLM Royal Dutch Airlines,351,01:12,,,,,F70,,,"Codeshare",488,580,3090,
- -,CZM,ATL,KLM Royal Dutch Airlines (KL),KLM Royal Dutch Airlines,918,02:20,,,,,319 M88,,,"Codeshare",1800,3682,3090,
- -,DAB,ATL,KLM Royal Dutch Airlines (KL),KLM Royal Dutch Airlines,366,01:13,,,,,M90 M88,,,"Codeshare",3950,3682,3090,
- -,DAL,ATL,KLM Royal Dutch Airlines (KL),KLM Royal Dutch Airlines,719,01:56,,,,,CRJ,,,"Codeshare",3502,3682,3090,
- -,DAR,AMS,KLM Royal Dutch Airlines (KL),KLM Royal Dutch Airlines,4561,09:37,,,,,330,,,"Direct",1177,580,3090,
- -,DAY,ATL,KLM Royal Dutch Airlines (KL),KLM Royal Dutch Airlines,432,01:21,,,,,M88,,,"Codeshare",3627,3682,3090,
- -,DCA,ATL,KLM Royal Dutch Airlines (KL),KLM Royal Dutch Airlines,546,01:35,,,,,M90 M88,,,"Codeshare",3520,3682,3090,
- -,DEL,AMS,KLM Royal Dutch Airlines (KL),KLM Royal Dutch Airlines,3951,08:24,,,,,330,,,"Direct",3093,580,3090,
- -,DEN,ATL,KLM Royal Dutch Airlines (KL),KLM Royal Dutch Airlines,1196,02:53,,,,,757 M90,,,"Codeshare",3751,3682,3090,
- -,DFW,AMS,KLM Royal Dutch Airlines (KL),KLM Royal Dutch Airlines,4906,10:18,,,,,330,,,"Direct",3670,580,3090,
- -,DFW,ATL,KLM Royal Dutch Airlines (KL),KLM Royal Dutch Airlines,729,01:57,,,,,M88 319,,,"Codeshare",3670,3682,3090,
- -,DHN,ATL,KLM Royal Dutch Airlines (KL),KLM Royal Dutch Airlines,170,00:50,,,,,CRJ,,,"Codeshare",3739,3682,3090,
- -,DLA,CDG,KLM Royal Dutch Airlines (KL),KLM Royal Dutch Airlines,3136,06:46,,,,,772,,,"Codeshare",897,1382,3090,
- -,DLA,SSG,KLM Royal Dutch Airlines (KL),KLM Royal Dutch Airlines,71,00:38,,,,,772,,,"Codeshare",897,891,3090,
- -,DLC,HGH,KLM Royal Dutch Airlines (KL),KLM Royal Dutch Airlines,606,01:42,,,,,32S,,,"Codeshare",3404,3386,3090,
- -,DMM,AMS,KLM Royal Dutch Airlines (KL),KLM Royal Dutch Airlines,2921,06:20,,,,,330,,,"Direct",2064,580,3090,
- -,DMM,KWI,KLM Royal Dutch Airlines (KL),KLM Royal Dutch Airlines,220,00:56,,,,,330,,,"Direct",2064,2176,3090,
- -,DOH,AMS,KLM Royal Dutch Airlines (KL),KLM Royal Dutch Airlines,3057,06:36,,,,,330,,,"Direct",11051,580,3090,
- -,DOH,MCT,KLM Royal Dutch Airlines (KL),KLM Royal Dutch Airlines,435,01:22,,,,,330,,,"Direct",11051,2194,3090,
- -,DPS,SIN,KLM Royal Dutch Airlines (KL),KLM Royal Dutch Airlines,1038,02:34,,,,,777,,,"Direct",3940,3316,3090,
- -,DSM,ATL,KLM Royal Dutch Airlines (KL),KLM Royal Dutch Airlines,742,01:59,,,,,M88 CR7 CR9,,,"Codeshare",3729,3682,3090,
- -,DTW,AMS,KLM Royal Dutch Airlines (KL),KLM Royal Dutch Airlines,3927,08:21,,,,,777 330 76W,,,"Codeshare",3645,580,3090,
- -,DTW,ATL,KLM Royal Dutch Airlines (KL),KLM Royal Dutch Airlines,595,01:41,,,,,M88 73H 757 320 738 739,,,"Codeshare",3645,3682,3090,
- -,DTW,FRA,KLM Royal Dutch Airlines (KL),KLM Royal Dutch Airlines,4147,08:47,,,,,767,,,"Codeshare",3645,340,3090,
- -,DTW,LHR,KLM Royal Dutch Airlines (KL),KLM Royal Dutch Airlines,3753,08:00,,,,,76W 777,,,"Codeshare",3645,507,3090,
- -,DTW,MSY,KLM Royal Dutch Airlines (KL),KLM Royal Dutch Airlines,926,02:21,,,,,319 CR7,,,"Codeshare",3645,3861,3090,
- -,DUB,ATL,KLM Royal Dutch Airlines (KL),KLM Royal Dutch Airlines,3926,08:21,,,,,76W,,,"Codeshare",599,3682,3090,
- -,DUB,JFK,KLM Royal Dutch Airlines (KL),KLM Royal Dutch Airlines,3169,06:50,,,,,757,,,"Codeshare",599,3797,3090,
- -,DUS,AMS,KLM Royal Dutch Airlines (KL),KLM Royal Dutch Airlines,110,00:43,,,,,F70,,,"Codeshare",345,580,3090,
- -,DUS,ATL,KLM Royal Dutch Airlines (KL),KLM Royal Dutch Airlines,4493,09:29,,,,,76W,,,"Codeshare",345,3682,3090,
- -,DXB,AMS,KLM Royal Dutch Airlines (KL),KLM Royal Dutch Airlines,3209,06:55,,,,,777,,,"Direct",2188,580,3090,
- -,DXB,NBO,KLM Royal Dutch Airlines (KL),KLM Royal Dutch Airlines,2210,04:55,,,,,767,,,"Codeshare",2188,4059,3090,
- -,DZA,HAH,KLM Royal Dutch Airlines (KL),KLM Royal Dutch Airlines,161,00:49,,,,,737 73W,,,"Codeshare",915,912,3090,
- -,EBB,AMS,KLM Royal Dutch Airlines (KL),KLM Royal Dutch Airlines,3948,08:23,,,,,330,,,"Direct",1187,580,3090,
- -,ECP,ATL,KLM Royal Dutch Airlines (KL),KLM Royal Dutch Airlines,240,00:58,,,,,717 M88 CR9,,,"Codeshare",7669,3682,3090,
- -,EDI,AMS,KLM Royal Dutch Airlines (KL),KLM Royal Dutch Airlines,413,01:19,,,,,737 EMJ,,,"Direct",535,580,3090,
- -,ELP,ATL,KLM Royal Dutch Airlines (KL),KLM Royal Dutch Airlines,1279,03:03,,,,,M88,,,"Codeshare",3559,3682,3090,
- -,EVV,ATL,KLM Royal Dutch Airlines (KL),KLM Royal Dutch Airlines,349,01:11,,,,,CRJ,,,"Codeshare",4018,3682,3090,
- -,EWN,ATL,KLM Royal Dutch Airlines (KL),KLM Royal Dutch Airlines,432,01:21,,,,,CRJ,,,"Codeshare",3730,3682,3090,
- -,EWR,AMS,KLM Royal Dutch Airlines (KL),KLM Royal Dutch Airlines,3644,07:47,,,,,76W,,,"Codeshare",3494,580,3090,
- -,EWR,ATL,KLM Royal Dutch Airlines (KL),KLM Royal Dutch Airlines,744,01:59,,,,,717 319,,,"Codeshare",3494,3682,3090,
- -,EYW,ATL,KLM Royal Dutch Airlines (KL),KLM Royal Dutch Airlines,647,01:47,,,,,73W,,,"Codeshare",3875,3682,3090,
- -,EZE,AMS,KLM Royal Dutch Airlines (KL),KLM Royal Dutch Airlines,7118,14:44,,,,,777,,,"Direct",3988,580,3090,
- -,EZE,CDG,KLM Royal Dutch Airlines (KL),KLM Royal Dutch Airlines,6893,14:17,,,,,772,,,"Codeshare",3988,1382,3090,
- -,EZE,FTE,KLM Royal Dutch Airlines (KL),KLM Royal Dutch Airlines,1265,03:01,,,,,737,,,"Codeshare",3988,4061,3090,
- -,EZE,MVD,KLM Royal Dutch Airlines (KL),KLM Royal Dutch Airlines,141,00:46,,,,,772,,,"Codeshare",3988,2816,3090,
- -,EZE,SCL,KLM Royal Dutch Airlines (KL),KLM Royal Dutch Airlines,706,01:54,,,,,777,,,"Direct",3988,2650,3090,
- -,FAY,ATL,KLM Royal Dutch Airlines (KL),KLM Royal Dutch Airlines,329,01:09,,,,,CRJ,,,"Codeshare",5738,3682,3090,
- -,FBM,NBO,KLM Royal Dutch Airlines (KL),KLM Royal Dutch Airlines,957,02:24,,,,,E90,,,"Codeshare",1038,4059,3090,
- -,FBM,NLA,KLM Royal Dutch Airlines (KL),KLM Royal Dutch Airlines,123,00:44,,,,,EMJ E90,,,"Codeshare",1038,910,3090,
- -,FCO,AMS,KLM Royal Dutch Airlines (KL),KLM Royal Dutch Airlines,805,02:06,,,,,737,,,"Direct",1555,580,3090,
- -,FCO,ATL,KLM Royal Dutch Airlines (KL),KLM Royal Dutch Airlines,5021,10:32,,,,,333,,,"Codeshare",1555,3682,3090,
- -,FIH,BZV,KLM Royal Dutch Airlines (KL),KLM Royal Dutch Airlines,16,00:31,,,,,737 738,,,"Codeshare",1020,883,3090,
- -,FIH,NBO,KLM Royal Dutch Airlines (KL),KLM Royal Dutch Airlines,1496,03:29,,,,,738,,,"Codeshare",1020,4059,3090,
- -,FLL,ATL,KLM Royal Dutch Airlines (KL),KLM Royal Dutch Airlines,581,01:39,,,,,757,,,"Codeshare",3533,3682,3090,
- -,FLR,AMS,KLM Royal Dutch Airlines (KL),KLM Royal Dutch Airlines,657,01:48,,,,,EMJ,,,"Direct",1563,580,3090,
- -,FNA,CDG,KLM Royal Dutch Airlines (KL),KLM Royal Dutch Airlines,2934,06:22,,,,,332,,,"Codeshare",1059,1382,3090,
- -,FNT,ATL,KLM Royal Dutch Airlines (KL),KLM Royal Dutch Airlines,645,01:47,,,,,M88,,,"Codeshare",4089,3682,3090,
- -,FRA,AMS,KLM Royal Dutch Airlines (KL),KLM Royal Dutch Airlines,227,00:57,,,,,EMJ F70,,,"Codeshare",340,580,3090,
- -,FRA,ATL,KLM Royal Dutch Airlines (KL),KLM Royal Dutch Airlines,4601,09:42,,,,,764,,,"Codeshare",340,3682,3090,
- -,FRA,DTW,KLM Royal Dutch Airlines (KL),KLM Royal Dutch Airlines,4147,08:47,,,,,767,,,"Codeshare",340,3645,3090,
- -,FRA,JFK,KLM Royal Dutch Airlines (KL),KLM Royal Dutch Airlines,3843,08:11,,,,,76W,,,"Codeshare",340,3797,3090,
- -,FSM,ATL,KLM Royal Dutch Airlines (KL),KLM Royal Dutch Airlines,577,01:39,,,,,CRJ,,,"Codeshare",3437,3682,3090,
- -,FTE,USH,KLM Royal Dutch Airlines (KL),KLM Royal Dutch Airlines,352,01:12,,,,,737,,,"Codeshare",4061,2497,3090,
- -,FUK,AMS,KLM Royal Dutch Airlines (KL),KLM Royal Dutch Airlines,5656,11:48,,,,,777,,,"Direct",2305,580,3090,
- -,FWA,ATL,KLM Royal Dutch Airlines (KL),KLM Royal Dutch Airlines,508,01:30,,,,,CRJ,,,"Codeshare",4041,3682,3090,
- -,GDL,ATL,KLM Royal Dutch Airlines (KL),KLM Royal Dutch Airlines,1467,03:26,,,,,320,,,"Codeshare",1804,3682,3090,
- -,GIG,AMS,KLM Royal Dutch Airlines (KL),KLM Royal Dutch Airlines,5936,12:22,,,,,777,,,"Direct",2560,580,3090,
- -,GIG,CWB,KLM Royal Dutch Airlines (KL),KLM Royal Dutch Airlines,417,01:20,,,,,737,,,"Codeshare",2560,2545,3090,
- -,GLA,AMS,KLM Royal Dutch Airlines (KL),KLM Royal Dutch Airlines,445,01:23,,,,,737 EMJ,,,"Direct",534,580,3090,
- -,GNV,ATL,KLM Royal Dutch Airlines (KL),KLM Royal Dutch Airlines,300,01:06,,,,,CR9 CR7,,,"Codeshare",3472,3682,3090,
- -,GOT,AMS,KLM Royal Dutch Airlines (KL),KLM Royal Dutch Airlines,474,01:26,,,,,EMJ,,,"Direct",687,580,3090,
- -,GPT,ATL,KLM Royal Dutch Airlines (KL),KLM Royal Dutch Airlines,351,01:12,,,,,M88 CRJ CR7,,,"Codeshare",4038,3682,3090,
- -,GRB,ATL,KLM Royal Dutch Airlines (KL),KLM Royal Dutch Airlines,774,02:02,,,,,CR9 CR7,,,"Codeshare",3653,3682,3090,
- -,GRK,ATL,KLM Royal Dutch Airlines (KL),KLM Royal Dutch Airlines,800,02:06,,,,,CR9 CR7,,,"Codeshare",3775,3682,3090,
- -,GRR,ATL,KLM Royal Dutch Airlines (KL),KLM Royal Dutch Airlines,641,01:46,,,,,320 717 M88 319,,,"Codeshare",3685,3682,3090,
- -,GRU,AMS,KLM Royal Dutch Airlines (KL),KLM Royal Dutch Airlines,6070,12:38,,,,,777,,,"Direct",2564,580,3090,
- -,GSO,ATL,KLM Royal Dutch Airlines (KL),KLM Royal Dutch Airlines,305,01:06,,,,,CR7 M88,,,"Codeshare",4008,3682,3090,
- -,GSP,ATL,KLM Royal Dutch Airlines (KL),KLM Royal Dutch Airlines,153,00:48,,,,,CR7 319 717 M88 CRJ,,,"Codeshare",4034,3682,3090,
- -,GTR,ATL,KLM Royal Dutch Airlines (KL),KLM Royal Dutch Airlines,239,00:58,,,,,CRJ,,,"Codeshare",4273,3682,3090,
- -,GVA,AMS,KLM Royal Dutch Airlines (KL),KLM Royal Dutch Airlines,423,01:20,,,,,737 F70 EMJ,,,"Direct",1665,580,3090,
- -,GYE,AMS,KLM Royal Dutch Airlines (KL),KLM Royal Dutch Airlines,6107,12:42,,,,,777,,,"Direct",2673,580,3090,
- -,HAH,NBO,KLM Royal Dutch Airlines (KL),KLM Royal Dutch Airlines,828,02:09,,,,,73W,,,"Codeshare",912,4059,3090,
- -,HAJ,AMS,KLM Royal Dutch Airlines (KL),KLM Royal Dutch Airlines,207,00:54,,,,,EMJ F70,,,"Codeshare",352,580,3090,
- -,HAK,HGH,KLM Royal Dutch Airlines (KL),KLM Royal Dutch Airlines,944,02:23,,,,,32S,,,"Codeshare",4120,3386,3090,
- -,HAM,AMS,KLM Royal Dutch Airlines (KL),KLM Royal Dutch Airlines,235,00:58,,,,,737 EMJ,,,"Direct",342,580,3090,
- -,HAV,AMS,KLM Royal Dutch Airlines (KL),KLM Royal Dutch Airlines,4855,10:12,,,,,330,,,"Direct",1909,580,3090,
- -,HEL,AMS,KLM Royal Dutch Airlines (KL),KLM Royal Dutch Airlines,944,02:23,,,,,737,,,"Direct",421,580,3090,
- -,HGH,AMS,KLM Royal Dutch Airlines (KL),KLM Royal Dutch Airlines,5540,11:34,,,,,777,,,"Direct",3386,580,3090,
- -,HGH,CAN,KLM Royal Dutch Airlines (KL),KLM Royal Dutch Airlines,644,01:47,,,,,321 772,,,"Codeshare",3386,3370,3090,
- -,HGH,CGQ,KLM Royal Dutch Airlines (KL),KLM Royal Dutch Airlines,993,02:29,,,,,320,,,"Codeshare",3386,4380,3090,
- -,HGH,CTU,KLM Royal Dutch Airlines (KL),KLM Royal Dutch Airlines,981,02:27,,,,,320,,,"Codeshare",3386,3395,3090,
- -,HGH,DLC,KLM Royal Dutch Airlines (KL),KLM Royal Dutch Airlines,606,01:42,,,,,321,,,"Codeshare",3386,3404,3090,
- -,HGH,HAK,KLM Royal Dutch Airlines (KL),KLM Royal Dutch Airlines,944,02:23,,,,,320,,,"Codeshare",3386,4120,3090,
- -,HGH,HRB,KLM Royal Dutch Airlines (KL),KLM Royal Dutch Airlines,1108,02:42,,,,,320,,,"Codeshare",3386,3400,3090,
- -,HGH,KWL,KLM Royal Dutch Airlines (KL),KLM Royal Dutch Airlines,723,01:56,,,,,738,,,"Codeshare",3386,3372,3090,
- -,HGH,LHW,KLM Royal Dutch Airlines (KL),KLM Royal Dutch Airlines,1060,02:37,,,,,757,,,"Codeshare",3386,3378,3090,
- -,HGH,SHE,KLM Royal Dutch Airlines (KL),KLM Royal Dutch Airlines,806,02:06,,,,,321,,,"Codeshare",3386,4144,3090,
- -,HGH,SYX,KLM Royal Dutch Airlines (KL),KLM Royal Dutch Airlines,1075,02:39,,,,,321,,,"Codeshare",3386,4030,3090,
- -,HGH,SZX,KLM Royal Dutch Airlines (KL),KLM Royal Dutch Airlines,664,01:49,,,,,321 320,,,"Codeshare",3386,3374,3090,
- -,HGH,TAO,KLM Royal Dutch Airlines (KL),KLM Royal Dutch Airlines,416,01:19,,,,,738,,,"Codeshare",3386,3390,3090,
- -,HKG,AMS,KLM Royal Dutch Airlines (KL),KLM Royal Dutch Airlines,5759,12:01,,,,,74M,,,"Direct",3077,580,3090,
- -,HKT,BKK,KLM Royal Dutch Airlines (KL),KLM Royal Dutch Airlines,418,01:20,,,,,32S 320,,,"Codeshare",3179,3885,3090,
- -,HNL,ATL,KLM Royal Dutch Airlines (KL),KLM Royal Dutch Airlines,4492,09:29,,,,,333,,,"Codeshare",3728,3682,3090,
- -,HNL,LAX,KLM Royal Dutch Airlines (KL),KLM Royal Dutch Airlines,2551,05:36,,,,,757,,,"Codeshare",3728,3484,3090,
- -,HOU,ATL,KLM Royal Dutch Airlines (KL),KLM Royal Dutch Airlines,694,01:53,,,,,M88,,,"Codeshare",3566,3682,3090,
- -,HPN,ATL,KLM Royal Dutch Airlines (KL),KLM Royal Dutch Airlines,779,02:03,,,,,CR7,,,"Codeshare",3589,3682,3090,
- -,HRB,CGO,KLM Royal Dutch Airlines (KL),KLM Royal Dutch Airlines,1006,02:30,,,,,32S,,,"Codeshare",3400,3375,3090,
- -,HRB,HGH,KLM Royal Dutch Airlines (KL),KLM Royal Dutch Airlines,1108,02:42,,,,,32S,,,"Codeshare",3400,3386,3090,
- -,HRE,LUN,KLM Royal Dutch Airlines (KL),KLM Royal Dutch Airlines,250,01:00,,,,,330,,,"Direct",1005,907,3090,
- -,HRE,NBO,KLM Royal Dutch Airlines (KL),KLM Royal Dutch Airlines,1213,02:55,,,,,E90,,,"Codeshare",1005,4059,3090,
- -,HSV,ATL,KLM Royal Dutch Airlines (KL),KLM Royal Dutch Airlines,150,00:48,,,,,717 CRJ,,,"Codeshare",4113,3682,3090,
- -,HUY,AMS,KLM Royal Dutch Airlines (KL),KLM Royal Dutch Airlines,230,00:57,,,,,F70,,,"Codeshare",515,580,3090,
- -,IAD,AMS,KLM Royal Dutch Airlines (KL),KLM Royal Dutch Airlines,3854,08:12,,,,,330,,,"Direct",3714,580,3090,
- -,IAD,ATL,KLM Royal Dutch Airlines (KL),KLM Royal Dutch Airlines,533,01:33,,,,,M88 320,,,"Codeshare",3714,3682,3090,
- -,IAH,AMS,KLM Royal Dutch Airlines (KL),KLM Royal Dutch Airlines,4998,10:29,,,,,74M,,,"Direct",3550,580,3090,
- -,IAH,ATL,KLM Royal Dutch Airlines (KL),KLM Royal Dutch Airlines,687,01:52,,,,,M88 717 319,,,"Codeshare",3550,3682,3090,
- -,ICN,AMS,KLM Royal Dutch Airlines (KL),KLM Royal Dutch Airlines,5310,11:07,,,,,74M 330,,,"Direct",3930,580,3090,
- -,ICT,ATL,KLM Royal Dutch Airlines (KL),KLM Royal Dutch Airlines,779,02:03,,,,,CR7 CR9,,,"Codeshare",3457,3682,3090,
- -,ILM,ATL,KLM Royal Dutch Airlines (KL),KLM Royal Dutch Airlines,376,01:15,,,,,CRJ,,,"Codeshare",3845,3682,3090,
- -,IND,ATL,KLM Royal Dutch Airlines (KL),KLM Royal Dutch Airlines,432,01:21,,,,,M88 320,,,"Codeshare",3585,3682,3090,
- -,ISL,AMS,KLM Royal Dutch Airlines (KL),KLM Royal Dutch Airlines,1372,03:14,,,,,737,,,"Direct",1701,580,3090,
- -,JAN,ATL,KLM Royal Dutch Airlines (KL),KLM Royal Dutch Airlines,339,01:10,,,,,717 CR9 CRJ,,,"Codeshare",3580,3682,3090,
- -,JAX,ATL,KLM Royal Dutch Airlines (KL),KLM Royal Dutch Airlines,269,01:02,,,,,757,,,"Codeshare",3712,3682,3090,
- -,JFK,AMS,KLM Royal Dutch Airlines (KL),KLM Royal Dutch Airlines,3631,07:45,,,,,330 777 74M 747,,,"Direct",3797,580,3090,
- -,JFK,ATL,KLM Royal Dutch Airlines (KL),KLM Royal Dutch Airlines,758,02:00,,,,,319 738 752 M88,,,"Codeshare",3797,3682,3090,
- -,JFK,BCN,KLM Royal Dutch Airlines (KL),KLM Royal Dutch Airlines,3819,08:08,,,,,330,,,"Codeshare",3797,1218,3090,
- -,JFK,BRU,KLM Royal Dutch Airlines (KL),KLM Royal Dutch Airlines,3655,07:48,,,,,76W,,,"Codeshare",3797,302,3090,
- -,JFK,DUB,KLM Royal Dutch Airlines (KL),KLM Royal Dutch Airlines,3169,06:50,,,,,757,,,"Codeshare",3797,599,3090,
- -,JFK,FRA,KLM Royal Dutch Airlines (KL),KLM Royal Dutch Airlines,3843,08:11,,,,,76W,,,"Codeshare",3797,340,3090,
- -,JFK,LHR,KLM Royal Dutch Airlines (KL),KLM Royal Dutch Airlines,3440,07:22,,,,,767 76W,,,"Codeshare",3797,507,3090,
- -,JFK,MAD,KLM Royal Dutch Airlines (KL),KLM Royal Dutch Airlines,3578,07:39,,,,,767,,,"Codeshare",3797,1229,3090,
- -,JFK,MSY,KLM Royal Dutch Airlines (KL),KLM Royal Dutch Airlines,1180,02:51,,,,,CR9,,,"Codeshare",3797,3861,3090,
- -,JIB,ADD,KLM Royal Dutch Airlines (KL),KLM Royal Dutch Airlines,345,01:11,,,,,EMJ E90,,,"Codeshare",4119,1107,3090,
- -,JIB,NBO,KLM Royal Dutch Airlines (KL),KLM Royal Dutch Airlines,986,02:28,,,,,E90,,,"Codeshare",4119,4059,3090,
- -,JNB,AMS,KLM Royal Dutch Airlines (KL),KLM Royal Dutch Airlines,5599,11:41,,,,,777,,,"Direct",813,580,3090,
- -,JNU,KTN,KLM Royal Dutch Airlines (KL),KLM Royal Dutch Airlines,233,00:57,,,,,737,,,"Codeshare",3492,3808,3090,
- -,JRO,DAR,KLM Royal Dutch Airlines (KL),KLM Royal Dutch Airlines,279,01:03,,,,,330,,,"Direct",1180,1177,3090,
- -,KBP,AMS,KLM Royal Dutch Airlines (KL),KLM Royal Dutch Airlines,1129,02:45,,,,,737,,,"Direct",2939,580,3090,
- -,KBP,TBS,KLM Royal Dutch Airlines (KL),KLM Royal Dutch Airlines,899,02:17,,,,,73G,,,"Codeshare",2939,3973,3090,
- -,KCH,KUL,KLM Royal Dutch Airlines (KL),KLM Royal Dutch Airlines,602,01:42,,,,,738,,,"Codeshare",3263,3304,3090,
- -,KCH,MYY,KLM Royal Dutch Airlines (KL),KLM Royal Dutch Airlines,318,01:08,,,,,738,,,"Codeshare",3263,3266,3090,
- -,KGL,BJM,KLM Royal Dutch Airlines (KL),KLM Royal Dutch Airlines,109,00:43,,,,,EMJ E70,,,"Codeshare",1165,1120,3090,
- -,KGL,EBB,KLM Royal Dutch Airlines (KL),KLM Royal Dutch Airlines,211,00:55,,,,,330,,,"Direct",1165,1187,3090,
- -,KGL,NBO,KLM Royal Dutch Airlines (KL),KLM Royal Dutch Airlines,470,01:26,,,,,E70,,,"Codeshare",1165,4059,3090,
- -,KHH,SIN,KLM Royal Dutch Airlines (KL),KLM Royal Dutch Airlines,1831,04:09,,,,,737,,,"Codeshare",2264,3316,3090,
- -,KIN,PTY,KLM Royal Dutch Airlines (KL),KLM Royal Dutch Airlines,636,01:46,,,,,EMJ,,,"Codeshare",1779,1871,3090,
- -,KIX,AMS,KLM Royal Dutch Airlines (KL),KLM Royal Dutch Airlines,5739,11:58,,,,,777,,,"Direct",3992,580,3090,
- -,KMG,CTU,KLM Royal Dutch Airlines (KL),KLM Royal Dutch Airlines,383,01:15,,,,,737,,,"Codeshare",3382,3395,3090,
- -,KRS,AMS,KLM Royal Dutch Airlines (KL),KLM Royal Dutch Airlines,427,01:21,,,,,EMJ F70,,,"Codeshare",638,580,3090,
- -,KTN,SEA,KLM Royal Dutch Airlines (KL),KLM Royal Dutch Airlines,678,01:51,,,,,734,,,"Codeshare",3808,3577,3090,
- -,KTN,SIT,KLM Royal Dutch Airlines (KL),KLM Royal Dutch Airlines,182,00:51,,,,,737,,,"Codeshare",3808,3856,3090,
- -,KUL,AMS,KLM Royal Dutch Airlines (KL),KLM Royal Dutch Airlines,6357,13:12,,,,,777,,,"Direct",3304,580,3090,
- -,KUL,CGK,KLM Royal Dutch Airlines (KL),KLM Royal Dutch Airlines,701,01:54,,,,,777,,,"Direct",3304,3275,3090,
- -,KUL,KCH,KLM Royal Dutch Airlines (KL),KLM Royal Dutch Airlines,602,01:42,,,,,737,,,"Codeshare",3304,3263,3090,
- -,KWI,AMS,KLM Royal Dutch Airlines (KL),KLM Royal Dutch Airlines,2704,05:54,,,,,330,,,"Direct",2176,580,3090,
- -,KWI,DMM,KLM Royal Dutch Airlines (KL),KLM Royal Dutch Airlines,220,00:56,,,,,330,,,"Direct",2176,2064,3090,
- -,KWL,CTU,KLM Royal Dutch Airlines (KL),KLM Royal Dutch Airlines,524,01:32,,,,,738,,,"Codeshare",3372,3395,3090,
- -,KWL,HGH,KLM Royal Dutch Airlines (KL),KLM Royal Dutch Airlines,723,01:56,,,,,737,,,"Codeshare",3372,3386,3090,
- -,KWL,NNG,KLM Royal Dutch Airlines (KL),KLM Royal Dutch Airlines,215,00:55,,,,,738,,,"Codeshare",3372,3373,3090,
- -,LAD,AMS,KLM Royal Dutch Airlines (KL),KLM Royal Dutch Airlines,4253,09:00,,,,,330,,,"Direct",951,580,3090,
- -,LAS,ATL,KLM Royal Dutch Airlines (KL),KLM Royal Dutch Airlines,1741,03:58,,,,,757,,,"Codeshare",3877,3682,3090,
- -,LAX,AMS,KLM Royal Dutch Airlines (KL),KLM Royal Dutch Airlines,5561,11:37,,,,,74M 747,,,"Direct",3484,580,3090,
- -,LAX,ATL,KLM Royal Dutch Airlines (KL),KLM Royal Dutch Airlines,1941,04:22,,,,,757,,,"Codeshare",3484,3682,3090,
- -,LAX,KOA,KLM Royal Dutch Airlines (KL),KLM Royal Dutch Airlines,2499,05:29,,,,,757,,,"Codeshare",3484,3514,3090,
- -,LAX,MSP,KLM Royal Dutch Airlines (KL),KLM Royal Dutch Airlines,1532,03:33,,,,,757 753,,,"Codeshare",3484,3858,3090,
- -,LAX,MSY,KLM Royal Dutch Airlines (KL),KLM Royal Dutch Airlines,1666,03:49,,,,,319,,,"Codeshare",3484,3861,3090,
- -,LAX,OGG,KLM Royal Dutch Airlines (KL),KLM Royal Dutch Airlines,2481,05:27,,,,,757,,,"Codeshare",3484,3456,3090,
- -,LBA,AMS,KLM Royal Dutch Airlines (KL),KLM Royal Dutch Airlines,287,01:04,,,,,F70 EMJ,,,"Codeshare",517,580,3090,
- -,LCA,AMS,KLM Royal Dutch Airlines (KL),KLM Royal Dutch Airlines,1857,04:12,,,,,32S,,,"Codeshare",1197,580,3090,
- -,LCY,AMS,KLM Royal Dutch Airlines (KL),KLM Royal Dutch Airlines,208,00:54,,,,,ARJ,,,"Codeshare",503,580,3090,
- -,LCY,RTM,KLM Royal Dutch Airlines (KL),KLM Royal Dutch Airlines,189,00:52,,,,,F50 ARJ,,,"Codeshare",503,591,3090,
- -,LED,AMS,KLM Royal Dutch Airlines (KL),KLM Royal Dutch Airlines,1101,02:42,,,,,737,,,"Direct",2948,580,3090,
- -,LEX,ATL,KLM Royal Dutch Airlines (KL),KLM Royal Dutch Airlines,303,01:06,,,,,CR9 CRJ,,,"Codeshare",4017,3682,3090,
- -,LFT,ATL,KLM Royal Dutch Airlines (KL),KLM Royal Dutch Airlines,502,01:30,,,,,CRJ,,,"Codeshare",3493,3682,3090,
- -,LGA,ATL,KLM Royal Dutch Airlines (KL),KLM Royal Dutch Airlines,760,02:01,,,,,757 M88 73W,,,"Codeshare",3697,3682,3090,
- -,LHE,AUH,KLM Royal Dutch Airlines (KL),KLM Royal Dutch Airlines,1297,03:05,,,,,346 77W 320,,,"Codeshare",2207,2179,3090,
- -,LHR,AMS,KLM Royal Dutch Airlines (KL),KLM Royal Dutch Airlines,230,00:57,,,,,737 F70 EMJ,,,"Direct",507,580,3090,
- -,LHR,ATL,KLM Royal Dutch Airlines (KL),KLM Royal Dutch Airlines,4198,08:53,,,,,764 77L 76W,,,"Codeshare",507,3682,3090,
- -,LHR,BOS,KLM Royal Dutch Airlines (KL),KLM Royal Dutch Airlines,3253,07:00,,,,,767,,,"Codeshare",507,3448,3090,
- -,LHR,DTW,KLM Royal Dutch Airlines (KL),KLM Royal Dutch Airlines,3753,08:00,,,,,76W 777,,,"Codeshare",507,3645,3090,
- -,LHR,JFK,KLM Royal Dutch Airlines (KL),KLM Royal Dutch Airlines,3440,07:22,,,,,76W 767,,,"Codeshare",507,3797,3090,
- -,LHR,MSP,KLM Royal Dutch Airlines (KL),KLM Royal Dutch Airlines,4001,08:30,,,,,767,,,"Codeshare",507,3858,3090,
- -,LHR,SEA,KLM Royal Dutch Airlines (KL),KLM Royal Dutch Airlines,4783,10:03,,,,,76W,,,"Codeshare",507,3577,3090,
- -,LHW,URC,KLM Royal Dutch Airlines (KL),KLM Royal Dutch Airlines,990,02:28,,,,,752,,,"Codeshare",3378,3399,3090,
- -,LIM,AMS,KLM Royal Dutch Airlines (KL),KLM Royal Dutch Airlines,6533,13:33,,,,,777,,,"Direct",2789,580,3090,
- -,LIN,AMS,KLM Royal Dutch Airlines (KL),KLM Royal Dutch Airlines,516,01:31,,,,,737,,,"Direct",1529,580,3090,
- -,LIS,AMS,KLM Royal Dutch Airlines (KL),KLM Royal Dutch Airlines,1146,02:47,,,,,737,,,"Direct",1638,580,3090,
- -,LIT,ATL,KLM Royal Dutch Airlines (KL),KLM Royal Dutch Airlines,451,01:24,,,,,M88,,,"Codeshare",3660,3682,3090,
- -,LLW,LUN,KLM Royal Dutch Airlines (KL),KLM Royal Dutch Airlines,371,01:14,,,,,EMJ E90,,,"Codeshare",1016,907,3090,
- -,LLW,NBO,KLM Royal Dutch Airlines (KL),KLM Royal Dutch Airlines,887,02:16,,,,,738 E90,,,"Codeshare",1016,4059,3090,
- -,LOS,AMS,KLM Royal Dutch Airlines (KL),KLM Royal Dutch Airlines,3158,06:48,,,,,330,,,"Direct",273,580,3090,
- -,LPI,AMS,KLM Royal Dutch Airlines (KL),KLM Royal Dutch Airlines,599,01:41,,,,,EMJ F70,,,"Codeshare",742,580,3090,
- -,LUN,AMS,KLM Royal Dutch Airlines (KL),KLM Royal Dutch Airlines,4881,10:15,,,,,330,,,"Direct",907,580,3090,
- -,LUN,HRE,KLM Royal Dutch Airlines (KL),KLM Royal Dutch Airlines,250,01:00,,,,,EMJ E90,,,"Codeshare",907,1005,3090,
- -,LUN,LLW,KLM Royal Dutch Airlines (KL),KLM Royal Dutch Airlines,371,01:14,,,,,737 EMJ 738 E90 763,,,"Codeshare",907,1016,3090,
- -,LUN,NBO,KLM Royal Dutch Airlines (KL),KLM Royal Dutch Airlines,1126,02:45,,,,,E90 763,,,"Codeshare",907,4059,3090,
- -,LUX,AMS,KLM Royal Dutch Airlines (KL),KLM Royal Dutch Airlines,195,00:53,,,,,F70 EMJ,,,"Codeshare",629,580,3090,
- -,LVI,HRE,KLM Royal Dutch Airlines (KL),KLM Royal Dutch Airlines,346,01:11,,,,,EMJ E90,,,"Codeshare",906,1005,3090,
- -,LYS,AMS,KLM Royal Dutch Airlines (KL),KLM Royal Dutch Airlines,454,01:24,,,,,EMJ F70,,,"Codeshare",1335,580,3090,
- -,MAD,AMS,KLM Royal Dutch Airlines (KL),KLM Royal Dutch Airlines,907,02:18,,,,,737,,,"Direct",1229,580,3090,
- -,MAD,ATL,KLM Royal Dutch Airlines (KL),KLM Royal Dutch Airlines,4323,09:08,,,,,764,,,"Codeshare",1229,3682,3090,
- -,MAD,JFK,KLM Royal Dutch Airlines (KL),KLM Royal Dutch Airlines,3578,07:39,,,,,767,,,"Codeshare",1229,3797,3090,
- -,MAN,AMS,KLM Royal Dutch Airlines (KL),KLM Royal Dutch Airlines,302,01:06,,,,,737 EMJ F70,,,"Direct",478,580,3090,
- -,MAN,ATL,KLM Royal Dutch Airlines (KL),KLM Royal Dutch Airlines,4086,08:40,,,,,76W,,,"Codeshare",478,3682,3090,
- -,MAO,GRU,KLM Royal Dutch Airlines (KL),KLM Royal Dutch Airlines,1675,03:51,,,,,737,,,"Codeshare",2551,2564,3090,
- -,MCI,ATL,KLM Royal Dutch Airlines (KL),KLM Royal Dutch Airlines,691,01:52,,,,,M88 M90 757,,,"Codeshare",3458,3682,3090,
- -,MCO,ATL,KLM Royal Dutch Airlines (KL),KLM Royal Dutch Airlines,404,01:18,,,,,757 739,,,"Codeshare",3878,3682,3090,
- -,MCT,DOH,KLM Royal Dutch Airlines (KL),KLM Royal Dutch Airlines,435,01:22,,,,,330,,,"Direct",2194,11051,3090,
- -,MDT,ATL,KLM Royal Dutch Airlines (KL),KLM Royal Dutch Airlines,619,01:44,,,,,CRJ,,,"Codeshare",3542,3682,3090,
- -,MDW,ATL,KLM Royal Dutch Airlines (KL),KLM Royal Dutch Airlines,591,01:40,,,,,717 320 319,,,"Codeshare",3747,3682,3090,
- -,MEM,ATL,KLM Royal Dutch Airlines (KL),KLM Royal Dutch Airlines,330,01:09,,,,,M88 320,,,"Codeshare",3473,3682,3090,
- -,MEX,AMS,KLM Royal Dutch Airlines (KL),KLM Royal Dutch Airlines,5717,11:56,,,,,74M,,,"Direct",1824,580,3090,
- -,MEX,ATL,KLM Royal Dutch Airlines (KL),KLM Royal Dutch Airlines,1331,03:09,,,,,73W 738 73H,,,"Codeshare",1824,3682,3090,
- -,MEX,MTY,KLM Royal Dutch Airlines (KL),KLM Royal Dutch Airlines,442,01:23,,,,,737,,,"Codeshare",1824,1825,3090,
- -,MGF,CWB,KLM Royal Dutch Airlines (KL),KLM Royal Dutch Airlines,227,00:57,,,,,737,,,"Codeshare",2586,2545,3090,
- -,MGM,ATL,KLM Royal Dutch Airlines (KL),KLM Royal Dutch Airlines,146,00:47,,,,,CRJ,,,"Codeshare",4115,3682,3090,
- -,MHT,ATL,KLM Royal Dutch Airlines (KL),KLM Royal Dutch Airlines,950,02:24,,,,,320,,,"Codeshare",4011,3682,3090,
- -,MIA,ATL,KLM Royal Dutch Airlines (KL),KLM Royal Dutch Airlines,595,01:41,,,,,757 M88 M90,,,"Codeshare",3576,3682,3090,
- -,MKE,ATL,KLM Royal Dutch Airlines (KL),KLM Royal Dutch Airlines,669,01:50,,,,,M88 M90,,,"Codeshare",3717,3682,3090,
- -,MLB,ATL,KLM Royal Dutch Airlines (KL),KLM Royal Dutch Airlines,442,01:23,,,,,M88,,,"Codeshare",3671,3682,3090,
- -,MLI,ATL,KLM Royal Dutch Airlines (KL),KLM Royal Dutch Airlines,633,01:45,,,,,CR7 CR9,,,"Codeshare",4072,3682,3090,
- -,MLU,ATL,KLM Royal Dutch Airlines (KL),KLM Royal Dutch Airlines,447,01:23,,,,,CRJ,,,"Codeshare",3732,3682,3090,
- -,MME,AMS,KLM Royal Dutch Airlines (KL),KLM Royal Dutch Airlines,296,01:05,,,,,F70,,,"Codeshare",522,580,3090,
- -,MNL,TPE,KLM Royal Dutch Airlines (KL),KLM Royal Dutch Airlines,729,01:57,,,,,777,,,"Direct",2397,2276,3090,
- -,MOB,ATL,KLM Royal Dutch Airlines (KL),KLM Royal Dutch Airlines,301,01:06,,,,,717 CR9 CR7 CRJ,,,"Codeshare",3782,3682,3090,
- -,MRS,AMS,KLM Royal Dutch Airlines (KL),KLM Royal Dutch Airlines,612,01:43,,,,,32S,,,"Codeshare",1353,580,3090,
- -,MSN,ATL,KLM Royal Dutch Airlines (KL),KLM Royal Dutch Airlines,707,01:54,,,,,73W CR7 320 CR9,,,"Codeshare",3459,3682,3090,
- -,MSP,AMS,KLM Royal Dutch Airlines (KL),KLM Royal Dutch Airlines,4151,08:48,,,,,330,,,"Codeshare",3858,580,3090,
- -,MSP,ATL,KLM Royal Dutch Airlines (KL),KLM Royal Dutch Airlines,906,02:18,,,,,320 757 739,,,"Codeshare",3858,3682,3090,
- -,MSP,LAX,KLM Royal Dutch Airlines (KL),KLM Royal Dutch Airlines,1532,03:33,,,,,757,,,"Codeshare",3858,3484,3090,
- -,MSP,LHR,KLM Royal Dutch Airlines (KL),KLM Royal Dutch Airlines,4001,08:30,,,,,767,,,"Codeshare",3858,507,3090,
- -,MSP,MSY,KLM Royal Dutch Airlines (KL),KLM Royal Dutch Airlines,1040,02:34,,,,,E75 CR9,,,"Codeshare",3858,3861,3090,
- -,MSP,SEA,KLM Royal Dutch Airlines (KL),KLM Royal Dutch Airlines,1394,03:17,,,,,757,,,"Codeshare",3858,3577,3090,
- -,MSP,SFO,KLM Royal Dutch Airlines (KL),KLM Royal Dutch Airlines,1584,03:40,,,,,757,,,"Codeshare",3858,3469,3090,
- -,MSY,ATL,KLM Royal Dutch Airlines (KL),KLM Royal Dutch Airlines,424,01:20,,,,,757 M90 M88,,,"Codeshare",3861,3682,3090,
- -,MSY,DTW,KLM Royal Dutch Airlines (KL),KLM Royal Dutch Airlines,926,02:21,,,,,319 CR9 CR7 M88,,,"Codeshare",3861,3645,3090,
- -,MSY,JFK,KLM Royal Dutch Airlines (KL),KLM Royal Dutch Airlines,1180,02:51,,,,,CR9,,,"Codeshare",3861,3797,3090,
- -,MSY,LAX,KLM Royal Dutch Airlines (KL),KLM Royal Dutch Airlines,1666,03:49,,,,,319,,,"Codeshare",3861,3484,3090,
- -,MTY,ATL,KLM Royal Dutch Airlines (KL),KLM Royal Dutch Airlines,1083,02:39,,,,,CR9,,,"Codeshare",1825,3682,3090,
- -,MUC,AMS,KLM Royal Dutch Airlines (KL),KLM Royal Dutch Airlines,412,01:19,,,,,737,,,"Direct",346,580,3090,
- -,MUC,ATL,KLM Royal Dutch Airlines (KL),KLM Royal Dutch Airlines,4783,10:03,,,,,764,,,"Codeshare",346,3682,3090,
- -,MVD,EZE,KLM Royal Dutch Airlines (KL),KLM Royal Dutch Airlines,141,00:46,,,,,777,,,"Codeshare",2816,3988,3090,
- -,MYR,ATL,KLM Royal Dutch Airlines (KL),KLM Royal Dutch Airlines,316,01:07,,,,,CR7 CR9 717 319,,,"Codeshare",3515,3682,3090,
- -,MYY,KCH,KLM Royal Dutch Airlines (KL),KLM Royal Dutch Airlines,318,01:08,,,,,737,,,"Codeshare",3266,3263,3090,
- -,NBO,ADD,KLM Royal Dutch Airlines (KL),KLM Royal Dutch Airlines,722,01:56,,,,,EMJ,,,"Codeshare",4059,1107,3090,
- -,NBO,AMS,KLM Royal Dutch Airlines (KL),KLM Royal Dutch Airlines,4146,08:47,,,,,747,,,"Direct",4059,580,3090,
- -,NBO,BJM,KLM Royal Dutch Airlines (KL),KLM Royal Dutch Airlines,542,01:35,,,,,EMJ,,,"Codeshare",4059,1120,3090,
- -,NBO,BZV,KLM Royal Dutch Airlines (KL),KLM Royal Dutch Airlines,1508,03:30,,,,,737,,,"Codeshare",4059,883,3090,
- -,NBO,DXB,KLM Royal Dutch Airlines (KL),KLM Royal Dutch Airlines,2210,04:55,,,,,767,,,"Codeshare",4059,2188,3090,
- -,NBO,DZA,KLM Royal Dutch Airlines (KL),KLM Royal Dutch Airlines,977,02:27,,,,,737,,,"Codeshare",4059,915,3090,
- -,NBO,FBM,KLM Royal Dutch Airlines (KL),KLM Royal Dutch Airlines,957,02:24,,,,,EMJ,,,"Codeshare",4059,1038,3090,
- -,NBO,FIH,KLM Royal Dutch Airlines (KL),KLM Royal Dutch Airlines,1496,03:29,,,,,737,,,"Codeshare",4059,1020,3090,
- -,NBO,HRE,KLM Royal Dutch Airlines (KL),KLM Royal Dutch Airlines,1213,02:55,,,,,767,,,"Codeshare",4059,1005,3090,
- -,NBO,JIB,KLM Royal Dutch Airlines (KL),KLM Royal Dutch Airlines,986,02:28,,,,,EMJ,,,"Codeshare",4059,4119,3090,
- -,NBO,KGL,KLM Royal Dutch Airlines (KL),KLM Royal Dutch Airlines,470,01:26,,,,,EMJ,,,"Codeshare",4059,1165,3090,
- -,NBO,LLW,KLM Royal Dutch Airlines (KL),KLM Royal Dutch Airlines,887,02:16,,,,,EMJ,,,"Codeshare",4059,1016,3090,
- -,NBO,LUN,KLM Royal Dutch Airlines (KL),KLM Royal Dutch Airlines,1126,02:45,,,,,EMJ 737,,,"Codeshare",4059,907,3090,
- -,NBO,LVI,KLM Royal Dutch Airlines (KL),KLM Royal Dutch Airlines,1366,03:13,,,,,EMJ,,,"Codeshare",4059,906,3090,
- -,NBO,NLA,KLM Royal Dutch Airlines (KL),KLM Royal Dutch Airlines,984,02:28,,,,,EMJ,,,"Codeshare",4059,910,3090,
- -,NCE,AMS,KLM Royal Dutch Airlines (KL),KLM Royal Dutch Airlines,607,01:42,,,,,737 EMJ,,,"Direct",1354,580,3090,
- -,NCL,AMS,KLM Royal Dutch Airlines (KL),KLM Royal Dutch Airlines,324,01:08,,,,,EMJ 737,,,"Direct",521,580,3090,
- -,NIM,CDG,KLM Royal Dutch Airlines (KL),KLM Royal Dutch Airlines,2453,05:24,,,,,332,,,"Codeshare",280,1382,3090,
- -,NIM,OUA,KLM Royal Dutch Airlines (KL),KLM Royal Dutch Airlines,260,01:01,,,,,332,,,"Codeshare",280,246,3090,
- -,NKG,CGQ,KLM Royal Dutch Airlines (KL),KLM Royal Dutch Airlines,923,02:20,,,,,319,,,"Codeshare",3388,4380,3090,
- -,NLA,FBM,KLM Royal Dutch Airlines (KL),KLM Royal Dutch Airlines,123,00:44,,,,,EMJ E90,,,"Codeshare",910,1038,3090,
- -,NLA,NBO,KLM Royal Dutch Airlines (KL),KLM Royal Dutch Airlines,984,02:28,,,,,E90,,,"Codeshare",910,4059,3090,
- -,NNG,KWL,KLM Royal Dutch Airlines (KL),KLM Royal Dutch Airlines,215,00:55,,,,,737,,,"Codeshare",3373,3372,3090,
- -,NRT,AMS,KLM Royal Dutch Airlines (KL),KLM Royal Dutch Airlines,5787,12:04,,,,,74M 747 777,,,"Direct",2279,580,3090,
- -,NTE,AMS,KLM Royal Dutch Airlines (KL),KLM Royal Dutch Airlines,455,01:24,,,,,ERJ,,,"Codeshare",1418,580,3090,
- -,NUE,AMS,KLM Royal Dutch Airlines (KL),KLM Royal Dutch Airlines,336,01:10,,,,,F70 EMJ,,,"Codeshare",347,580,3090,
- -,NWI,AMS,KLM Royal Dutch Airlines (KL),KLM Royal Dutch Airlines,148,00:47,,,,,F70,,,"Codeshare",547,580,3090,
- -,OAJ,ATL,KLM Royal Dutch Airlines (KL),KLM Royal Dutch Airlines,397,01:17,,,,,CRJ,,,"Codeshare",4386,3682,3090,
- -,OGG,LAX,KLM Royal Dutch Airlines (KL),KLM Royal Dutch Airlines,2481,05:27,,,,,757,,,"Codeshare",3456,3484,3090,
- -,OKC,ATL,KLM Royal Dutch Airlines (KL),KLM Royal Dutch Airlines,758,02:00,,,,,CR9 M88,,,"Codeshare",3863,3682,3090,
- -,OMA,ATL,KLM Royal Dutch Airlines (KL),KLM Royal Dutch Airlines,820,02:08,,,,,CR7 M88,,,"Codeshare",3454,3682,3090,
- -,ORD,AMS,KLM Royal Dutch Airlines (KL),KLM Royal Dutch Airlines,4106,08:42,,,,,74M,,,"Direct",3830,580,3090,
- -,ORD,ATL,KLM Royal Dutch Airlines (KL),KLM Royal Dutch Airlines,606,01:42,,,,,717 M88 319,,,"Codeshare",3830,3682,3090,
- -,ORF,ATL,KLM Royal Dutch Airlines (KL),KLM Royal Dutch Airlines,515,01:31,,,,,M90 M88 319,,,"Codeshare",3611,3682,3090,
- -,OSL,AMS,KLM Royal Dutch Airlines (KL),KLM Royal Dutch Airlines,590,01:40,,,,,737 EMJ,,,"Direct",644,580,3090,
- -,OTP,AMS,KLM Royal Dutch Airlines (KL),KLM Royal Dutch Airlines,1107,02:42,,,,,737,,,"Direct",1657,580,3090,
- -,OUA,NIM,KLM Royal Dutch Airlines (KL),KLM Royal Dutch Airlines,260,01:01,,,,,330,,,"Codeshare",246,280,3090,
- -,PBI,ATL,KLM Royal Dutch Airlines (KL),KLM Royal Dutch Airlines,545,01:35,,,,,M90 757,,,"Codeshare",3722,3682,3090,
- -,PBM,AMS,KLM Royal Dutch Airlines (KL),KLM Royal Dutch Airlines,4672,09:50,,,,,747,,,"Direct",2773,580,3090,
- -,PDX,AMS,KLM Royal Dutch Airlines (KL),KLM Royal Dutch Airlines,4986,10:28,,,,,330,,,"Codeshare",3720,580,3090,
- -,PDX,ATL,KLM Royal Dutch Airlines (KL),KLM Royal Dutch Airlines,2166,04:49,,,,,739 738 73H,,,"Codeshare",3720,3682,3090,
- -,PEK,AMS,KLM Royal Dutch Airlines (KL),KLM Royal Dutch Airlines,4860,10:13,,,,,74M,,,"Direct",3364,580,3090,
- -,PHC,ABV,KLM Royal Dutch Airlines (KL),KLM Royal Dutch Airlines,276,01:03,,,,,330 332,,,"Codeshare",275,260,3090,
- -,PHF,ATL,KLM Royal Dutch Airlines (KL),KLM Royal Dutch Airlines,507,01:30,,,,,CRJ,,,"Codeshare",3633,3682,3090,
- -,PHL,ATL,KLM Royal Dutch Airlines (KL),KLM Royal Dutch Airlines,665,01:49,,,,,M90 320 M88 73H,,,"Codeshare",3752,3682,3090,
- -,PHX,ATL,KLM Royal Dutch Airlines (KL),KLM Royal Dutch Airlines,1583,03:39,,,,,757,,,"Codeshare",3462,3682,3090,
- -,PIA,ATL,KLM Royal Dutch Airlines (KL),KLM Royal Dutch Airlines,564,01:37,,,,,CRJ,,,"Codeshare",4046,3682,3090,
- -,PIT,ATL,KLM Royal Dutch Airlines (KL),KLM Royal Dutch Airlines,526,01:33,,,,,M88 CR9,,,"Codeshare",3570,3682,3090,
- -,PNS,ATL,KLM Royal Dutch Airlines (KL),KLM Royal Dutch Airlines,271,01:02,,,,,M90,,,"Codeshare",3564,3682,3090,
- -,PRG,AMS,KLM Royal Dutch Airlines (KL),KLM Royal Dutch Airlines,437,01:22,,,,,EMJ F70 737,,,"Codeshare",1587,580,3090,
- -,PSP,SFO,KLM Royal Dutch Airlines (KL),KLM Royal Dutch Airlines,420,01:20,,,,,737,,,"Codeshare",3839,3469,3090,
- -,PTY,AMS,KLM Royal Dutch Airlines (KL),KLM Royal Dutch Airlines,5473,11:26,,,,,777,,,"Direct",1871,580,3090,
- -,PTY,SJO,KLM Royal Dutch Airlines (KL),KLM Royal Dutch Airlines,334,01:10,,,,,737,,,"Codeshare",1871,1885,3090,
- -,PUJ,SDQ,KLM Royal Dutch Airlines (KL),KLM Royal Dutch Airlines,86,00:40,,,,,747 744,,,"Codeshare",1760,1762,3090,
- -,PVD,ATL,KLM Royal Dutch Airlines (KL),KLM Royal Dutch Airlines,902,02:18,,,,,M88,,,"Codeshare",3641,3682,3090,
- -,PVG,AMS,KLM Royal Dutch Airlines (KL),KLM Royal Dutch Airlines,5533,11:33,,,,,74M 747,,,"Direct",3406,580,3090,
- -,PVR,ATL,KLM Royal Dutch Airlines (KL),KLM Royal Dutch Airlines,1556,03:36,,,,,757,,,"Codeshare",1836,3682,3090,
- -,RDU,ATL,KLM Royal Dutch Airlines (KL),KLM Royal Dutch Airlines,355,01:12,,,,,M88 M90,,,"Codeshare",3626,3682,3090,
- -,RIC,ATL,KLM Royal Dutch Airlines (KL),KLM Royal Dutch Airlines,480,01:27,,,,,M88 73H,,,"Codeshare",3608,3682,3090,
- -,RIX,AMS,KLM Royal Dutch Airlines (KL),KLM Royal Dutch Airlines,827,02:09,,,,,737,,,"Codeshare",3953,580,3090,
- -,ROA,ATL,KLM Royal Dutch Airlines (KL),KLM Royal Dutch Airlines,357,01:12,,,,,CRJ,,,"Codeshare",4016,3682,3090,
- -,ROB,FNA,KLM Royal Dutch Airlines (KL),KLM Royal Dutch Airlines,254,01:00,,,,,330 332,,,"Codeshare",1063,1059,3090,
- -,ROC,ATL,KLM Royal Dutch Airlines (KL),KLM Royal Dutch Airlines,749,01:59,,,,,M90 M88,,,"Codeshare",3622,3682,3090,
- -,RSW,ATL,KLM Royal Dutch Airlines (KL),KLM Royal Dutch Airlines,515,01:31,,,,,M90 M88,,,"Codeshare",3793,3682,3090,
- -,RTM,LCY,KLM Royal Dutch Airlines (KL),KLM Royal Dutch Airlines,189,00:52,,,,,F50 ARJ,,,"Codeshare",591,503,3090,
- -,SAN,ATL,KLM Royal Dutch Airlines (KL),KLM Royal Dutch Airlines,1886,04:16,,,,,763 739,,,"Codeshare",3731,3682,3090,
- -,SAT,ATL,KLM Royal Dutch Airlines (KL),KLM Royal Dutch Airlines,872,02:14,,,,,757 M90,,,"Codeshare",3621,3682,3090,
- -,SAV,ATL,KLM Royal Dutch Airlines (KL),KLM Royal Dutch Airlines,214,00:55,,,,,717 M88 319,,,"Codeshare",3613,3682,3090,
- -,SBN,ATL,KLM Royal Dutch Airlines (KL),KLM Royal Dutch Airlines,566,01:37,,,,,CRJ,,,"Codeshare",4359,3682,3090,
- -,SCL,EZE,KLM Royal Dutch Airlines (KL),KLM Royal Dutch Airlines,706,01:54,,,,,777,,,"Direct",2650,3988,3090,
- -,SDF,ATL,KLM Royal Dutch Airlines (KL),KLM Royal Dutch Airlines,321,01:08,,,,,M88,,,"Codeshare",4014,3682,3090,
- -,SDQ,CDG,KLM Royal Dutch Airlines (KL),KLM Royal Dutch Airlines,4462,09:25,,,,,744,,,"Codeshare",1762,1382,3090,
- -,SEA,AMS,KLM Royal Dutch Airlines (KL),KLM Royal Dutch Airlines,4868,10:14,,,,,330,,,"Codeshare",3577,580,3090,
- -,SEA,ATL,KLM Royal Dutch Airlines (KL),KLM Royal Dutch Airlines,2176,04:51,,,,,76W 763,,,"Codeshare",3577,3682,3090,
- -,SEA,HNL,KLM Royal Dutch Airlines (KL),KLM Royal Dutch Airlines,2675,05:51,,,,,753,,,"Codeshare",3577,3728,3090,
- -,SEA,KTN,KLM Royal Dutch Airlines (KL),KLM Royal Dutch Airlines,678,01:51,,,,,737,,,"Codeshare",3577,3808,3090,
- -,SEA,LHR,KLM Royal Dutch Airlines (KL),KLM Royal Dutch Airlines,4783,10:03,,,,,76W,,,"Codeshare",3577,507,3090,
- -,SFO,AMS,KLM Royal Dutch Airlines (KL),KLM Royal Dutch Airlines,5455,11:24,,,,,747,,,"Direct",3469,580,3090,
- -,SFO,ATL,KLM Royal Dutch Airlines (KL),KLM Royal Dutch Airlines,2133,04:45,,,,,763 757,,,"Codeshare",3469,3682,3090,
- -,SFO,HNL,KLM Royal Dutch Airlines (KL),KLM Royal Dutch Airlines,2395,05:17,,,,,753,,,"Codeshare",3469,3728,3090,
- -,SFO,SEA,KLM Royal Dutch Airlines (KL),KLM Royal Dutch Airlines,678,01:51,,,,,734,,,"Codeshare",3469,3577,3090,
- -,SGF,ATL,KLM Royal Dutch Airlines (KL),KLM Royal Dutch Airlines,562,01:37,,,,,CRJ,,,"Codeshare",4348,3682,3090,
- -,SHE,HGH,KLM Royal Dutch Airlines (KL),KLM Royal Dutch Airlines,806,02:06,,,,,32S,,,"Codeshare",4144,3386,3090,
- -,SHE,XIY,KLM Royal Dutch Airlines (KL),KLM Royal Dutch Airlines,940,02:22,,,,,32S,,,"Codeshare",4144,3379,3090,
- -,SHV,ATL,KLM Royal Dutch Airlines (KL),KLM Royal Dutch Airlines,549,01:35,,,,,CRJ,,,"Codeshare",3609,3682,3090,
- -,SIN,AMS,KLM Royal Dutch Airlines (KL),KLM Royal Dutch Airlines,6529,13:33,,,,,777,,,"Direct",3316,580,3090,
- -,SIN,DPS,KLM Royal Dutch Airlines (KL),KLM Royal Dutch Airlines,1038,02:34,,,,,777,,,"Direct",3316,3940,3090,
- -,SIT,JNU,KLM Royal Dutch Airlines (KL),KLM Royal Dutch Airlines,94,00:41,,,,,737,,,"Codeshare",3856,3492,3090,
- -,SJC,ATL,KLM Royal Dutch Airlines (KL),KLM Royal Dutch Airlines,2110,04:43,,,,,738,,,"Codeshare",3748,3682,3090,
- -,SJD,ATL,KLM Royal Dutch Airlines (KL),KLM Royal Dutch Airlines,1692,03:53,,,,,73W 738,,,"Codeshare",1840,3682,3090,
- -,SJO,GUA,KLM Royal Dutch Airlines (KL),KLM Royal Dutch Airlines,531,01:33,,,,,73G,,,"Codeshare",1885,1767,3090,
- -,SJO,PTY,KLM Royal Dutch Airlines (KL),KLM Royal Dutch Airlines,334,01:10,,,,,E90,,,"Codeshare",1885,1871,3090,
- -,SJO,TGU,KLM Royal Dutch Airlines (KL),KLM Royal Dutch Airlines,346,01:11,,,,,738,,,"Codeshare",1885,1776,3090,
- -,SJU,ATL,KLM Royal Dutch Airlines (KL),KLM Royal Dutch Airlines,1546,03:35,,,,,73H 757 753,,,"Codeshare",2890,3682,3090,
- -,SLC,ATL,KLM Royal Dutch Airlines (KL),KLM Royal Dutch Airlines,1585,03:40,,,,,763 757 738,,,"Codeshare",3536,3682,3090,
- -,SLC,LAX,KLM Royal Dutch Airlines (KL),KLM Royal Dutch Airlines,589,01:40,,,,,757,,,"Codeshare",3536,3484,3090,
- -,SLZ,BEL,KLM Royal Dutch Airlines (KL),KLM Royal Dutch Airlines,304,01:06,,,,,737,,,"Codeshare",2616,2526,3090,
- -,SMF,ATL,KLM Royal Dutch Airlines (KL),KLM Royal Dutch Airlines,2086,04:40,,,,,757,,,"Codeshare",3817,3682,3090,
- -,SNA,ATL,KLM Royal Dutch Airlines (KL),KLM Royal Dutch Airlines,1913,04:19,,,,,757,,,"Codeshare",3867,3682,3090,
- -,SRQ,ATL,KLM Royal Dutch Airlines (KL),KLM Royal Dutch Airlines,445,01:23,,,,,M90,,,"Codeshare",4067,3682,3090,
- -,SSG,DLA,KLM Royal Dutch Airlines (KL),KLM Royal Dutch Airlines,71,00:38,,,,,777,,,"Codeshare",891,897,3090,
- -,STL,ATL,KLM Royal Dutch Airlines (KL),KLM Royal Dutch Airlines,483,01:27,,,,,M90 M88 319,,,"Codeshare",3678,3682,3090,
- -,STM,MAO,KLM Royal Dutch Airlines (KL),KLM Royal Dutch Airlines,365,01:13,,,,,737,,,"Codeshare",4092,2551,3090,
- -,STR,AMS,KLM Royal Dutch Airlines (KL),KLM Royal Dutch Airlines,317,01:08,,,,,EMJ F70,,,"Codeshare",350,580,3090,
- -,STR,ATL,KLM Royal Dutch Airlines (KL),KLM Royal Dutch Airlines,4667,09:50,,,,,76W,,,"Codeshare",350,3682,3090,
- -,STT,ATL,KLM Royal Dutch Airlines (KL),KLM Royal Dutch Airlines,1599,03:41,,,,,757,,,"Codeshare",2883,3682,3090,
- -,SVG,AMS,KLM Royal Dutch Airlines (KL),KLM Royal Dutch Airlines,454,01:24,,,,,737 EMJ,,,"Direct",666,580,3090,
- -,SVO,AMS,KLM Royal Dutch Airlines (KL),KLM Royal Dutch Airlines,1331,03:09,,,,,737,,,"Direct",2985,580,3090,
- -,SXB,AMS,KLM Royal Dutch Airlines (KL),KLM Royal Dutch Airlines,289,01:04,,,,,ERJ CRJ EMJ,,,"Codeshare",1435,580,3090,
- -,SXM,CUR,KLM Royal Dutch Airlines (KL),KLM Royal Dutch Airlines,561,01:37,,,,,747,,,"Direct",2899,2897,3090,
- -,SYR,ATL,KLM Royal Dutch Airlines (KL),KLM Royal Dutch Airlines,793,02:05,,,,,M88 CR9,,,"Codeshare",3745,3682,3090,
- -,SYX,HGH,KLM Royal Dutch Airlines (KL),KLM Royal Dutch Airlines,1075,02:39,,,,,32S,,,"Codeshare",4030,3386,3090,
- -,SZX,HGH,KLM Royal Dutch Airlines (KL),KLM Royal Dutch Airlines,664,01:49,,,,,32S 320,,,"Codeshare",3374,3386,3090,
- -,TAO,HGH,KLM Royal Dutch Airlines (KL),KLM Royal Dutch Airlines,416,01:19,,,,,737,,,"Codeshare",3390,3386,3090,
- -,TBS,AMS,KLM Royal Dutch Airlines (KL),KLM Royal Dutch Airlines,1999,04:29,,,,,737,,,"Codeshare",3973,580,3090,
- -,TBS,KBP,KLM Royal Dutch Airlines (KL),KLM Royal Dutch Airlines,899,02:17,,,,,73G,,,"Codeshare",3973,2939,3090,
- -,TGU,SJO,KLM Royal Dutch Airlines (KL),KLM Royal Dutch Airlines,346,01:11,,,,,EMJ,,,"Codeshare",1776,1885,3090,
- -,TLH,ATL,KLM Royal Dutch Airlines (KL),KLM Royal Dutch Airlines,223,00:56,,,,,319 M88 CRJ 717,,,"Codeshare",3698,3682,3090,
- -,TLL,AMS,KLM Royal Dutch Airlines (KL),KLM Royal Dutch Airlines,914,02:19,,,,,CRJ,,,"Codeshare",415,580,3090,
- -,TLS,AMS,KLM Royal Dutch Airlines (KL),KLM Royal Dutch Airlines,619,01:44,,,,,EMJ,,,"Codeshare",1273,580,3090,
- -,TLV,AMS,KLM Royal Dutch Airlines (KL),KLM Royal Dutch Airlines,2056,04:36,,,,,737,,,"Direct",1590,580,3090,
- -,TNA,CGQ,KLM Royal Dutch Airlines (KL),KLM Royal Dutch Airlines,663,01:49,,,,,320,,,"Codeshare",4108,4380,3090,
- -,TPA,ATL,KLM Royal Dutch Airlines (KL),KLM Royal Dutch Airlines,406,01:18,,,,,757 739,,,"Codeshare",3646,3682,3090,
- -,TPE,AMS,KLM Royal Dutch Airlines (KL),KLM Royal Dutch Airlines,5863,12:13,,,,,777,,,"Direct",2276,580,3090,
- -,TPE,BKK,KLM Royal Dutch Airlines (KL),KLM Royal Dutch Airlines,1545,03:35,,,,,340,,,"Codeshare",2276,3885,3090,
- -,TPE,MNL,KLM Royal Dutch Airlines (KL),KLM Royal Dutch Airlines,729,01:57,,,,,777,,,"Direct",2276,2397,3090,
- -,TRD,AMS,KLM Royal Dutch Airlines (KL),KLM Royal Dutch Airlines,801,02:06,,,,,EMJ,,,"Codeshare",665,580,3090,
- -,TRF,AMS,KLM Royal Dutch Airlines (KL),KLM Royal Dutch Airlines,520,01:32,,,,,EMJ,,,"Codeshare",664,580,3090,
- -,TRI,ATL,KLM Royal Dutch Airlines (KL),KLM Royal Dutch Airlines,226,00:57,,,,,CRJ,,,"Codeshare",4116,3682,3090,
- -,TRN,FCO,KLM Royal Dutch Airlines (KL),KLM Royal Dutch Airlines,328,01:09,,,,,32S,,,"Codeshare",1526,1555,3090,
- -,TUL,ATL,KLM Royal Dutch Airlines (KL),KLM Royal Dutch Airlines,672,01:50,,,,,CR7 CR9,,,"Codeshare",3855,3682,3090,
- -,TUS,ATL,KLM Royal Dutch Airlines (KL),KLM Royal Dutch Airlines,1536,03:34,,,,,M90,,,"Codeshare",3636,3682,3090,
- -,TXL,AMS,KLM Royal Dutch Airlines (KL),KLM Royal Dutch Airlines,359,01:13,,,,,737 EMJ,,,"Direct",351,580,3090,
- -,TYS,ATL,KLM Royal Dutch Airlines (KL),KLM Royal Dutch Airlines,152,00:48,,,,,717 CR7 CRJ CR9,,,"Codeshare",3676,3682,3090,
- -,UIO,GYE,KLM Royal Dutch Airlines (KL),KLM Royal Dutch Airlines,175,00:51,,,,,777,,,"Direct",2688,2673,3090,
- -,URC,HGH,KLM Royal Dutch Airlines (KL),KLM Royal Dutch Airlines,2028,04:33,,,,,73G,,,"Codeshare",3399,3386,3090,
- -,URC,WUH,KLM Royal Dutch Airlines (KL),KLM Royal Dutch Airlines,1713,03:55,,,,,737,,,"Codeshare",3399,3376,3090,
- -,VCE,AMS,KLM Royal Dutch Airlines (KL),KLM Royal Dutch Airlines,581,01:39,,,,,737 EMJ,,,"Direct",1551,580,3090,
- -,VIE,AMS,KLM Royal Dutch Airlines (KL),KLM Royal Dutch Airlines,595,01:41,,,,,737 EMJ,,,"Direct",1613,580,3090,
- -,VLD,ATL,KLM Royal Dutch Airlines (KL),KLM Royal Dutch Airlines,208,00:54,,,,,CRJ,,,"Codeshare",5776,3682,3090,
- -,VPS,ATL,KLM Royal Dutch Airlines (KL),KLM Royal Dutch Airlines,249,00:59,,,,,717 319 M88,,,"Codeshare",3873,3682,3090,
- -,WAW,AMS,KLM Royal Dutch Airlines (KL),KLM Royal Dutch Airlines,683,01:51,,,,,737,,,"Direct",679,580,3090,
- -,WUH,XMN,KLM Royal Dutch Airlines (KL),KLM Royal Dutch Airlines,492,01:29,,,,,73G,,,"Codeshare",3376,3383,3090,
- -,XIY,CTU,KLM Royal Dutch Airlines (KL),KLM Royal Dutch Airlines,386,01:16,,,,,320,,,"Codeshare",3379,3395,3090,
- -,XIY,DLC,KLM Royal Dutch Airlines (KL),KLM Royal Dutch Airlines,772,02:02,,,,,320,,,"Codeshare",3379,3404,3090,
- -,XIY,SHE,KLM Royal Dutch Airlines (KL),KLM Royal Dutch Airlines,940,02:22,,,,,320,,,"Codeshare",3379,4144,3090,
- -,XMN,AMS,KLM Royal Dutch Airlines (KL),KLM Royal Dutch Airlines,5786,12:04,,,,,777,,,"Direct",3383,580,3090,
- -,XMN,NKG,KLM Royal Dutch Airlines (KL),KLM Royal Dutch Airlines,499,01:29,,,,,32S,,,"Codeshare",3383,3388,3090,
- -,XNA,ATL,KLM Royal Dutch Airlines (KL),KLM Royal Dutch Airlines,587,01:40,,,,,CRJ CR7 CR9,,,"Codeshare",4356,3682,3090,
- -,YEG,YMM,KLM Royal Dutch Airlines (KL),KLM Royal Dutch Airlines,249,00:59,,,,,73W,,,"Codeshare",49,90,3090,
- -,YEG,YWG,KLM Royal Dutch Airlines (KL),KLM Royal Dutch Airlines,737,01:58,,,,,737,,,"Codeshare",49,160,3090,
- -,YHZ,YYT,KLM Royal Dutch Airlines (KL),KLM Royal Dutch Airlines,546,01:35,,,,,73W,,,"Codeshare",73,189,3090,
- -,YHZ,YYZ,KLM Royal Dutch Airlines (KL),KLM Royal Dutch Airlines,800,02:06,,,,,73W,,,"Codeshare",73,193,3090,
- -,YOW,YYZ,KLM Royal Dutch Airlines (KL),KLM Royal Dutch Airlines,225,00:57,,,,,737,,,"Codeshare",100,193,3090,
- -,YUL,AMS,KLM Royal Dutch Airlines (KL),KLM Royal Dutch Airlines,3417,07:20,,,,,M11,,,"Direct",146,580,3090,
- -,YVR,AMS,KLM Royal Dutch Airlines (KL),KLM Royal Dutch Airlines,4786,10:04,,,,,330,,,"Direct",156,580,3090,
- -,YWG,YEG,KLM Royal Dutch Airlines (KL),KLM Royal Dutch Airlines,737,01:58,,,,,73W,,,"Codeshare",160,49,3090,
- -,YWG,YUL,KLM Royal Dutch Airlines (KL),KLM Royal Dutch Airlines,1129,02:45,,,,,73W,,,"Codeshare",160,146,3090,
- -,YYC,AMS,KLM Royal Dutch Airlines (KL),KLM Royal Dutch Airlines,4451,09:24,,,,,330,,,"Direct",178,580,3090,
- -,YYC,YEG,KLM Royal Dutch Airlines (KL),KLM Royal Dutch Airlines,152,00:48,,,,,737,,,"Codeshare",178,49,3090,
- -,YYC,YYZ,KLM Royal Dutch Airlines (KL),KLM Royal Dutch Airlines,1670,03:50,,,,,737,,,"Codeshare",178,193,3090,
- -,YYT,YHZ,KLM Royal Dutch Airlines (KL),KLM Royal Dutch Airlines,546,01:35,,,,,737,,,"Codeshare",189,73,3090,
- -,YYZ,AMS,KLM Royal Dutch Airlines (KL),KLM Royal Dutch Airlines,3719,07:56,,,,,M11 330 747 74M,,,"Direct",193,580,3090,
- -,YYZ,YHZ,KLM Royal Dutch Airlines (KL),KLM Royal Dutch Airlines,800,02:06,,,,,737,,,"Codeshare",193,73,3090,
- -,YYZ,YQR,KLM Royal Dutch Airlines (KL),KLM Royal Dutch Airlines,1259,03:01,,,,,73W,,,"Codeshare",193,120,3090,
- -,YYZ,YUL,KLM Royal Dutch Airlines (KL),KLM Royal Dutch Airlines,314,01:07,,,,,73W,,,"Codeshare",193,146,3090,
- -,YYZ,YWG,KLM Royal Dutch Airlines (KL),KLM Royal Dutch Airlines,934,02:22,,,,,737,,,"Codeshare",193,160,3090,
- -,ZRH,AMS,KLM Royal Dutch Airlines (KL),KLM Royal Dutch Airlines,374,01:14,,,,,EMJ 737,,,"Direct",1678,580,3090,