﻿Date,From,To,Flight_Number,Airline,Distance,Duration,Seat,Seat_Type,Class,Reason,Plane,Registration,Trip,Note,From_OID,To_OID,Airline_OID,Plane_OID
- -,FCO,ADD,Ethiopian Airlines (ET),Ethiopian Airlines,2783,06:03,,,,,763,,,"Direct",1555,1107,2220,
- -,FCO,AGP,Alitalia (AZ),Alitalia,960,02:25,,,,,319 320,,,"Direct",1555,1230,596,
- -,FCO,AGP,Iberia Airlines (IB),Iberia Airlines,960,02:25,,,,,320,,,"Codeshare",1555,1230,2822,
- -,FCO,AGP,Formosa Airlines (VY),Formosa Airlines,960,02:25,,,,,320,,,"Direct",1555,1230,2439,
- -,FCO,AHO,Excel Airways (JN),Excel Airways,220,00:56,,,,,320,,,"Direct",1555,1517,2264,
- -,FCO,ALC,Iberia Airlines (IB),Iberia Airlines,717,01:56,,,,,320,,,"Direct",1555,1212,2822,
- -,FCO,ALC,Formosa Airlines (VY),Formosa Airlines,717,01:56,,,,,320,,,"Direct",1555,1212,2439,
- -,FCO,ALG,Air Algerie (AH),Air Algerie,597,01:41,,,,,736,,,"Direct",1555,210,794,
- -,FCO,ALG,Alitalia (AZ),Alitalia,597,01:41,,,,,32S 319,,,"Direct",1555,210,596,
- -,FCO,AMM,Alitalia (AZ),Alitalia,1479,03:27,,,,,319 32S,,,"Direct",1555,2170,596,
- -,FCO,AMM,Meridiana (IG),Meridiana,1479,03:27,,,,,320,,,"Codeshare",1555,2170,3463,
- -,FCO,AMM,Royal Jordanian (RJ),Royal Jordanian,1479,03:27,,,,,320 321 319,,,"Direct",1555,2170,4259,
- -,FCO,AMS,Alitalia (AZ),Alitalia,805,02:06,,,,,321 32S 320 319,,,"Direct",1555,580,596,
- -,FCO,AMS,KLM Royal Dutch Airlines (KL),KLM Royal Dutch Airlines,805,02:06,,,,,737,,,"Direct",1555,580,3090,
- -,FCO,AMS,China Eastern Airlines (MU),China Eastern Airlines,805,02:06,,,,,737,,,"Direct",1555,580,1758,
- -,FCO,AMS,easyJet (U2),easyJet,805,02:06,,,,,319,,,"Direct",1555,580,2297,
- -,FCO,AOI,Alitalia (AZ),Alitalia,137,00:46,,,,,E75,,,"Direct",1555,4309,596,
- -,FCO,ARN,Norwegian Air Shuttle (DY),Norwegian Air Shuttle,1256,03:00,,,,,73H,,,"Direct",1555,737,3737,
- -,FCO,ARN,Scandinavian Airlines System (SK),Scandinavian Airlines System,1256,03:00,,,,,73H,,,"Direct",1555,737,4319,
- -,FCO,ATH,Aegean Airlines (A3),Aegean Airlines,674,01:50,,,,,320,,,"Direct",1555,3941,96,
- -,FCO,ATH,Alitalia (AZ),Alitalia,674,01:50,,,,,32S 321 319,,,"Direct",1555,3941,596,
- -,FCO,ATH,Olympic Airlines (OA),Olympic Airlines,674,01:50,,,,,320,,,"Codeshare",1555,3941,3776,
- -,FCO,ATH,easyJet (U2),easyJet,674,01:50,,,,,319,,,"Direct",1555,3941,2297,
- -,FCO,ATH,US Airways (US),US Airways,674,01:50,,,,,320,,,"Codeshare",1555,3941,5265,
- -,FCO,ATL,Air France (AF),Air France,5021,10:32,,,,,333,,,"Codeshare",1555,3682,137,
- -,FCO,ATL,AeroMéxico (AM),AeroMéxico,5021,10:32,,,,,333,,,"Codeshare",1555,3682,321,
- -,FCO,ATL,Alitalia (AZ),Alitalia,5021,10:32,,,,,333,,,"Codeshare",1555,3682,596,
- -,FCO,ATL,Delta Air Lines (DL),Delta Air Lines,5021,10:32,,,,,333,,,"Direct",1555,3682,2009,
- -,FCO,ATL,KLM Royal Dutch Airlines (KL),KLM Royal Dutch Airlines,5021,10:32,,,,,333,,,"Codeshare",1555,3682,3090,
- -,FCO,AUH,Alitalia (AZ),Alitalia,2695,05:53,,,,,330,,,"Direct",1555,2179,596,
- -,FCO,AUH,Etihad Airways (EY),Etihad Airways,2695,05:53,,,,,330,,,"Codeshare",1555,2179,2222,
- -,FCO,BCN,Alitalia (AZ),Alitalia,525,01:33,,,,,320 32S 319 321,,,"Direct",1555,1218,596,
- -,FCO,BCN,Ryanair (FR),Ryanair,525,01:33,,,,,738,,,"Direct",1555,1218,4296,
- -,FCO,BCN,Iberia Airlines (IB),Iberia Airlines,525,01:33,,,,,320,,,"Codeshare",1555,1218,2822,
- -,FCO,BCN,Formosa Airlines (VY),Formosa Airlines,525,01:33,,,,,320,,,"Direct",1555,1218,2439,
- -,FCO,BDS,Alitalia (AZ),Alitalia,306,01:06,,,,,319 32S 321 320,,,"Direct",1555,1506,596,
- -,FCO,BEG,Alitalia (AZ),Alitalia,455,01:24,,,,,E90 E75 32S 319,,,"Direct",1555,1739,596,
- -,FCO,BEG,Air Serbia (JU),Air Serbia,455,01:24,,,,,319 733,,,"Direct",1555,1739,19582,
- -,FCO,BEG,easyJet (U2),easyJet,455,01:24,,,,,319,,,"Direct",1555,1739,2297,
- -,FCO,BEY,Alitalia (AZ),Alitalia,1377,03:15,,,,,32S 319 320,,,"Direct",1555,2177,596,
- -,FCO,BEY,Middle East Airlines (ME),Middle East Airlines,1377,03:15,,,,,32S 319 320,,,"Direct",1555,2177,3490,
- -,FCO,BGO,Norwegian Air Shuttle (DY),Norwegian Air Shuttle,1311,03:07,,,,,73H,,,"Direct",1555,636,3737,
- -,FCO,BHX,Air Bourbon (ZB),Air Bourbon,983,02:27,,,,,321 320,,,"Direct",1555,469,220,
- -,FCO,BIO,Alitalia (AZ),Alitalia,776,02:03,,,,,320 32S,,,"Direct",1555,1216,596,
- -,FCO,BKK,Thai Airways International (TG),Thai Airways International,5512,11:31,,,,,744,,,"Direct",1555,3885,4940,
- -,FCO,BLQ,Alitalia (AZ),Alitalia,194,00:53,,,,,319 E75,,,"Direct",1555,1538,596,
- -,FCO,BOD,Airlinair (A5),Airlinair,682,01:51,,,,,E70 E90 CR7,,,"Direct",1555,1264,1203,
- -,FCO,BOD,Air France (AF),Air France,682,01:51,,,,,E70 E90 CR7,,,"Codeshare",1555,1264,137,
- -,FCO,BOD,Alitalia (AZ),Alitalia,682,01:51,,,,,E70 E90 CR7,,,"Direct",1555,1264,596,
- -,FCO,BOS,Alitalia (AZ),Alitalia,4079,08:39,,,,,330 332,,,"Direct",1555,3448,596,
- -,FCO,BOS,Delta Air Lines (DL),Delta Air Lines,4079,08:39,,,,,330 332,,,"Codeshare",1555,3448,2009,
- -,FCO,BRI,Alitalia (AZ),Alitalia,238,00:58,,,,,32S 321 319 320,,,"Direct",1555,1501,596,
- -,FCO,BRS,easyJet (U2),easyJet,966,02:25,,,,,320,,,"Direct",1555,490,2297,
- -,FCO,BRU,Alitalia (AZ),Alitalia,728,01:57,,,,,32S 320 319,,,"Direct",1555,302,596,
- -,FCO,BRU,Ryanair (FR),Ryanair,728,01:57,,,,,738,,,"Direct",1555,302,4296,
- -,FCO,BRU,Hainan Airlines (HU),Hainan Airlines,728,01:57,,,,,319,,,"Direct",1555,302,2660,
- -,FCO,BRU,Iberia Airlines (IB),Iberia Airlines,728,01:57,,,,,320,,,"Direct",1555,302,2822,
- -,FCO,BRU,Brussels Airlines (SN),Brussels Airlines,728,01:57,,,,,319 320,,,"Direct",1555,302,1531,
- -,FCO,BRU,Formosa Airlines (VY),Formosa Airlines,728,01:57,,,,,320,,,"Direct",1555,302,2439,
- -,FCO,BSL,Swiss International Air Lines (LX),Swiss International Air Lines,461,01:25,,,,,AR1,,,"Codeshare",1555,1423,4559,
- -,FCO,BSL,easyJet (U2),easyJet,461,01:25,,,,,319,,,"Direct",1555,1423,2297,
- -,FCO,BUD,Alitalia (AZ),Alitalia,519,01:32,,,,,32S 319,,,"Direct",1555,1489,596,
- -,FCO,BUD,Etihad Airways (EY),Etihad Airways,519,01:32,,,,,320,,,"Codeshare",1555,1489,2222,
- -,FCO,BUD,Wizz Air (W6),Wizz Air,519,01:32,,,,,320,,,"Direct",1555,1489,5461,
- -,FCO,BZO,Alitalia (AZ),Alitalia,324,01:08,,,,,S20,,,"Direct",1555,1536,596,
- -,FCO,BZO,Flybaboo (F7),Flybaboo,324,01:08,,,,,S20,,,"Direct",1555,1536,2420,
- -,FCO,CAG,Alitalia (AZ),Alitalia,242,00:59,,,,,319 32S 320 321,,,"Direct",1555,1519,596,
- -,FCO,CAI,Alitalia (AZ),Alitalia,1335,03:10,,,,,32S 319,,,"Direct",1555,1128,596,
- -,FCO,CAI,Egyptair (MS),Egyptair,1335,03:10,,,,,738,,,"Direct",1555,1128,2143,
- -,FCO,CCS,Alitalia (AZ),Alitalia,5176,10:51,,,,,330,,,"Direct",1555,2851,596,
- -,FCO,CDG,Air France (AF),Air France,683,01:51,,,,,320 321 319 32A,,,"Direct",1555,1382,137,
- -,FCO,CDG,Alitalia (AZ),Alitalia,683,01:51,,,,,321 32S 319,,,"Direct",1555,1382,596,
- -,FCO,CDG,Kuwait Airways (KU),Kuwait Airways,683,01:51,,,,,340,,,"Direct",1555,1382,3179,
- -,FCO,CGN,Germanwings (4U),Germanwings,671,01:50,,,,,319 320,,,"Direct",1555,344,2548,
- -,FCO,CLT,American Airlines (AA),American Airlines,4797,10:05,,,,,333,,,"Direct",1555,3876,24,
- -,FCO,CLT,US Airways (US),US Airways,4797,10:05,,,,,333,,,"Direct",1555,3876,5265,
- -,FCO,CMB,Alitalia (AZ),Alitalia,4738,09:58,,,,,332 343,,,"Codeshare",1555,3024,596,
- -,FCO,CMB,Malaysia Airlines (MH),Malaysia Airlines,4738,09:58,,,,,332 343,,,"Direct",1555,3024,3378,
- -,FCO,CMB,SriLankan Airlines (UL),SriLankan Airlines,4738,09:58,,,,,332 343,,,"Direct",1555,3024,4349,
- -,FCO,CMN,Royal Air Maroc (AT),Royal Air Maroc,1227,02:57,,,,,738 73G,,,"Direct",1555,1074,4248,
- -,FCO,CMN,Alitalia (AZ),Alitalia,1227,02:57,,,,,319 320 32S E90,,,"Direct",1555,1074,596,
- -,FCO,CPH,Alitalia (AZ),Alitalia,954,02:24,,,,,32S 319,,,"Direct",1555,609,596,
- -,FCO,CPH,Norwegian Air Shuttle (DY),Norwegian Air Shuttle,954,02:24,,,,,73H,,,"Direct",1555,609,3737,
- -,FCO,CPH,Scandinavian Airlines System (SK),Scandinavian Airlines System,954,02:24,,,,,321,,,"Direct",1555,609,4319,
- -,FCO,CPH,easyJet (U2),easyJet,954,02:24,,,,,319,,,"Direct",1555,609,2297,
- -,FCO,CTA,Alitalia (AZ),Alitalia,334,01:10,,,,,321 32S 319 320,,,"Direct",1555,1509,596,
- -,FCO,CTA,Blue Panorama Airlines (BV),Blue Panorama Airlines,334,01:10,,,,,737,,,"Direct",1555,1509,1463,
- -,FCO,CTA,Ryanair (FR),Ryanair,334,01:10,,,,,738,,,"Direct",1555,1509,4296,
- -,FCO,CTA,Iberia Airlines (IB),Iberia Airlines,334,01:10,,,,,320,,,"Direct",1555,1509,2822,
- -,FCO,CTA,Meridiana (IG),Meridiana,334,01:10,,,,,737,,,"Direct",1555,1509,3463,
- -,FCO,CTA,Formosa Airlines (VY),Formosa Airlines,334,01:10,,,,,320,,,"Direct",1555,1509,2439,
- -,FCO,DAC,Biman Bangladesh Airlines (BG),Biman Bangladesh Airlines,4546,09:35,,,,,773,,,"Direct",1555,3076,1359,
- -,FCO,DBV,Croatia Airlines (OU),Croatia Airlines,312,01:07,,,,,DH4,,,"Direct",1555,1200,1925,
- -,FCO,DEL,Alitalia (AZ),Alitalia,3684,07:52,,,,,333,,,"Codeshare",1555,3093,596,
- -,FCO,DEL,China Airlines (CI),China Airlines,3684,07:52,,,,,333,,,"Direct",1555,3093,1756,
- -,FCO,DME,Blue Panorama Airlines (BV),Blue Panorama Airlines,1487,03:28,,,,,737,,,"Direct",1555,4029,1463,
- -,FCO,DME,Transaero Airlines (UN),Transaero Airlines,1487,03:28,,,,,735,,,"Direct",1555,4029,5067,
- -,FCO,DOH,Qatar Airways (QR),Qatar Airways,2508,05:30,,,,,333 320,,,"Direct",1555,11051,4091,
- -,FCO,DUB,Aer Lingus (EI),Aer Lingus,1170,02:50,,,,,320,,,"Direct",1555,599,837,
- -,FCO,DUS,Air Berlin (AB),Air Berlin,704,01:54,,,,,321,,,"Direct",1555,345,214,
- -,FCO,DUS,Meridiana (IG),Meridiana,704,01:54,,,,,320,,,"Codeshare",1555,345,3463,
- -,FCO,DUS,Lufthansa (LH),Lufthansa,704,01:54,,,,,320,,,"Direct",1555,345,3320,
- -,FCO,DXB,Emirates (EK),Emirates,2697,05:53,,,,,388 77W,,,"Direct",1555,2188,2183,
- -,FCO,EVN,Alitalia (AZ),Alitalia,1670,03:50,,,,,32S 319,,,"Direct",1555,3964,596,
- -,FCO,EWR,Lufthansa (LH),Lufthansa,4279,09:03,,,,,764,,,"Codeshare",1555,3494,3320,
- -,FCO,EWR,United Airlines (UA),United Airlines,4279,09:03,,,,,764,,,"Direct",1555,3494,5209,
- -,FCO,EZE,Aerolineas Argentinas (AR),Aerolineas Argentinas,6927,14:21,,,,,340,,,"Direct",1555,3988,412,
- -,FCO,EZE,Alitalia (AZ),Alitalia,6927,14:21,,,,,772,,,"Direct",1555,3988,596,
- -,FCO,FLR,Alitalia (AZ),Alitalia,148,00:47,,,,,319,,,"Direct",1555,1563,596,
- -,FCO,FRA,Alitalia (AZ),Alitalia,595,01:41,,,,,319 E75 E90 32S,,,"Direct",1555,340,596,
- -,FCO,FRA,Biman Bangladesh Airlines (BG),Biman Bangladesh Airlines,595,01:41,,,,,773,,,"Direct",1555,340,1359,
- -,FCO,FRA,Lufthansa (LH),Lufthansa,595,01:41,,,,,321 320,,,"Direct",1555,340,3320,
- -,FCO,FUE,Meridiana (IG),Meridiana,1727,03:57,,,,,320,,,"Direct",1555,1051,3463,
- -,FCO,GDN,Wizz Air (W6),Wizz Air,913,02:19,,,,,320,,,"Direct",1555,668,5461,
- -,FCO,GIG,Alitalia (AZ),Alitalia,5695,11:53,,,,,330,,,"Direct",1555,2560,596,
- -,FCO,GLA,Jet2.com (LS),Jet2.com,1225,02:57,,,,,738,,,"Direct",1555,534,3026,
- -,FCO,GOA,Alitalia (AZ),Alitalia,248,00:59,,,,,E75 319 32S 320 E90,,,"Direct",1555,1528,596,
- -,FCO,GOT,Norwegian Air Shuttle (DY),Norwegian Air Shuttle,1095,02:41,,,,,73H,,,"Direct",1555,687,3737,
- -,FCO,GRU,Alitalia (AZ),Alitalia,5857,12:12,,,,,772,,,"Direct",1555,2564,596,
- -,FCO,GVA,Alitalia (AZ),Alitalia,431,01:21,,,,,32S E75 319 E90,,,"Direct",1555,1665,596,
- -,FCO,GVA,Flybaboo (F7),Flybaboo,431,01:21,,,,,AT7,,,"Direct",1555,1665,2420,
- -,FCO,GVA,Swiss International Air Lines (LX),Swiss International Air Lines,431,01:21,,,,,319 320,,,"Direct",1555,1665,4559,
- -,FCO,GVA,easyJet (U2),easyJet,431,01:21,,,,,319 320,,,"Direct",1555,1665,2297,
- -,FCO,GYD,Alitalia (AZ),Alitalia,1952,04:24,,,,,319,,,"Codeshare",1555,2922,596,
- -,FCO,GYD,Azerbaijan Airlines (J2),Azerbaijan Airlines,1952,04:24,,,,,319,,,"Direct",1555,2922,197,
- -,FCO,HAJ,Germanwings (4U),Germanwings,745,01:59,,,,,319,,,"Direct",1555,352,2548,
- -,FCO,HAM,Germanwings (4U),Germanwings,823,02:08,,,,,319,,,"Direct",1555,342,2548,
- -,FCO,HAM,easyJet (U2),easyJet,823,02:08,,,,,319,,,"Direct",1555,342,2297,
- -,FCO,HAV,Blue Panorama Airlines (BV),Blue Panorama Airlines,5399,11:17,,,,,767,,,"Direct",1555,1909,1463,
- -,FCO,HAV,Cubana de Aviación (CU),Cubana de Aviación,5399,11:17,,,,,767,,,"1tops",1555,1909,1936,
- -,FCO,HEL,Finnair (AY),Finnair,1387,03:16,,,,,321 32B,,,"Direct",1555,421,2350,
- -,FCO,HEL,Norwegian Air Shuttle (DY),Norwegian Air Shuttle,1387,03:16,,,,,73H,,,"Direct",1555,421,3737,
- -,FCO,HKG,Cathay Pacific (CX),Cathay Pacific,5765,12:01,,,,,343,,,"Direct",1555,3077,1680,
- -,FCO,IAD,United Airlines (UA),United Airlines,4490,09:28,,,,,763,,,"Direct",1555,3714,5209,
- -,FCO,IAS,Alitalia (AZ),Alitalia,841,02:10,,,,,733,,,"Direct",1555,1655,596,
- -,FCO,IAS,Tarom (RO),Tarom,841,02:10,,,,,733,,,"Direct",1555,1655,5179,
- -,FCO,ICN,Alitalia (AZ),Alitalia,5567,11:38,,,,,744,,,"Codeshare",1555,3930,596,
- -,FCO,ICN,Korean Air (KE),Korean Air,5567,11:38,,,,,744,,,"Direct",1555,3930,3163,
- -,FCO,IKA,Alitalia (AZ),Alitalia,2126,04:45,,,,,320,,,"Direct",1555,4330,596,
- -,FCO,IKA,Iran Air (IR),Iran Air,2126,04:45,,,,,313,,,"Direct",1555,4330,2922,
- -,FCO,ISL,Alitalia (AZ),Alitalia,859,02:13,,,,,321 32S 320,,,"Direct",1555,1701,596,
- -,FCO,ISL,Turkish Airlines (TK),Turkish Airlines,859,02:13,,,,,320 321 319,,,"Direct",1555,1701,4951,
- -,FCO,JED,Alitalia (AZ),Alitalia,2088,04:40,,,,,320,,,"Codeshare",1555,2072,596,
- -,FCO,JED,Saudi Arabian Airlines (SV),Saudi Arabian Airlines,2088,04:40,,,,,320,,,"Direct",1555,2072,4533,
- -,FCO,JFK,American Airlines (AA),American Airlines,4263,09:01,,,,,763,,,"Direct",1555,3797,24,
- -,FCO,JFK,Finnair (AY),Finnair,4263,09:01,,,,,763,,,"Codeshare",1555,3797,2350,
- -,FCO,JFK,Alitalia (AZ),Alitalia,4263,09:01,,,,,772 330,,,"Direct",1555,3797,596,
- -,FCO,JFK,British Airways (BA),British Airways,4263,09:01,,,,,763,,,"Codeshare",1555,3797,1355,
- -,FCO,JFK,Delta Air Lines (DL),Delta Air Lines,4263,09:01,,,,,772 333 330,,,"Direct",1555,3797,2009,
- -,FCO,JFK,Iberia Airlines (IB),Iberia Airlines,4263,09:01,,,,,763,,,"Codeshare",1555,3797,2822,
- -,FCO,JFK,US Airways (US),US Airways,4263,09:01,,,,,763,,,"Direct",1555,3797,5265,
- -,FCO,KBP,Alitalia (AZ),Alitalia,1066,02:37,,,,,32S,,,"Direct",1555,2939,596,
- -,FCO,KBP,Ukraine International Airlines (PS),Ukraine International Airlines,1066,02:37,,,,,73R 73N 734,,,"Direct",1555,2939,5282,
- -,FCO,KIV,Air Moldova (9U),Air Moldova,894,02:17,,,,,E90,,,"Direct",1555,1735,1073,
- -,FCO,KIV,Carpatair (V3),Carpatair,894,02:17,,,,,733,,,"Direct",1555,1735,1669,
- -,FCO,KIX,Alitalia (AZ),Alitalia,6049,12:35,,,,,330,,,"Direct",1555,3992,596,
- -,FCO,KWI,Alitalia (AZ),Alitalia,2168,04:50,,,,,340,,,"Codeshare",1555,2176,596,
- -,FCO,KWI,Kuwait Airways (KU),Kuwait Airways,2168,04:50,,,,,340,,,"Direct",1555,2176,3179,
- -,FCO,LAX,Alitalia (AZ),Alitalia,6336,13:10,,,,,772,,,"Direct",1555,3484,596,
- -,FCO,LAX,Delta Air Lines (DL),Delta Air Lines,6336,13:10,,,,,772,,,"Codeshare",1555,3484,2009,
- -,FCO,LBA,Jet2.com (LS),Jet2.com,1049,02:35,,,,,733,,,"Direct",1555,517,3026,
- -,FCO,LCY,Air France (AF),Air France,882,02:15,,,,,E90,,,"Codeshare",1555,503,137,
- -,FCO,LCY,Alitalia (AZ),Alitalia,882,02:15,,,,,E90,,,"Direct",1555,503,596,
- -,FCO,LED,Alitalia (AZ),Alitalia,1460,03:25,,,,,32S 319,,,"Direct",1555,2948,596,
- -,FCO,LED,Aeroflot Russian Airlines (SU),Aeroflot Russian Airlines,1460,03:25,,,,,320,,,"Direct",1555,2948,130,
- -,FCO,LED,Transaero Airlines (UN),Transaero Airlines,1460,03:25,,,,,735,,,"Direct",1555,2948,5067,
- -,FCO,LGW,British Airways (BA),British Airways,872,02:14,,,,,734 320 319,,,"Direct",1555,502,1355,
- -,FCO,LGW,Norwegian Air Shuttle (DY),Norwegian Air Shuttle,872,02:14,,,,,73H,,,"Direct",1555,502,3737,
- -,FCO,LGW,easyJet (U2),easyJet,872,02:14,,,,,319 320,,,"Direct",1555,502,2297,
- -,FCO,LHR,American Airlines (AA),American Airlines,896,02:17,,,,,321 767 319 320,,,"Codeshare",1555,507,24,
- -,FCO,LHR,Alitalia (AZ),Alitalia,896,02:17,,,,,321 32S 320,,,"Direct",1555,507,596,
- -,FCO,LHR,British Airways (BA),British Airways,896,02:17,,,,,321 767 320 319,,,"Direct",1555,507,1355,
- -,FCO,LIN,Alitalia (AZ),Alitalia,291,01:04,,,,,32S 319 E75 320 E90 321,,,"Direct",1555,1529,596,
- -,FCO,LIN,easyJet (U2),easyJet,291,01:04,,,,,319,,,"Direct",1555,1529,2297,
- -,FCO,LIS,Alitalia (AZ),Alitalia,1141,02:46,,,,,320 321 319,,,"Codeshare",1555,1638,596,
- -,FCO,LIS,TAP Portugal (TP),TAP Portugal,1141,02:46,,,,,320 321 319,,,"Direct",1555,1638,4869,
- -,FCO,LIS,US Airways (US),US Airways,1141,02:46,,,,,320 319,,,"Codeshare",1555,1638,5265,
- -,FCO,LOS,Alitalia (AZ),Alitalia,2493,05:29,,,,,330,,,"Direct",1555,273,596,
- -,FCO,LRM,Blue Panorama Airlines (BV),Blue Panorama Airlines,4927,10:21,,,,,767,,,"Direct",1555,1759,1463,
- -,FCO,LRM,Meridiana (IG),Meridiana,4927,10:21,,,,,767,,,"Direct",1555,1759,3463,
- -,FCO,LTN,Air Bourbon (ZB),Air Bourbon,913,02:19,,,,,320,,,"Direct",1555,492,220,
- -,FCO,LUX,Alitalia (AZ),Alitalia,613,01:43,,,,,DH4,,,"Codeshare",1555,629,596,
- -,FCO,LUX,Luxair (LG),Luxair,613,01:43,,,,,DH4,,,"Direct",1555,629,3329,
- -,FCO,LUZ,Carpatair (V3),Carpatair,818,02:08,,,,,100,,,"Direct",1555,8832,1669,
- -,FCO,LYS,Airlinair (A5),Airlinair,447,01:23,,,,,CRK,,,"Direct",1555,1335,1203,
- -,FCO,LYS,Air France (AF),Air France,447,01:23,,,,,CRK,,,"Direct",1555,1335,137,
- -,FCO,LYS,Alitalia (AZ),Alitalia,447,01:23,,,,,CRK,,,"Direct",1555,1335,596,
- -,FCO,LYS,easyJet (U2),easyJet,447,01:23,,,,,319,,,"Direct",1555,1335,2297,
- -,FCO,MAD,Alitalia (AZ),Alitalia,825,02:09,,,,,32S 319 321 320,,,"Direct",1555,1229,596,
- -,FCO,MAD,Iberia Airlines (IB),Iberia Airlines,825,02:09,,,,,321 319,,,"Direct",1555,1229,2822,
- -,FCO,MAD,Air Europa (UX),Air Europa,825,02:09,,,,,738,,,"Direct",1555,1229,90,
- -,FCO,MAN,Jet2.com (LS),Jet2.com,1041,02:34,,,,,73H 733,,,"Direct",1555,478,3026,
- -,FCO,MIA,Alitalia (AZ),Alitalia,5172,10:50,,,,,772 330,,,"Direct",1555,3576,596,
- -,FCO,MIA,Delta Air Lines (DL),Delta Air Lines,5172,10:50,,,,,772 330,,,"Codeshare",1555,3576,2009,
- -,FCO,MLA,Alitalia (AZ),Alitalia,427,01:21,,,,,32S 320,,,"Direct",1555,1606,596,
- -,FCO,MLA,Etihad Airways (EY),Etihad Airways,427,01:21,,,,,32S,,,"Codeshare",1555,1606,2222,
- -,FCO,MLA,Meridiana (IG),Meridiana,427,01:21,,,,,319,,,"Codeshare",1555,1606,3463,
- -,FCO,MLA,Air Malta (KM),Air Malta,427,01:21,,,,,320 319,,,"Direct",1555,1606,242,
- -,FCO,MPL,Air France (AF),Air France,437,01:22,,,,,E75 E90,,,"Codeshare",1555,1359,137,
- -,FCO,MPL,Alitalia (AZ),Alitalia,437,01:22,,,,,E75 E90,,,"Codeshare",1555,1359,596,
- -,FCO,MRS,Air France (AF),Air France,373,01:14,,,,,319,,,"Direct",1555,1353,137,
- -,FCO,MRS,Alitalia (AZ),Alitalia,373,01:14,,,,,319,,,"Codeshare",1555,1353,596,
- -,FCO,MSQ,Belavia Belarusian Airlines (B2),Belavia Belarusian Airlines,1104,02:42,,,,,735,,,"Direct",1555,2954,1478,
- -,FCO,MUC,Alitalia (AZ),Alitalia,453,01:24,,,,,319 32S,,,"Direct",1555,346,596,
- -,FCO,MUC,Lufthansa (LH),Lufthansa,453,01:24,,,,,321 319 320,,,"Direct",1555,346,3320,
- -,FCO,MXP,Alitalia (AZ),Alitalia,317,01:08,,,,,E75 E90,,,"Direct",1555,1524,596,
- -,FCO,MXP,Blue Panorama Airlines (BV),Blue Panorama Airlines,317,01:08,,,,,737 767,,,"Direct",1555,1524,1463,
- -,FCO,MXP,Ethiopian Airlines (ET),Ethiopian Airlines,317,01:08,,,,,763,,,"Direct",1555,1524,2220,
- -,FCO,MXP,Meridiana (IG),Meridiana,317,01:08,,,,,767,,,"Direct",1555,1524,3463,
- -,FCO,MXP,easyJet (U2),easyJet,317,01:08,,,,,320 319,,,"Direct",1555,1524,2297,
- -,FCO,NAP,Alitalia (AZ),Alitalia,123,00:44,,,,,32S 319,,,"Direct",1555,1561,596,
- -,FCO,NCE,Air France (AF),Air France,285,01:04,,,,,319 32S E75 321 E90,,,"Codeshare",1555,1354,137,
- -,FCO,NCE,Alitalia (AZ),Alitalia,285,01:04,,,,,319 32S E75 321 E90,,,"Direct",1555,1354,596,
- -,FCO,NCE,easyJet (U2),easyJet,285,01:04,,,,,319,,,"Direct",1555,1354,2297,
- -,FCO,NCL,Jet2.com (LS),Jet2.com,1110,02:43,,,,,73C,,,"Direct",1555,521,3026,
- -,FCO,NRT,Alitalia (AZ),Alitalia,6151,12:48,,,,,772,,,"Direct",1555,2279,596,
- -,FCO,NTE,Iberia Airlines (IB),Iberia Airlines,774,02:02,,,,,320,,,"Codeshare",1555,1418,2822,
- -,FCO,NTE,Transavia France (TO),Transavia France,774,02:02,,,,,73H,,,"Direct",1555,1418,8745,
- -,FCO,NTE,easyJet (U2),easyJet,774,02:02,,,,,319,,,"Direct",1555,1418,2297,
- -,FCO,NTE,Formosa Airlines (VY),Formosa Airlines,774,02:02,,,,,320,,,"Direct",1555,1418,2439,
- -,FCO,OLB,Meridiana (IG),Meridiana,154,00:48,,,,,M80,,,"Direct",1555,1520,3463,
- -,FCO,OPO,Alitalia (AZ),Alitalia,1079,02:39,,,,,100,,,"Codeshare",1555,1636,596,
- -,FCO,OPO,TAP Portugal (TP),TAP Portugal,1079,02:39,,,,,100,,,"Direct",1555,1636,4869,
- -,FCO,ORD,American Airlines (AA),American Airlines,4807,10:06,,,,,763,,,"Direct",1555,3830,24,
- -,FCO,ORD,Finnair (AY),Finnair,4807,10:06,,,,,763,,,"Direct",1555,3830,2350,
- -,FCO,ORD,Alitalia (AZ),Alitalia,4807,10:06,,,,,332 330,,,"Direct",1555,3830,596,
- -,FCO,ORD,British Airways (BA),British Airways,4807,10:06,,,,,763,,,"Codeshare",1555,3830,1355,
- -,FCO,ORD,Delta Air Lines (DL),Delta Air Lines,4807,10:06,,,,,332 330,,,"Codeshare",1555,3830,2009,
- -,FCO,ORD,Iberia Airlines (IB),Iberia Airlines,4807,10:06,,,,,763,,,"Codeshare",1555,3830,2822,
- -,FCO,ORD,US Airways (US),US Airways,4807,10:06,,,,,763,,,"Direct",1555,3830,5265,
- -,FCO,ORN,Alitalia (AZ),Alitalia,812,02:07,,,,,E75,,,"Direct",1555,231,596,
- -,FCO,ORY,Iberia Airlines (IB),Iberia Airlines,675,01:51,,,,,320,,,"Direct",1555,1386,2822,
- -,FCO,ORY,easyJet (U2),easyJet,675,01:51,,,,,319 320,,,"Direct",1555,1386,2297,
- -,FCO,ORY,Formosa Airlines (VY),Formosa Airlines,675,01:51,,,,,320,,,"Direct",1555,1386,2439,
- -,FCO,OSL,Norwegian Air Shuttle (DY),Norwegian Air Shuttle,1266,03:01,,,,,73H 733,,,"Direct",1555,644,3737,
- -,FCO,OSL,Scandinavian Airlines System (SK),Scandinavian Airlines System,1266,03:01,,,,,738 73W,,,"Direct",1555,644,4319,
- -,FCO,OTP,Alitalia (AZ),Alitalia,721,01:56,,,,,32S 319,,,"Direct",1555,1657,596,
- -,FCO,OTP,Etihad Airways (EY),Etihad Airways,721,01:56,,,,,319,,,"Codeshare",1555,1657,2222,
- -,FCO,OTP,Tarom (RO),Tarom,721,01:56,,,,,733,,,"Direct",1555,1657,5179,
- -,FCO,PEK,Air China (CA),Air China,5059,10:37,,,,,330,,,"Direct",1555,3364,751,
- -,FCO,PHL,American Airlines (AA),American Airlines,4357,09:12,,,,,333,,,"Direct",1555,3752,24,
- -,FCO,PHL,US Airways (US),US Airways,4357,09:12,,,,,333,,,"Direct",1555,3752,5265,
- -,FCO,PMO,Alitalia (AZ),Alitalia,254,01:00,,,,,E75 32S 320 321 319,,,"Direct",1555,1512,596,
- -,FCO,PMO,Blue Panorama Airlines (BV),Blue Panorama Airlines,254,01:00,,,,,737,,,"Direct",1555,1512,1463,
- -,FCO,PMO,Ryanair (FR),Ryanair,254,01:00,,,,,738,,,"Direct",1555,1512,4296,
- -,FCO,PMO,easyJet (U2),easyJet,254,01:00,,,,,319,,,"Direct",1555,1512,2297,
- -,FCO,PRG,Alitalia (AZ),Alitalia,581,01:39,,,,,32S,,,"Direct",1555,1587,596,
- -,FCO,PRG,Iberia Airlines (IB),Iberia Airlines,581,01:39,,,,,320,,,"Codeshare",1555,1587,2822,
- -,FCO,PRG,Czech Airlines (OK),Czech Airlines,581,01:39,,,,,73G 319 738,,,"Direct",1555,1587,1946,
- -,FCO,PRG,easyJet (U2),easyJet,581,01:39,,,,,319,,,"Direct",1555,1587,2297,
- -,FCO,PRG,Formosa Airlines (VY),Formosa Airlines,581,01:39,,,,,320,,,"Direct",1555,1587,2439,
- -,FCO,PRG,Wizz Air (W6),Wizz Air,581,01:39,,,,,320,,,"Direct",1555,1587,5461,
- -,FCO,PSA,Alitalia (AZ),Alitalia,160,00:49,,,,,319 E75,,,"Direct",1555,1562,596,
- -,FCO,PVG,Alitalia (AZ),Alitalia,5694,11:53,,,,,332,,,"Codeshare",1555,3406,596,
- -,FCO,PVG,China Eastern Airlines (MU),China Eastern Airlines,5694,11:53,,,,,332,,,"Direct",1555,3406,1758,
- -,FCO,REG,Alitalia (AZ),Alitalia,314,01:07,,,,,320 319,,,"Direct",1555,1514,596,
- -,FCO,REG,Blue Panorama Airlines (BV),Blue Panorama Airlines,314,01:07,,,,,737,,,"Direct",1555,1514,1463,
- -,FCO,RIX,Alitalia (AZ),Alitalia,1166,02:49,,,,,73C,,,"Codeshare",1555,3953,596,
- -,FCO,RIX,Air Baltic (BT),Air Baltic,1166,02:49,,,,,73C,,,"Direct",1555,3953,333,
- -,FCO,RTM,Transavia Holland (HV),Transavia Holland,791,02:04,,,,,73W 73H,,,"Direct",1555,591,5039,
- -,FCO,RUH,Alitalia (AZ),Alitalia,2279,05:03,,,,,320,,,"Codeshare",1555,2082,596,
- -,FCO,RUH,Saudi Arabian Airlines (SV),Saudi Arabian Airlines,2279,05:03,,,,,320,,,"Direct",1555,2082,4533,
- -,FCO,RZE,Eurolot (K2),Eurolot,740,01:58,,,,,DH4,,,"Direct",1555,675,2245,
- -,FCO,SAW,Pegasus Airlines (PC),Pegasus Airlines,885,02:16,,,,,738 320,,,"Direct",1555,4317,3926,
- -,FCO,SIN,Singapore Airlines (SQ),Singapore Airlines,6243,12:59,,,,,772,,,"Direct",1555,3316,4435,
- -,FCO,SKG,Alitalia (AZ),Alitalia,564,01:37,,,,,E75 E90,,,"Direct",1555,1486,596,
- -,FCO,SKG,easyJet (U2),easyJet,564,01:37,,,,,319,,,"Direct",1555,1486,2297,
- -,FCO,SKP,Alitalia (AZ),Alitalia,482,01:27,,,,,E75,,,"Direct",1555,1737,596,
- -,FCO,SOF,Alitalia (AZ),Alitalia,574,01:38,,,,,321 319,,,"Direct",1555,1194,596,
- -,FCO,SOF,Bulgaria Air (FB),Bulgaria Air,574,01:38,,,,,E90 319 320,,,"Direct",1555,1194,1548,
- -,FCO,SOF,Wizz Air (W6),Wizz Air,574,01:38,,,,,320,,,"Direct",1555,1194,5461,
- -,FCO,SPU,Croatia Airlines (OU),Croatia Airlines,238,00:58,,,,,DH4,,,"Direct",1555,1206,1925,
- -,FCO,STR,Germanwings (4U),Germanwings,497,01:29,,,,,319,,,"Direct",1555,350,2548,
- -,FCO,SUF,Alitalia (AZ),Alitalia,290,01:04,,,,,32S 321 320 319,,,"Direct",1555,1508,596,
- -,FCO,SUF,Ryanair (FR),Ryanair,290,01:04,,,,,738,,,"Direct",1555,1508,4296,
- -,FCO,SVO,Alitalia (AZ),Alitalia,1489,03:28,,,,,32S 319 321,,,"Direct",1555,2985,596,
- -,FCO,SVO,Aeroflot Russian Airlines (SU),Aeroflot Russian Airlines,1489,03:28,,,,,321 320,,,"Direct",1555,2985,130,
- -,FCO,SVX,Ural Airlines (U6),Ural Airlines,2355,05:12,,,,,320,,,"Direct",1555,2975,5234,
- -,FCO,SXB,Airlinair (A5),Airlinair,516,01:31,,,,,ER4 CR7,,,"Direct",1555,1435,1203,
- -,FCO,SXB,Air France (AF),Air France,516,01:31,,,,,ER4 CR7,,,"Codeshare",1555,1435,137,
- -,FCO,SXB,Alitalia (AZ),Alitalia,516,01:31,,,,,ER4 CR7,,,"Direct",1555,1435,596,
- -,FCO,SXF,easyJet (U2),easyJet,733,01:57,,,,,319,,,"Direct",1555,337,2297,
- -,FCO,TAS,Uzbekistan Airways (HY),Uzbekistan Airways,2892,06:17,,,,,764,,,"Direct",1555,2983,5281,
- -,FCO,TBS,Alitalia (AZ),Alitalia,1675,03:51,,,,,E90,,,"Direct",1555,3973,596,
- -,FCO,TGD,Alitalia (AZ),Alitalia,361,01:13,,,,,E75 100,,,"Direct",1555,1741,596,
- -,FCO,TGD,Montenegro Airlines (YM),Montenegro Airlines,361,01:13,,,,,E75 100,,,"Direct",1555,1741,3539,
- -,FCO,TIA,Alitalia (AZ),Alitalia,387,01:16,,,,,32S 319 E90 E75,,,"Direct",1555,1190,596,
- -,FCO,TIA,Blue Panorama Airlines (BV),Blue Panorama Airlines,387,01:16,,,,,737,,,"Direct",1555,1190,1463,
- -,FCO,TIP,Afriqiyah Airways (8U),Afriqiyah Airways,632,01:45,,,,,320,,,"Direct",1555,1157,32,
- -,FCO,TIP,Alitalia (AZ),Alitalia,632,01:45,,,,,319,,,"Direct",1555,1157,596,
- -,FCO,TLS,Air France (AF),Air France,565,01:37,,,,,319 320,,,"Direct",1555,1273,137,
- -,FCO,TLS,Alitalia (AZ),Alitalia,565,01:37,,,,,E75,,,"Direct",1555,1273,596,
- -,FCO,TLS,easyJet (U2),easyJet,565,01:37,,,,,319,,,"Direct",1555,1273,2297,
- -,FCO,TLV,Israir (6H),Israir,1415,03:19,,,,,320,,,"Direct",1555,1590,2954,
- -,FCO,TLV,Alitalia (AZ),Alitalia,1415,03:19,,,,,321 32S,,,"Direct",1555,1590,596,
- -,FCO,TLV,El Al Israel Airlines (LY),El Al Israel Airlines,1415,03:19,,,,,73G 739 738 763,,,"Direct",1555,1590,2150,
- -,FCO,TLV,easyJet (U2),easyJet,1415,03:19,,,,,319,,,"Direct",1555,1590,2297,
- -,FCO,TRN,Alitalia (AZ),Alitalia,328,01:09,,,,,32S 319 320 E75,,,"Direct",1555,1526,596,
- -,FCO,TRN,Blue Panorama Airlines (BV),Blue Panorama Airlines,328,01:09,,,,,737,,,"Direct",1555,1526,1463,
- -,FCO,TRS,Alitalia (AZ),Alitalia,284,01:04,,,,,32S 319 E75 320,,,"Direct",1555,1545,596,
- -,FCO,TUN,Alitalia (AZ),Alitalia,358,01:12,,,,,32S 319 E90 E75,,,"Direct",1555,287,596,
- -,FCO,TUN,Tunisair (TU),Tunisair,358,01:12,,,,,32A 320 319,,,"Direct",1555,287,4870,
- -,FCO,TXL,Germanwings (4U),Germanwings,744,01:59,,,,,319,,,"Direct",1555,351,2548,
- -,FCO,TXL,Air Berlin (AB),Air Berlin,744,01:59,,,,,320 738 73G,,,"Direct",1555,351,214,
- -,FCO,TXL,Meridiana (IG),Meridiana,744,01:59,,,,,320,,,"Codeshare",1555,351,3463,
- -,FCO,VCE,Alitalia (AZ),Alitalia,255,01:00,,,,,E90 32S E75 319 320,,,"Direct",1555,1551,596,
- -,FCO,VCE,Transavia France (TO),Transavia France,255,01:00,,,,,73H,,,"Direct",1555,1551,8745,
- -,FCO,VIE,Air Berlin (AB),Air Berlin,484,01:28,,,,,E90,,,"Direct",1555,1613,214,
- -,FCO,VIE,Alitalia (AZ),Alitalia,484,01:28,,,,,319 E90 E75,,,"Direct",1555,1613,596,
- -,FCO,VIE,Niki (HG),Niki,484,01:28,,,,,320 E90 321,,,"Direct",1555,1613,3661,
- -,FCO,VIE,Meridiana (IG),Meridiana,484,01:28,,,,,320,,,"Direct",1555,1613,3463,
- -,FCO,VIE,Austrian Airlines (OS),Austrian Airlines,484,01:28,,,,,320 100 319,,,"Codeshare",1555,1613,491,
- -,FCO,VKO,Transaero Airlines (UN),Transaero Airlines,1471,03:26,,,,,738 763,,,"Direct",1555,2988,5067,
- -,FCO,VLC,Alitalia (AZ),Alitalia,684,01:52,,,,,32S,,,"Direct",1555,1246,596,
- -,FCO,VLC,Iberia Airlines (IB),Iberia Airlines,684,01:52,,,,,320,,,"Codeshare",1555,1246,2822,
- -,FCO,VLC,Formosa Airlines (VY),Formosa Airlines,684,01:52,,,,,320,,,"Direct",1555,1246,2439,
- -,FCO,VNO,Wizz Air (W6),Wizz Air,1066,02:37,,,,,320,,,"Direct",1555,3959,5461,
- -,FCO,VRN,Alitalia (AZ),Alitalia,257,01:00,,,,,32S E75 319,,,"Direct",1555,1550,596,
- -,FCO,WAW,Alitalia (AZ),Alitalia,824,02:08,,,,,32S,,,"Direct",1555,679,596,
- -,FCO,WAW,Wizz Air (W6),Wizz Air,824,02:08,,,,,320,,,"Direct",1555,679,5461,
- -,FCO,YUL,Air Transat (TS),Air Transat,4089,08:40,,,,,330 310,,,"Direct",1555,146,1317,
- -,FCO,YYZ,Air Canada (AC),Air Canada,4400,09:18,,,,,333,,,"Direct",1555,193,330,
- -,FCO,YYZ,Alitalia (AZ),Alitalia,4400,09:18,,,,,332,,,"Direct",1555,193,596,
- -,FCO,YYZ,Delta Air Lines (DL),Delta Air Lines,4400,09:18,,,,,332,,,"Codeshare",1555,193,2009,
- -,FCO,YYZ,Lufthansa (LH),Lufthansa,4400,09:18,,,,,333,,,"Codeshare",1555,193,3320,
- -,FCO,YYZ,Air Transat (TS),Air Transat,4400,09:18,,,,,330,,,"Direct",1555,193,1317,
- -,FCO,ZRH,Alitalia (AZ),Alitalia,431,01:21,,,,,E75 E90 32S,,,"Direct",1555,1678,596,
- -,FCO,ZRH,Etihad Airways (EY),Etihad Airways,431,01:21,,,,,EMJ,,,"Codeshare",1555,1678,2222,
- -,FCO,ZRH,Swiss International Air Lines (LX),Swiss International Air Lines,431,01:21,,,,,320 321 319 32A,,,"Direct",1555,1678,4559,