﻿Date,From,To,Flight_Number,Airline,Distance,Duration,Seat,Seat_Type,Class,Reason,Plane,Registration,Trip,Note,From_OID,To_OID,Airline_OID,Plane_OID
- -,LNZ,AYT,SunExpress (XQ),SunExpress,1147,02:47,,,,,738,,,"Direct",1611,1688,4573,
- -,LNZ,DUS,Lufthansa (LH),Lufthansa,392,01:17,,,,,DH4,,,"Codeshare",1611,345,3320,
- -,LNZ,DUS,Austrian Airlines (OS),Austrian Airlines,392,01:17,,,,,DH4,,,"Codeshare",1611,345,491,
- -,LNZ,FRA,Lufthansa (LH),Lufthansa,282,01:03,,,,,CR7 E90,,,"Direct",1611,340,3320,
- -,LNZ,FRA,Austrian Airlines (OS),Austrian Airlines,282,01:03,,,,,E90 CR7,,,"Codeshare",1611,340,491,
- -,LNZ,HER,Air Berlin (AB),Air Berlin,1052,02:36,,,,,321,,,"Direct",1611,1452,214,
- -,LNZ,HER,Niki (HG),Niki,1052,02:36,,,,,321,,,"Direct",1611,1452,3661,
- -,LNZ,PMI,Air Berlin (AB),Air Berlin,825,02:09,,,,,320,,,"Codeshare",1611,3998,214,
- -,LNZ,PMI,Niki (HG),Niki,825,02:09,,,,,320,,,"Direct",1611,3998,3661,
- -,LNZ,STN,Ryanair (FR),Ryanair,666,01:49,,,,,738,,,"Direct",1611,548,4296,
- -,LNZ,SZG,SunExpress (XQ),SunExpress,62,00:37,,,,,738,,,"Direct",1611,1612,4573,
- -,LNZ,VIE,Austrian Airlines (OS),Austrian Airlines,110,00:43,,,,,DH4 D38,,,"Codeshare",1611,1613,491,