﻿Date,From,To,Flight_Number,Airline,Distance,Duration,Seat,Seat_Type,Class,Reason,Plane,Registration,Trip,Note,From_OID,To_OID,Airline_OID,Plane_OID
- -,LGW,AAL,Norwegian Air Shuttle (DY),Norwegian Air Shuttle,576,01:39,,,,,73H,,,"Direct",502,628,3737,
- -,LGW,ABZ,easyJet (U2),easyJet,425,01:21,,,,,319,,,"Direct",502,532,2297,
- -,LGW,ACE,British Airways (BA),British Airways,1683,03:51,,,,,320,,,"Direct",502,1055,1355,
- -,LGW,ACE,Condor Flugdienst (DE),Condor Flugdienst,1683,03:51,,,,,757,,,"Codeshare",502,1055,1868,
- -,LGW,ACE,Norwegian Air Shuttle (DY),Norwegian Air Shuttle,1683,03:51,,,,,73H,,,"Direct",502,1055,3737,
- -,LGW,ACE,Iberia Airlines (IB),Iberia Airlines,1683,03:51,,,,,320,,,"Codeshare",502,1055,2822,
- -,LGW,ACE,Transavia France (TO),Transavia France,1683,03:51,,,,,73H 75W,,,"Direct",502,1055,8745,
- -,LGW,ACE,Thomsonfly (BY),Thomsonfly,1683,03:51,,,,,75W,,,"Direct",502,1055,5013,
- -,LGW,ACE,easyJet (U2),easyJet,1683,03:51,,,,,320,,,"Direct",502,1055,2297,
- -,LGW,ACE,Air Bourbon (ZB),Air Bourbon,1683,03:51,,,,,321,,,"Direct",502,1055,220,
- -,LGW,ADB,Transavia France (TO),Transavia France,1594,03:41,,,,,75W,,,"Direct",502,1706,8745,
- -,LGW,ADB,easyJet (U2),easyJet,1594,03:41,,,,,320,,,"Direct",502,1706,2297,
- -,LGW,AES,Norwegian Air Shuttle (DY),Norwegian Air Shuttle,822,02:08,,,,,73H,,,"Direct",502,630,3737,
- -,LGW,AGA,Transavia France (TO),Transavia France,1513,03:31,,,,,73H,,,"Direct",502,1064,8745,
- -,LGW,AGA,Thomsonfly (BY),Thomsonfly,1513,03:31,,,,,73H,,,"Direct",502,1064,5013,
- -,LGW,AGA,easyJet (U2),easyJet,1513,03:31,,,,,319,,,"Direct",502,1064,2297,
- -,LGW,AGP,British Airways (BA),British Airways,1021,02:32,,,,,319 734 320,,,"Direct",502,1230,1355,
- -,LGW,AGP,Norwegian Air Shuttle (DY),Norwegian Air Shuttle,1021,02:32,,,,,73H,,,"Direct",502,1230,3737,
- -,LGW,AGP,Iberia Airlines (IB),Iberia Airlines,1021,02:32,,,,,319 734 320,,,"Codeshare",502,1230,2822,
- -,LGW,AGP,Transavia France (TO),Transavia France,1021,02:32,,,,,73H,,,"Direct",502,1230,8745,
- -,LGW,AGP,easyJet (U2),easyJet,1021,02:32,,,,,320 319,,,"Direct",502,1230,2297,
- -,LGW,AGP,Air Bourbon (ZB),Air Bourbon,1021,02:32,,,,,321 752,,,"Direct",502,1230,220,
- -,LGW,AJA,easyJet (U2),easyJet,765,02:01,,,,,320,,,"Direct",502,1324,2297,
- -,LGW,ALC,British Airways (BA),British Airways,888,02:16,,,,,319 734,,,"Direct",502,1212,1355,
- -,LGW,ALC,Norwegian Air Shuttle (DY),Norwegian Air Shuttle,888,02:16,,,,,73H,,,"Direct",502,1212,3737,
- -,LGW,ALC,Iberia Airlines (IB),Iberia Airlines,888,02:16,,,,,319 734,,,"Codeshare",502,1212,2822,
- -,LGW,ALC,Transavia France (TO),Transavia France,888,02:16,,,,,75W,,,"Direct",502,1212,8745,
- -,LGW,ALC,easyJet (U2),easyJet,888,02:16,,,,,319 320,,,"Direct",502,1212,2297,
- -,LGW,ALC,Air Bourbon (ZB),Air Bourbon,888,02:16,,,,,321 752,,,"Direct",502,1212,220,
- -,LGW,ALG,British Airways (BA),British Airways,1012,02:31,,,,,734 319,,,"Direct",502,210,1355,
- -,LGW,AMS,British Airways (BA),British Airways,226,00:57,,,,,319 734,,,"Direct",502,580,1355,
- -,LGW,AMS,easyJet (U2),easyJet,226,00:57,,,,,320 319,,,"Direct",502,580,2297,
- -,LGW,ANU,British Airways (BA),British Airways,4076,08:39,,,,,777,,,"Direct",502,2874,1355,
- -,LGW,ANU,Iberia Airlines (IB),Iberia Airlines,4076,08:39,,,,,777,,,"Codeshare",502,2874,2822,
- -,LGW,ANU,Virgin Atlantic Airways (VS),Virgin Atlantic Airways,4076,08:39,,,,,333,,,"Direct",502,2874,5347,
- -,LGW,ARN,Norwegian Air Shuttle (DY),Norwegian Air Shuttle,916,02:19,,,,,73H,,,"Direct",502,737,3737,
- -,LGW,ATH,easyJet (U2),easyJet,1486,03:28,,,,,319 320,,,"Direct",502,3941,2297,
- -,LGW,AYT,Transavia France (TO),Transavia France,1805,04:06,,,,,73H 75W,,,"Direct",502,1688,8745,
- -,LGW,AYT,Thomsonfly (BY),Thomsonfly,1805,04:06,,,,,73H,,,"Direct",502,1688,5013,
- -,LGW,AYT,easyJet (U2),easyJet,1805,04:06,,,,,320 319,,,"Direct",502,1688,2297,
- -,LGW,AYT,Air Bourbon (ZB),Air Bourbon,1805,04:06,,,,,321,,,"Direct",502,1688,220,
- -,LGW,BCN,British Airways (BA),British Airways,688,01:52,,,,,319 734 320,,,"Direct",502,1218,1355,
- -,LGW,BCN,Norwegian Air Shuttle (DY),Norwegian Air Shuttle,688,01:52,,,,,73H,,,"Direct",502,1218,3737,
- -,LGW,BCN,Iberia Airlines (IB),Iberia Airlines,688,01:52,,,,,319 320 734,,,"Codeshare",502,1218,2822,
- -,LGW,BCN,easyJet (U2),easyJet,688,01:52,,,,,319 320,,,"Direct",502,1218,2297,
- -,LGW,BCN,Formosa Airlines (VY),Formosa Airlines,688,01:52,,,,,320,,,"Direct",502,1218,2439,
- -,LGW,BCN,Air Bourbon (ZB),Air Bourbon,688,01:52,,,,,321 752,,,"Direct",502,1218,220,
- -,LGW,BDA,British Airways (BA),British Airways,3440,07:22,,,,,777,,,"Direct",502,4069,1355,
- -,LGW,BDA,Iberia Airlines (IB),Iberia Airlines,3440,07:22,,,,,777,,,"Codeshare",502,4069,2822,
- -,LGW,BFS,easyJet (U2),easyJet,348,01:11,,,,,319,,,"Direct",502,465,2297,
- -,LGW,BGI,British Airways (BA),British Airways,4197,08:53,,,,,777,,,"Direct",502,2875,1355,
- -,LGW,BGI,Iberia Airlines (IB),Iberia Airlines,4197,08:53,,,,,777,,,"Codeshare",502,2875,2822,
- -,LGW,BGI,Virgin Atlantic Airways (VS),Virgin Atlantic Airways,4197,08:53,,,,,333 744,,,"Direct",502,2875,5347,
- -,LGW,BGO,Norwegian Air Shuttle (DY),Norwegian Air Shuttle,665,01:49,,,,,73H,,,"Direct",502,636,3737,
- -,LGW,BGO,easyJet (U2),easyJet,665,01:49,,,,,319,,,"Direct",502,636,2297,
- -,LGW,BHD,Aer Lingus (EI),Aer Lingus,336,01:10,,,,,320 319,,,"Direct",502,467,837,
- -,LGW,BIA,easyJet (U2),easyJet,747,01:59,,,,,319,,,"Direct",502,1321,2297,
- -,LGW,BJV,Transavia France (TO),Transavia France,1663,03:49,,,,,73H,,,"Direct",502,4315,8745,
- -,LGW,BJV,easyJet (U2),easyJet,1663,03:49,,,,,320,,,"Direct",502,4315,2297,
- -,LGW,BJV,Air Bourbon (ZB),Air Bourbon,1663,03:49,,,,,321,,,"Direct",502,4315,220,
- -,LGW,BLQ,easyJet (U2),easyJet,699,01:53,,,,,320 319,,,"Direct",502,1538,2297,
- -,LGW,BOD,British Airways (BA),British Airways,437,01:22,,,,,734 319,,,"Direct",502,1264,1355,
- -,LGW,BOD,easyJet (U2),easyJet,437,01:22,,,,,319,,,"Direct",502,1264,2297,
- -,LGW,BRI,British Airways (BA),British Airways,1061,02:37,,,,,734,,,"Direct",502,1501,1355,
- -,LGW,BRI,easyJet (U2),easyJet,1061,02:37,,,,,319,,,"Direct",502,1501,2297,
- -,LGW,BRU,easyJet (U2),easyJet,203,00:54,,,,,319,,,"Direct",502,302,2297,
- -,LGW,BSL,easyJet (U2),easyJet,424,01:20,,,,,320 319,,,"Direct",502,1423,2297,
- -,LGW,BUD,Norwegian Air Shuttle (DY),Norwegian Air Shuttle,909,02:19,,,,,73H,,,"Direct",502,1489,3737,
- -,LGW,BUD,easyJet (U2),easyJet,909,02:19,,,,,319,,,"Direct",502,1489,2297,
- -,LGW,BVC,Transavia France (TO),Transavia France,2723,05:56,,,,,75W,,,"Direct",502,1103,8745,
- -,LGW,CDG,easyJet (U2),easyJet,190,00:52,,,,,319,,,"Direct",502,1382,2297,
- -,LGW,CFU,Transavia France (TO),Transavia France,1252,03:00,,,,,73H 75W,,,"Direct",502,1460,8745,
- -,LGW,CFU,easyJet (U2),easyJet,1252,03:00,,,,,320,,,"Direct",502,1460,2297,
- -,LGW,CGN,easyJet (U2),easyJet,319,01:08,,,,,319,,,"Direct",502,344,2297,
- -,LGW,CHQ,Transavia France (TO),Transavia France,1616,03:43,,,,,73H,,,"Direct",502,1474,8745,
- -,LGW,CHQ,easyJet (U2),easyJet,1616,03:43,,,,,320,,,"Direct",502,1474,2297,
- -,LGW,CMN,Air Arabia Maroc (3O),Air Arabia Maroc,1283,03:03,,,,,320,,,"Direct",502,1074,9818,
- -,LGW,CMN,Royal Air Maroc (AT),Royal Air Maroc,1283,03:03,,,,,738,,,"Direct",502,1074,4248,
- -,LGW,CPH,Norwegian Air Shuttle (DY),Norwegian Air Shuttle,611,01:43,,,,,73H,,,"Direct",502,609,3737,
- -,LGW,CPH,easyJet (U2),easyJet,611,01:43,,,,,319 320,,,"Direct",502,609,2297,
- -,LGW,CTA,Air One (AP),Air One,1203,02:54,,,,,320,,,"Direct",502,1509,240,
- -,LGW,CTA,Alitalia (AZ),Alitalia,1203,02:54,,,,,320,,,"Direct",502,1509,596,
- -,LGW,CTA,British Airways (BA),British Airways,1203,02:54,,,,,734 319,,,"Direct",502,1509,1355,
- -,LGW,CTA,Norwegian Air Shuttle (DY),Norwegian Air Shuttle,1203,02:54,,,,,73H,,,"Direct",502,1509,3737,
- -,LGW,CTA,Transavia France (TO),Transavia France,1203,02:54,,,,,75W,,,"Direct",502,1509,8745,
- -,LGW,CTA,easyJet (U2),easyJet,1203,02:54,,,,,319,,,"Direct",502,1509,2297,
- -,LGW,CUN,British Airways (BA),British Airways,4953,10:24,,,,,777,,,"Direct",502,1852,1355,
- -,LGW,CUN,Condor Flugdienst (DE),Condor Flugdienst,4953,10:24,,,,,330,,,"Codeshare",502,1852,1868,
- -,LGW,CUN,Transavia France (TO),Transavia France,4953,10:24,,,,,788,,,"Direct",502,1852,8745,
- -,LGW,CUN,Thomsonfly (BY),Thomsonfly,4953,10:24,,,,,788,,,"Direct",502,1852,5013,
- -,LGW,CUN,Virgin Atlantic Airways (VS),Virgin Atlantic Airways,4953,10:24,,,,,744,,,"Direct",502,1852,5347,
- -,LGW,DBV,British Airways (BA),British Airways,1049,02:35,,,,,734 319,,,"Direct",502,1200,1355,
- -,LGW,DBV,Norwegian Air Shuttle (DY),Norwegian Air Shuttle,1049,02:35,,,,,73H,,,"Direct",502,1200,3737,
- -,LGW,DBV,Transavia France (TO),Transavia France,1049,02:35,,,,,75W,,,"Direct",502,1200,8745,
- -,LGW,DBV,easyJet (U2),easyJet,1049,02:35,,,,,319 320,,,"Direct",502,1200,2297,
- -,LGW,DBV,Air Bourbon (ZB),Air Bourbon,1049,02:35,,,,,321 752,,,"Direct",502,1200,220,
- -,LGW,DLM,Transavia France (TO),Transavia France,1734,03:58,,,,,75W 73H,,,"Direct",502,1715,8745,
- -,LGW,DLM,Thomsonfly (BY),Thomsonfly,1734,03:58,,,,,73H,,,"Direct",502,1715,5013,
- -,LGW,DLM,easyJet (U2),easyJet,1734,03:58,,,,,320 319,,,"Direct",502,1715,2297,
- -,LGW,DLM,Air Bourbon (ZB),Air Bourbon,1734,03:58,,,,,321 752,,,"Direct",502,1715,220,
- -,LGW,DME,easyJet (U2),easyJet,1579,03:39,,,,,320,,,"Direct",502,4029,2297,
- -,LGW,DME,Transaero Airlines (UN),Transaero Airlines,1579,03:39,,,,,320,,,"Direct",502,4029,5067,
- -,LGW,DUB,Aer Lingus (EI),Aer Lingus,300,01:06,,,,,320,,,"Direct",502,599,837,
- -,LGW,DUB,Ryanair (FR),Ryanair,300,01:06,,,,,738,,,"Direct",502,599,4296,
- -,LGW,DUS,easyJet (U2),easyJet,300,01:06,,,,,319,,,"Direct",502,345,2297,
- -,LGW,DXB,Emirates (EK),Emirates,3398,07:17,,,,,77W 388,,,"Direct",502,2188,2183,
- -,LGW,DXB,Qantas (QF),Qantas,3398,07:17,,,,,77W 388,,,"Codeshare",502,2188,4089,
- -,LGW,EDI,British Airways (BA),British Airways,356,01:12,,,,,734 319,,,"Direct",502,535,1355,
- -,LGW,EDI,easyJet (U2),easyJet,356,01:12,,,,,320 319,,,"Direct",502,535,2297,
- -,LGW,EFL,easyJet (U2),easyJet,1349,03:11,,,,,319 320,,,"Direct",502,1455,2297,
- -,LGW,ERF,Germania (ST),Germania,483,01:27,,,,,319,,,"Direct",502,339,2547,
- -,LGW,FAO,British Airways (BA),British Airways,1048,02:35,,,,,319 734 320,,,"Direct",502,1626,1355,
- -,LGW,FAO,Norwegian Air Shuttle (DY),Norwegian Air Shuttle,1048,02:35,,,,,73H,,,"Direct",502,1626,3737,
- -,LGW,FAO,Transavia France (TO),Transavia France,1048,02:35,,,,,73H,,,"Direct",502,1626,8745,
- -,LGW,FAO,easyJet (U2),easyJet,1048,02:35,,,,,320 319,,,"Direct",502,1626,2297,
- -,LGW,FAO,Air Bourbon (ZB),Air Bourbon,1048,02:35,,,,,752 321 332,,,"Direct",502,1626,220,
- -,LGW,FCO,British Airways (BA),British Airways,872,02:14,,,,,734 320 319,,,"Direct",502,1555,1355,
- -,LGW,FCO,Norwegian Air Shuttle (DY),Norwegian Air Shuttle,872,02:14,,,,,73H,,,"Direct",502,1555,3737,
- -,LGW,FCO,easyJet (U2),easyJet,872,02:14,,,,,319 320,,,"Direct",502,1555,2297,
- -,LGW,FLR,Iberia Airlines (IB),Iberia Airlines,733,01:57,,,,,320,,,"Direct",502,1563,2822,
- -,LGW,FLR,Formosa Airlines (VY),Formosa Airlines,733,01:57,,,,,319,,,"Direct",502,1563,2439,
- -,LGW,FNA,Atlant-Soyuz Airlines (3G),Atlant-Soyuz Airlines,3028,06:33,,,,,319,,,"Direct",502,1059,595,
- -,LGW,FNC,Transavia France (TO),Transavia France,1524,03:32,,,,,75W,,,"Direct",502,4091,8745,
- -,LGW,FNC,TAP Portugal (TP),TAP Portugal,1524,03:32,,,,,319 320,,,"Direct",502,4091,4869,
- -,LGW,FNC,easyJet (U2),easyJet,1524,03:32,,,,,320 319,,,"Direct",502,4091,2297,
- -,LGW,FNC,Air Bourbon (ZB),Air Bourbon,1524,03:32,,,,,321,,,"Direct",502,4091,220,
- -,LGW,FUE,Norwegian Air Shuttle (DY),Norwegian Air Shuttle,1720,03:56,,,,,73H,,,"Direct",502,1051,3737,
- -,LGW,FUE,Transavia France (TO),Transavia France,1720,03:56,,,,,73H,,,"Direct",502,1051,8745,
- -,LGW,FUE,Thomsonfly (BY),Thomsonfly,1720,03:56,,,,,75W,,,"Direct",502,1051,5013,
- -,LGW,FUE,easyJet (U2),easyJet,1720,03:56,,,,,320,,,"Direct",502,1051,2297,
- -,LGW,GCI,Aurigny Air Services (GR),Aurigny Air Services,159,00:49,,,,,E95 AT7,,,"Direct",502,498,508,
- -,LGW,GIB,easyJet (U2),easyJet,1066,02:37,,,,,320 319,,,"Direct",502,1738,2297,
- -,LGW,GLA,British Airways (BA),British Airways,369,01:14,,,,,734 319,,,"Direct",502,534,1355,
- -,LGW,GLA,easyJet (U2),easyJet,369,01:14,,,,,319 320,,,"Direct",502,534,2297,
- -,LGW,GOA,British Airways (BA),British Airways,625,01:45,,,,,320 319 734,,,"Direct",502,1528,1355,
- -,LGW,GOT,Norwegian Air Shuttle (DY),Norwegian Air Shuttle,671,01:50,,,,,73H,,,"Direct",502,687,3737,
- -,LGW,GVA,easyJet (U2),easyJet,443,01:23,,,,,320 319,,,"Direct",502,1665,2297,
- -,LGW,HAM,easyJet (U2),easyJet,461,01:25,,,,,319,,,"Direct",502,342,2297,
- -,LGW,HAV,Virgin Atlantic Airways (VS),Virgin Atlantic Airways,4662,09:49,,,,,744,,,"Direct",502,1909,5347,
- -,LGW,HEL,Norwegian Air Shuttle (DY),Norwegian Air Shuttle,1154,02:48,,,,,73H,,,"Direct",502,421,3737,
- -,LGW,HER,Transavia France (TO),Transavia France,1664,03:49,,,,,73H,,,"Direct",502,1452,8745,
- -,LGW,HER,easyJet (U2),easyJet,1664,03:49,,,,,320 319,,,"Direct",502,1452,2297,
- -,LGW,HER,Air Bourbon (ZB),Air Bourbon,1664,03:49,,,,,321,,,"Direct",502,1452,220,
- -,LGW,HME,TransHolding System (YO),TransHolding System,1382,03:15,,,,,320,,,"Codeshare",502,238,16150,
- -,LGW,HRG,Transavia France (TO),Transavia France,2422,05:20,,,,,73H 75W,,,"Direct",502,1130,8745,
- -,LGW,HRG,Thomsonfly (BY),Thomsonfly,2422,05:20,,,,,73H,,,"Direct",502,1130,5013,
- -,LGW,HRG,easyJet (U2),easyJet,2422,05:20,,,,,320,,,"Direct",502,1130,2297,
- -,LGW,HRG,Air Bourbon (ZB),Air Bourbon,2422,05:20,,,,,321,,,"Direct",502,1130,220,
- -,LGW,IBZ,Norwegian Air Shuttle (DY),Norwegian Air Shuttle,851,02:12,,,,,73H,,,"Direct",502,1225,3737,
- -,LGW,IBZ,Transavia France (TO),Transavia France,851,02:12,,,,,73H,,,"Direct",502,1225,8745,
- -,LGW,IBZ,easyJet (U2),easyJet,851,02:12,,,,,319 320,,,"Direct",502,1225,2297,
- -,LGW,INN,easyJet (U2),easyJet,584,01:40,,,,,319,,,"Direct",502,1610,2297,
- -,LGW,INV,easyJet (U2),easyJet,467,01:26,,,,,319,,,"Direct",502,533,2297,
- -,LGW,IOM,easyJet (U2),easyJet,274,01:02,,,,,319,,,"Direct",502,520,2297,
- -,LGW,ISL,Turkish Airlines (TK),Turkish Airlines,1543,03:35,,,,,739 321 738,,,"Direct",502,1701,4951,
- -,LGW,JER,British Airways (BA),British Airways,160,00:49,,,,,734 319,,,"Direct",502,499,1355,
- -,LGW,JER,easyJet (U2),easyJet,160,00:49,,,,,319,,,"Direct",502,499,2297,
- -,LGW,JMK,Transavia France (TO),Transavia France,1564,03:37,,,,,73H,,,"Direct",502,1468,8745,
- -,LGW,JMK,easyJet (U2),easyJet,1564,03:37,,,,,320,,,"Direct",502,1468,2297,
- -,LGW,JTR,Norwegian Air Shuttle (DY),Norwegian Air Shuttle,1621,03:44,,,,,73H,,,"Direct",502,1479,3737,
- -,LGW,JTR,Transavia France (TO),Transavia France,1621,03:44,,,,,75W,,,"Direct",502,1479,8745,
- -,LGW,JTR,easyJet (U2),easyJet,1621,03:44,,,,,320,,,"Direct",502,1479,2297,
- -,LGW,KBP,Ukraine International Airlines (PS),Ukraine International Airlines,1349,03:11,,,,,73N 73H E90 735,,,"Direct",502,2939,5282,
- -,LGW,KEF,Icelandair (FI),Icelandair,1201,02:54,,,,,75W,,,"Direct",502,16,2835,
- -,LGW,KEF,Maastricht Airlines (W2),Maastricht Airlines,1201,02:54,,,,,320,,,"Codeshare",502,16,18553,
- -,LGW,KEF,bmibaby (WW),bmibaby,1201,02:54,,,,,320,,,"Direct",502,16,1441,
- -,LGW,KGS,Transavia France (TO),Transavia France,1663,03:49,,,,,75W 73H,,,"Direct",502,1458,8745,
- -,LGW,KGS,easyJet (U2),easyJet,1663,03:49,,,,,320 319,,,"Direct",502,1458,2297,
- -,LGW,KIN,British Airways (BA),British Airways,4680,09:51,,,,,777,,,"Direct",502,1779,1355,
- -,LGW,KIN,Iberia Airlines (IB),Iberia Airlines,4680,09:51,,,,,777,,,"Codeshare",502,1779,2822,
- -,LGW,KLX,easyJet (U2),easyJet,1458,03:24,,,,,320 319,,,"Direct",502,1456,2297,
- -,LGW,KRK,easyJet (U2),easyJet,875,02:15,,,,,319 320,,,"Direct",502,669,2297,
- -,LGW,KUN,Ryanair (FR),Ryanair,1035,02:34,,,,,738,,,"Direct",502,3956,4296,
- -,LGW,LAS,American Airlines (AA),American Airlines,5236,10:58,,,,,777,,,"Codeshare",502,3877,24,
- -,LGW,LAS,Finnair (AY),Finnair,5236,10:58,,,,,777,,,"Direct",502,3877,2350,
- -,LGW,LAS,British Airways (BA),British Airways,5236,10:58,,,,,777,,,"Direct",502,3877,1355,
- -,LGW,LAS,Delta Air Lines (DL),Delta Air Lines,5236,10:58,,,,,744,,,"Codeshare",502,3877,2009,
- -,LGW,LAS,Virgin Atlantic Airways (VS),Virgin Atlantic Airways,5236,10:58,,,,,744,,,"Direct",502,3877,5347,
- -,LGW,LCA,British Airways (BA),British Airways,2016,04:31,,,,,320,,,"Direct",502,1197,1355,
- -,LGW,LCA,Norwegian Air Shuttle (DY),Norwegian Air Shuttle,2016,04:31,,,,,73H,,,"Direct",502,1197,3737,
- -,LGW,LCA,Transavia France (TO),Transavia France,2016,04:31,,,,,73H,,,"Direct",502,1197,8745,
- -,LGW,LCA,Thomsonfly (BY),Thomsonfly,2016,04:31,,,,,73H,,,"Direct",502,1197,5013,
- -,LGW,LCA,easyJet (U2),easyJet,2016,04:31,,,,,320,,,"Direct",502,1197,2297,
- -,LGW,LCA,Air Bourbon (ZB),Air Bourbon,2016,04:31,,,,,321,,,"Direct",502,1197,220,
- -,LGW,LEI,easyJet (U2),easyJet,993,02:29,,,,,319 320,,,"Direct",502,1213,2297,
- -,LGW,LIN,easyJet (U2),easyJet,585,01:40,,,,,319 320,,,"Direct",502,1529,2297,
- -,LGW,LIS,SATA International (S4),SATA International,957,02:24,,,,,319,,,"Codeshare",502,1638,4304,
- -,LGW,LIS,TAP Portugal (TP),TAP Portugal,957,02:24,,,,,319 320,,,"Direct",502,1638,4869,
- -,LGW,LIS,easyJet (U2),easyJet,957,02:24,,,,,319 320,,,"Direct",502,1638,2297,
- -,LGW,LPA,Norwegian Air Shuttle (DY),Norwegian Air Shuttle,1787,04:04,,,,,73H,,,"Direct",502,1054,3737,
- -,LGW,LPA,Transavia France (TO),Transavia France,1787,04:04,,,,,73H,,,"Direct",502,1054,8745,
- -,LGW,LPA,Thomsonfly (BY),Thomsonfly,1787,04:04,,,,,75W,,,"Direct",502,1054,5013,
- -,LGW,LPA,easyJet (U2),easyJet,1787,04:04,,,,,320,,,"Direct",502,1054,2297,
- -,LGW,LUX,easyJet (U2),easyJet,300,01:06,,,,,319,,,"Direct",502,629,2297,
- -,LGW,LYS,easyJet (U2),easyJet,445,01:23,,,,,319,,,"Direct",502,1335,2297,
- -,LGW,MAD,easyJet (U2),easyJet,754,02:00,,,,,319 320,,,"Direct",502,1229,2297,
- -,LGW,MAD,Air Europa (UX),Air Europa,754,02:00,,,,,738,,,"Direct",502,1229,90,
- -,LGW,MAH,Transavia France (TO),Transavia France,807,02:06,,,,,73H,,,"Direct",502,1231,8745,
- -,LGW,MAH,easyJet (U2),easyJet,807,02:06,,,,,319 320,,,"Direct",502,1231,2297,
- -,LGW,MAH,Air Bourbon (ZB),Air Bourbon,807,02:06,,,,,321,,,"Direct",502,1231,220,
- -,LGW,MBJ,Virgin Atlantic Airways (VS),Virgin Atlantic Airways,4699,09:53,,,,,744,,,"Direct",502,1780,5347,
- -,LGW,MCO,American Airlines (AA),American Airlines,4341,09:10,,,,,777,,,"Codeshare",502,3878,24,
- -,LGW,MCO,Finnair (AY),Finnair,4341,09:10,,,,,777,,,"Direct",502,3878,2350,
- -,LGW,MCO,British Airways (BA),British Airways,4341,09:10,,,,,777,,,"Direct",502,3878,1355,
- -,LGW,MCO,Delta Air Lines (DL),Delta Air Lines,4341,09:10,,,,,744,,,"Codeshare",502,3878,2009,
- -,LGW,MCO,Iberia Airlines (IB),Iberia Airlines,4341,09:10,,,,,777,,,"Codeshare",502,3878,2822,
- -,LGW,MCO,Transaero Airlines (UN),Transaero Airlines,4341,09:10,,,,,744,,,"Codeshare",502,3878,5067,
- -,LGW,MCO,Virgin Atlantic Airways (VS),Virgin Atlantic Airways,4341,09:10,,,,,744,,,"Direct",502,3878,5347,
- -,LGW,MJV,easyJet (U2),easyJet,923,02:20,,,,,319 320,,,"Direct",502,1227,2297,
- -,LGW,MLA,British Airways (BA),British Airways,1281,03:03,,,,,319 734,,,"Direct",502,1606,1355,
- -,LGW,MLA,Air Malta (KM),Air Malta,1281,03:03,,,,,320 319,,,"Direct",502,1606,242,
- -,LGW,MLA,Transavia France (TO),Transavia France,1281,03:03,,,,,73H,,,"Direct",502,1606,8745,
- -,LGW,MLA,easyJet (U2),easyJet,1281,03:03,,,,,320 319,,,"Direct",502,1606,2297,
- -,LGW,MLE,British Airways (BA),British Airways,5287,11:04,,,,,777,,,"Direct",502,3156,1355,
- -,LGW,MPL,easyJet (U2),easyJet,557,01:36,,,,,319,,,"Direct",502,1359,2297,
- -,LGW,MRS,easyJet (U2),easyJet,589,01:40,,,,,319 320,,,"Direct",502,1353,2297,
- -,LGW,MRU,British Airways (BA),British Airways,6053,12:36,,,,,777,,,"Direct",502,893,1355,
- -,LGW,MRU,Transavia France (TO),Transavia France,6053,12:36,,,,,788,,,"Direct",502,893,8745,
- -,LGW,MRU,Thomsonfly (BY),Thomsonfly,6053,12:36,,,,,788,,,"Direct",502,893,5013,
- -,LGW,MSQ,Belavia Belarusian Airlines (B2),Belavia Belarusian Airlines,1192,02:53,,,,,735 E75,,,"Direct",502,2954,1478,
- -,LGW,MUC,easyJet (U2),easyJet,567,01:38,,,,,319 320,,,"Direct",502,346,2297,
- -,LGW,MXP,easyJet (U2),easyJet,558,01:36,,,,,319 320,,,"Direct",502,1524,2297,
- -,LGW,NAP,British Airways (BA),British Airways,988,02:28,,,,,320 734 319,,,"Direct",502,1561,1355,
- -,LGW,NAP,Meridiana (IG),Meridiana,988,02:28,,,,,737,,,"Direct",502,1561,3463,
- -,LGW,NAP,Transavia France (TO),Transavia France,988,02:28,,,,,75W 73H,,,"Direct",502,1561,8745,
- -,LGW,NAP,easyJet (U2),easyJet,988,02:28,,,,,319 320,,,"Direct",502,1561,2297,
- -,LGW,NBE,Transavia France (TO),Transavia France,1165,02:49,,,,,73H,,,"Direct",502,7447,8745,
- -,LGW,NBE,Thomsonfly (BY),Thomsonfly,1165,02:49,,,,,75W 73H,,,"Direct",502,7447,5013,
- -,LGW,NBE,Air Bourbon (ZB),Air Bourbon,1165,02:49,,,,,321,,,"Direct",502,7447,220,
- -,LGW,NCE,British Airways (BA),British Airways,621,01:44,,,,,320 734 319,,,"Direct",502,1354,1355,
- -,LGW,NCE,Norwegian Air Shuttle (DY),Norwegian Air Shuttle,621,01:44,,,,,73H,,,"Direct",502,1354,3737,
- -,LGW,NCE,easyJet (U2),easyJet,621,01:44,,,,,320 319,,,"Direct",502,1354,2297,
- -,LGW,NCE,Air Bourbon (ZB),Air Bourbon,621,01:44,,,,,321,,,"Direct",502,1354,220,
- -,LGW,NCL,easyJet (U2),easyJet,275,01:03,,,,,319,,,"Direct",502,521,2297,
- -,LGW,NOC,Aer Lingus (EI),Aer Lingus,409,01:19,,,,,319,,,"Direct",502,600,837,
- -,LGW,NQY,British Airways (BA),British Airways,215,00:55,,,,,DH4,,,"Codeshare",502,481,1355,
- -,LGW,NQY,Flybe (BE),Flybe,215,00:55,,,,,DH4,,,"Direct",502,481,2421,
- -,LGW,NTE,easyJet (U2),easyJet,283,01:03,,,,,319,,,"Direct",502,1418,2297,
- -,LGW,OLB,British Airways (BA),British Airways,845,02:11,,,,,737,,,"Codeshare",502,1520,1355,
- -,LGW,OLB,Meridiana (IG),Meridiana,845,02:11,,,,,320,,,"Direct",502,1520,3463,
- -,LGW,OLB,easyJet (U2),easyJet,845,02:11,,,,,319,,,"Direct",502,1520,2297,
- -,LGW,OPO,TAP Portugal (TP),TAP Portugal,793,02:05,,,,,320 319,,,"Direct",502,1636,4869,
- -,LGW,OPO,easyJet (U2),easyJet,793,02:05,,,,,319 320,,,"Direct",502,1636,2297,
- -,LGW,ORK,Ryanair (FR),Ryanair,359,01:13,,,,,738,,,"Direct",502,596,4296,
- -,LGW,OSL,Norwegian Air Shuttle (DY),Norwegian Air Shuttle,756,02:00,,,,,73H,,,"Direct",502,644,3737,
- -,LGW,OTP,easyJet (U2),easyJet,1290,03:04,,,,,319 320,,,"Direct",502,1657,2297,
- -,LGW,PDL,SATA International (S4),SATA International,1548,03:35,,,,,320,,,"Direct",502,1633,4304,
- -,LGW,PEK,Air China (CA),Air China,5070,10:38,,,,,330,,,"Direct",502,3364,751,
- -,LGW,PEK,Virgin Atlantic Airways (VS),Virgin Atlantic Airways,5070,10:38,,,,,330,,,"Direct",502,3364,5347,
- -,LGW,PFO,British Airways (BA),British Airways,1978,04:27,,,,,319,,,"Direct",502,1198,1355,
- -,LGW,PFO,Transavia France (TO),Transavia France,1978,04:27,,,,,75W 73H,,,"Direct",502,1198,8745,
- -,LGW,PFO,Thomsonfly (BY),Thomsonfly,1978,04:27,,,,,73H,,,"Direct",502,1198,5013,
- -,LGW,PFO,easyJet (U2),easyJet,1978,04:27,,,,,320,,,"Direct",502,1198,2297,
- -,LGW,PFO,Air Bourbon (ZB),Air Bourbon,1978,04:27,,,,,321,,,"Direct",502,1198,220,
- -,LGW,PMI,Norwegian Air Shuttle (DY),Norwegian Air Shuttle,813,02:07,,,,,73H,,,"Direct",502,3998,3737,
- -,LGW,PMI,Transavia France (TO),Transavia France,813,02:07,,,,,73H 75W,,,"Direct",502,3998,8745,
- -,LGW,PMI,Thomsonfly (BY),Thomsonfly,813,02:07,,,,,73H,,,"Direct",502,3998,5013,
- -,LGW,PMI,easyJet (U2),easyJet,813,02:07,,,,,319 320,,,"Direct",502,3998,2297,
- -,LGW,PMI,Air Bourbon (ZB),Air Bourbon,813,02:07,,,,,321 752,,,"Direct",502,3998,220,
- -,LGW,PMO,Air One (AP),Air One,1104,02:42,,,,,320,,,"Direct",502,1512,240,
- -,LGW,PMO,Alitalia (AZ),Alitalia,1104,02:42,,,,,320,,,"Direct",502,1512,596,
- -,LGW,PMO,easyJet (U2),easyJet,1104,02:42,,,,,319,,,"Direct",502,1512,2297,
- -,LGW,POS,Caribbean Airlines (BW),Caribbean Airlines,4408,09:18,,,,,767,,,"Direct",502,2902,1663,
- -,LGW,PRG,easyJet (U2),easyJet,636,01:46,,,,,319 320,,,"Direct",502,1587,2297,
- -,LGW,PRN,Germania (ST),Germania,1157,02:48,,,,,73G,,,"Direct",502,1742,2547,
- -,LGW,PSA,British Airways (BA),British Airways,712,01:55,,,,,734 319,,,"Direct",502,1562,1355,
- -,LGW,PSA,easyJet (U2),easyJet,712,01:55,,,,,319 320,,,"Direct",502,1562,2297,
- -,LGW,PUJ,Transavia France (TO),Transavia France,4283,09:03,,,,,788,,,"Direct",502,1760,8745,
- -,LGW,PVK,Transavia France (TO),Transavia France,1317,03:08,,,,,73H 75W,,,"Direct",502,1470,8745,
- -,LGW,PVK,Thomsonfly (BY),Thomsonfly,1317,03:08,,,,,73H,,,"Direct",502,1470,5013,
- -,LGW,RAK,Royal Air Maroc (AT),Royal Air Maroc,1407,03:18,,,,,738,,,"Direct",502,1075,4248,
- -,LGW,RAK,British Airways (BA),British Airways,1407,03:18,,,,,734 319 320,,,"Direct",502,1075,1355,
- -,LGW,RAK,Transavia France (TO),Transavia France,1407,03:18,,,,,73H 75W,,,"Direct",502,1075,8745,
- -,LGW,RAK,Thomsonfly (BY),Thomsonfly,1407,03:18,,,,,73H,,,"Direct",502,1075,5013,
- -,LGW,RAK,easyJet (U2),easyJet,1407,03:18,,,,,320 319,,,"Direct",502,1075,2297,
- -,LGW,RHO,Transavia France (TO),Transavia France,1721,03:56,,,,,75W,,,"Direct",502,1472,8745,
- -,LGW,RHO,Thomsonfly (BY),Thomsonfly,1721,03:56,,,,,73H,,,"Direct",502,1472,5013,
- -,LGW,RHO,easyJet (U2),easyJet,1721,03:56,,,,,320,,,"Direct",502,1472,2297,
- -,LGW,RIX,Air Baltic (BT),Air Baltic,1050,02:36,,,,,73C 735,,,"Direct",502,3953,333,
- -,LGW,SAW,Turkish Airlines (TK),Turkish Airlines,1567,03:38,,,,,738,,,"Direct",502,4317,4951,
- -,LGW,SCQ,easyJet (U2),easyJet,687,01:52,,,,,319,,,"Direct",502,1243,2297,
- -,LGW,SID,Transavia France (TO),Transavia France,2686,05:52,,,,,75W,,,"Direct",502,1102,8745,
- -,LGW,SID,Thomsonfly (BY),Thomsonfly,2686,05:52,,,,,75W,,,"Direct",502,1102,5013,
- -,LGW,SKG,British Airways (BA),British Airways,1325,03:09,,,,,734,,,"Direct",502,1486,1355,
- -,LGW,SKG,Transavia France (TO),Transavia France,1325,03:09,,,,,73H,,,"Direct",502,1486,8745,
- -,LGW,SKG,easyJet (U2),easyJet,1325,03:09,,,,,319 320,,,"Direct",502,1486,2297,
- -,LGW,SNN,Ryanair (FR),Ryanair,386,01:16,,,,,738,,,"Direct",502,603,4296,
- -,LGW,SOF,easyJet (U2),easyJet,1249,02:59,,,,,319 320,,,"Direct",502,1194,2297,
- -,LGW,SPU,Norwegian Air Shuttle (DY),Norwegian Air Shuttle,930,02:21,,,,,73H,,,"Direct",502,1206,3737,
- -,LGW,SPU,Croatia Airlines (OU),Croatia Airlines,930,02:21,,,,,320,,,"Direct",502,1206,1925,
- -,LGW,SPU,easyJet (U2),easyJet,930,02:21,,,,,319 320,,,"Direct",502,1206,2297,
- -,LGW,SSH,Transavia France (TO),Transavia France,2401,05:18,,,,,73H,,,"Direct",502,4057,8745,
- -,LGW,SSH,Thomsonfly (BY),Thomsonfly,2401,05:18,,,,,75W 73H,,,"Direct",502,4057,5013,
- -,LGW,SSH,easyJet (U2),easyJet,2401,05:18,,,,,320,,,"Direct",502,4057,2297,
- -,LGW,SSH,Air Bourbon (ZB),Air Bourbon,2401,05:18,,,,,332 321,,,"Direct",502,4057,220,
- -,LGW,SVG,Norwegian Air Shuttle (DY),Norwegian Air Shuttle,580,01:39,,,,,73H,,,"Direct",502,666,3737,
- -,LGW,SVQ,Ryanair (FR),Ryanair,988,02:28,,,,,738,,,"Direct",502,1253,4296,
- -,LGW,SVQ,easyJet (U2),easyJet,988,02:28,,,,,319,,,"Direct",502,1253,2297,
- -,LGW,SXB,easyJet (U2),easyJet,391,01:16,,,,,319,,,"Direct",502,1435,2297,
- -,LGW,SXF,easyJet (U2),easyJet,591,01:40,,,,,319 320,,,"Direct",502,337,2297,
- -,LGW,SZG,Air Berlin (AB),Air Berlin,634,01:46,,,,,734,,,"Codeshare",502,1612,214,
- -,LGW,SZG,British Airways (BA),British Airways,634,01:46,,,,,734,,,"Direct",502,1612,1355,
- -,LGW,TFS,British Airways (BA),British Airways,1808,04:06,,,,,320,,,"Direct",502,1056,1355,
- -,LGW,TFS,Norwegian Air Shuttle (DY),Norwegian Air Shuttle,1808,04:06,,,,,73H,,,"Direct",502,1056,3737,
- -,LGW,TFS,Iberia Airlines (IB),Iberia Airlines,1808,04:06,,,,,320,,,"Codeshare",502,1056,2822,
- -,LGW,TFS,Transavia France (TO),Transavia France,1808,04:06,,,,,75W 73H,,,"Direct",502,1056,8745,
- -,LGW,TFS,Thomsonfly (BY),Thomsonfly,1808,04:06,,,,,73H 75W,,,"Direct",502,1056,5013,
- -,LGW,TFS,easyJet (U2),easyJet,1808,04:06,,,,,320,,,"Direct",502,1056,2297,
- -,LGW,TFS,Air Bourbon (ZB),Air Bourbon,1808,04:06,,,,,321 752 332,,,"Direct",502,1056,220,
- -,LGW,TIA,British Airways (BA),British Airways,1157,02:48,,,,,734,,,"Direct",502,1190,1355,
- -,LGW,TIV,Montenegro Airlines (YM),Montenegro Airlines,1074,02:38,,,,,100,,,"Direct",502,1743,3539,
- -,LGW,TLL,easyJet (U2),easyJet,1127,02:45,,,,,319 320,,,"Direct",502,415,2297,
- -,LGW,TLS,easyJet (U2),easyJet,524,01:32,,,,,319 320,,,"Direct",502,1273,2297,
- -,LGW,TLV,easyJet (U2),easyJet,2209,04:55,,,,,320,,,"Direct",502,1590,2297,
- -,LGW,TNG,Air Arabia Maroc (3O),Air Arabia Maroc,1102,02:42,,,,,320,,,"Direct",502,1080,9818,
- -,LGW,TOS,Norwegian Air Shuttle (DY),Norwegian Air Shuttle,1421,03:20,,,,,73H,,,"Direct",502,663,3737,
- -,LGW,TPA,American Airlines (AA),American Airlines,4416,09:19,,,,,777,,,"Codeshare",502,3646,24,
- -,LGW,TPA,Finnair (AY),Finnair,4416,09:19,,,,,777,,,"Direct",502,3646,2350,
- -,LGW,TPA,British Airways (BA),British Airways,4416,09:19,,,,,777,,,"Direct",502,3646,1355,
- -,LGW,TPA,Iberia Airlines (IB),Iberia Airlines,4416,09:19,,,,,777,,,"Codeshare",502,3646,2822,
- -,LGW,TRD,Norwegian Air Shuttle (DY),Norwegian Air Shuttle,942,02:23,,,,,73H,,,"Direct",502,665,3737,
- -,LGW,TRF,Norwegian Air Shuttle (DY),Norwegian Air Shuttle,689,01:52,,,,,73H,,,"Direct",502,664,3737,
- -,LGW,TRN,British Airways (BA),British Airways,546,01:35,,,,,319 320 734,,,"Direct",502,1526,1355,
- -,LGW,UVF,British Airways (BA),British Airways,4222,08:56,,,,,777,,,"Direct",502,2894,1355,
- -,LGW,UVF,Iberia Airlines (IB),Iberia Airlines,4222,08:56,,,,,777,,,"Codeshare",502,2894,2822,
- -,LGW,UVF,Virgin Atlantic Airways (VS),Virgin Atlantic Airways,4222,08:56,,,,,333,,,"Direct",502,2894,5347,
- -,LGW,VCE,British Airways (BA),British Airways,693,01:53,,,,,734 319 320,,,"Direct",502,1551,1355,
- -,LGW,VCE,Transavia France (TO),Transavia France,693,01:53,,,,,73H,,,"Direct",502,1551,8745,
- -,LGW,VCE,easyJet (U2),easyJet,693,01:53,,,,,319 320,,,"Direct",502,1551,2297,
- -,LGW,VCE,Air Bourbon (ZB),Air Bourbon,693,01:53,,,,,321,,,"Direct",502,1551,220,
- -,LGW,VIE,easyJet (U2),easyJet,776,02:03,,,,,319 320,,,"Direct",502,1613,2297,
- -,LGW,VLC,easyJet (U2),easyJet,805,02:06,,,,,320 319,,,"Direct",502,1246,2297,
- -,LGW,VRN,British Airways (BA),British Airways,644,01:47,,,,,734 319 320,,,"Direct",502,1550,1355,
- -,LGW,VRN,Transavia France (TO),Transavia France,644,01:47,,,,,75W 73H,,,"Direct",502,1550,8745,
- -,LGW,VRN,easyJet (U2),easyJet,644,01:47,,,,,319,,,"Direct",502,1550,2297,
- -,LGW,VRN,Air Bourbon (ZB),Air Bourbon,644,01:47,,,,,321,,,"Direct",502,1550,220,
- -,LGW,YUL,Air Transat (TS),Air Transat,3257,07:00,,,,,310,,,"Direct",502,146,1317,
- -,LGW,YVR,Air Transat (TS),Air Transat,4731,09:57,,,,,330,,,"Direct",502,156,1317,
- -,LGW,YYC,Air Transat (TS),Air Transat,4381,09:15,,,,,330,,,"Direct",502,178,1317,
- -,LGW,YYZ,Air Transat (TS),Air Transat,3564,07:37,,,,,330,,,"Direct",502,193,1317,
- -,LGW,ZAG,easyJet (U2),easyJet,830,02:09,,,,,319,,,"Direct",502,1208,2297,
- -,LGW,ZRH,easyJet (U2),easyJet,468,01:26,,,,,319 320,,,"Direct",502,1678,2297,
- -,LGW,ZTH,Transavia France (TO),Transavia France,1382,03:15,,,,,73H,,,"Direct",502,1488,8745,
- -,LGW,ZTH,easyJet (U2),easyJet,1382,03:15,,,,,320,,,"Direct",502,1488,2297,