﻿Date,From,To,Flight_Number,Airline,Distance,Duration,Seat,Seat_Type,Class,Reason,Plane,Registration,Trip,Note,From_OID,To_OID,Airline_OID,Plane_OID
- -,LHR,OPRN,Pakistan International Airlines (PK),Pakistan International Airlines,3767,08:02,,,,,777,,,"Direct",507,2223,3871,
- -,LHR,ABV,British Airways (BA),British Airways,2964,06:25,,,,,777,,,"Direct",507,260,1355,
- -,LHR,ABZ,American Airlines (AA),American Airlines,401,01:18,,,,,319 321 320,,,"Codeshare",507,532,24,
- -,LHR,ABZ,British Airways (BA),British Airways,401,01:18,,,,,320 319 321,,,"Direct",507,532,1355,
- -,LHR,ABZ,Iberia Airlines (IB),Iberia Airlines,401,01:18,,,,,320 319,,,"Codeshare",507,532,2822,
- -,LHR,ABZ,Transaero Airlines (UN),Transaero Airlines,401,01:18,,,,,333,,,"Direct",507,532,5067,
- -,LHR,ABZ,Virgin Atlantic Airways (VS),Virgin Atlantic Airways,401,01:18,,,,,320,,,"Codeshare",507,532,5347,
- -,LHR,ACC,American Airlines (AA),American Airlines,3167,06:50,,,,,744,,,"Codeshare",507,248,24,
- -,LHR,ACC,British Airways (BA),British Airways,3167,06:50,,,,,744,,,"Direct",507,248,1355,
- -,LHR,ADD,Ethiopian Airlines (ET),Ethiopian Airlines,3676,07:51,,,,,788 77L,,,"Direct",507,1107,2220,
- -,LHR,AGP,American Airlines (AA),American Airlines,1040,02:34,,,,,320,,,"Codeshare",507,1230,24,
- -,LHR,AGP,British Airways (BA),British Airways,1040,02:34,,,,,320,,,"Direct",507,1230,1355,
- -,LHR,ALA,British Airways (BA),British Airways,3492,07:29,,,,,767,,,"Direct",507,2908,1355,
- -,LHR,ALA,Air Astana (KC),Air Astana,3492,07:29,,,,,757,,,"Direct",507,2908,1006,
- -,LHR,ALG,Air Algerie (AH),Air Algerie,1036,02:34,,,,,736,,,"Direct",507,210,794,
- -,LHR,AMM,British Airways (BA),British Airways,2287,05:04,,,,,321,,,"Direct",507,2170,1355,
- -,LHR,AMM,Royal Jordanian (RJ),Royal Jordanian,2287,05:04,,,,,330 321,,,"Direct",507,2170,4259,
- -,LHR,AMS,American Airlines (AA),American Airlines,230,00:57,,,,,320 319 321,,,"Codeshare",507,580,24,
- -,LHR,AMS,British Airways (BA),British Airways,230,00:57,,,,,767 320 319 321,,,"Direct",507,580,1355,
- -,LHR,AMS,China Airlines (CI),China Airlines,230,00:57,,,,,737,,,"Direct",507,580,1756,
- -,LHR,AMS,KLM Royal Dutch Airlines (KL),KLM Royal Dutch Airlines,230,00:57,,,,,737 F70 EMJ,,,"Direct",507,580,3090,
- -,LHR,AMS,China Eastern Airlines (MU),China Eastern Airlines,230,00:57,,,,,737 F70,,,"Codeshare",507,580,1758,
- -,LHR,ARN,American Airlines (AA),American Airlines,908,02:18,,,,,321 319 767 320,,,"Codeshare",507,737,24,
- -,LHR,ARN,Finnair (AY),Finnair,908,02:18,,,,,321 319 767 320,,,"Codeshare",507,737,2350,
- -,LHR,ARN,British Airways (BA),British Airways,908,02:18,,,,,321 319 767 320,,,"Direct",507,737,1355,
- -,LHR,ARN,Iberia Airlines (IB),Iberia Airlines,908,02:18,,,,,321 319 767 320,,,"Codeshare",507,737,2822,
- -,LHR,ARN,Scandinavian Airlines System (SK),Scandinavian Airlines System,908,02:18,,,,,73W 73H 736 73G 717,,,"Direct",507,737,4319,
- -,LHR,ARN,Thai Airways International (TG),Thai Airways International,908,02:18,,,,,73W 736 73H,,,"Codeshare",507,737,4940,
- -,LHR,ASB,Turkmenistan Airlines (T5),Turkmenistan Airlines,2944,06:23,,,,,752,,,"Direct",507,2976,5083,
- -,LHR,ATH,Aegean Airlines (A3),Aegean Airlines,1507,03:30,,,,,321 320,,,"Direct",507,3941,96,
- -,LHR,ATH,American Airlines (AA),American Airlines,1507,03:30,,,,,767 320,,,"Codeshare",507,3941,24,
- -,LHR,ATH,British Airways (BA),British Airways,1507,03:30,,,,,767 320,,,"Direct",507,3941,1355,
- -,LHR,ATH,Olympic Airlines (OA),Olympic Airlines,1507,03:30,,,,,321,,,"Codeshare",507,3941,3776,
- -,LHR,ATH,US Airways (US),US Airways,1507,03:30,,,,,321,,,"Codeshare",507,3941,5265,
- -,LHR,ATL,American Airlines (AA),American Airlines,4198,08:53,,,,,777,,,"Codeshare",507,3682,24,
- -,LHR,ATL,Air France (AF),Air France,4198,08:53,,,,,764 77L 76W,,,"Codeshare",507,3682,137,
- -,LHR,ATL,Finnair (AY),Finnair,4198,08:53,,,,,777,,,"Codeshare",507,3682,2350,
- -,LHR,ATL,British Airways (BA),British Airways,4198,08:53,,,,,777 ,,,"Direct",507,3682,1355,
- -,LHR,ATL,Delta Air Lines (DL),Delta Air Lines,4198,08:53,,,,,764 77L 76W,,,"Direct",507,3682,2009,
- -,LHR,ATL,Iberia Airlines (IB),Iberia Airlines,4198,08:53,,,,,777,,,"Codeshare",507,3682,2822,
- -,LHR,ATL,KLM Royal Dutch Airlines (KL),KLM Royal Dutch Airlines,4198,08:53,,,,,764 77L 76W,,,"Codeshare",507,3682,3090,
- -,LHR,ATL,Virgin Atlantic Airways (VS),Virgin Atlantic Airways,4198,08:53,,,,,764 77L 76W,,,"Codeshare",507,3682,5347,
- -,LHR,AUH,American Airlines (AA),American Airlines,3425,07:21,,,,,777,,,"Codeshare",507,2179,24,
- -,LHR,AUH,British Airways (BA),British Airways,3425,07:21,,,,,777,,,"Direct",507,2179,1355,
- -,LHR,AUH,Etihad Airways (EY),Etihad Airways,3425,07:21,,,,,77W 346 345,,,"Direct",507,2179,2222,
- -,LHR,AUH,Iberia Airlines (IB),Iberia Airlines,3425,07:21,,,,,777,,,"Codeshare",507,2179,2822,
- -,LHR,AUS,American Airlines (AA),American Airlines,4901,10:18,,,,,787,,,"Direct",507,3673,24,
- -,LHR,AUS,Finnair (AY),Finnair,4901,10:18,,,,,788,,,"Direct",507,3673,2350,
- -,LHR,AUS,British Airways (BA),British Airways,4901,10:18,,,,,788,,,"Direct",507,3673,1355,
- -,LHR,AUS,Iberia Airlines (IB),Iberia Airlines,4901,10:18,,,,,788,,,"Direct",507,3673,2822,
- -,LHR,BAH,American Airlines (AA),American Airlines,3163,06:49,,,,,777,,,"Codeshare",507,2057,24,
- -,LHR,BAH,British Airways (BA),British Airways,3163,06:49,,,,,777,,,"Direct",507,2057,1355,
- -,LHR,BAH,Gulf Air Bahrain (GF),Gulf Air Bahrain,3163,06:49,,,,,332 320,,,"Direct",507,2057,2638,
- -,LHR,BAH,Iberia Airlines (IB),Iberia Airlines,3163,06:49,,,,,777,,,"Codeshare",507,2057,2822,
- -,LHR,BCN,American Airlines (AA),American Airlines,712,01:55,,,,,319 320 321 767,,,"Codeshare",507,1218,24,
- -,LHR,BCN,British Airways (BA),British Airways,712,01:55,,,,,319 320 321 767,,,"Direct",507,1218,1355,
- -,LHR,BCN,Iberia Airlines (IB),Iberia Airlines,712,01:55,,,,,319 320 321,,,"Codeshare",507,1218,2822,
- -,LHR,BEG,Air Serbia (JU),Air Serbia,1056,02:36,,,,,319 733,,,"Direct",507,1739,19582,
- -,LHR,BEY,British Airways (BA),British Airways,2162,04:49,,,,,321,,,"Direct",507,2177,1355,
- -,LHR,BEY,Iberia Airlines (IB),Iberia Airlines,2162,04:49,,,,,321,,,"Codeshare",507,2177,2822,
- -,LHR,BEY,Middle East Airlines (ME),Middle East Airlines,2162,04:49,,,,,320 332,,,"Direct",507,2177,3490,
- -,LHR,BGO,American Airlines (AA),American Airlines,647,01:47,,,,,319,,,"Codeshare",507,636,24,
- -,LHR,BGO,British Airways (BA),British Airways,647,01:47,,,,,319,,,"Direct",507,636,1355,
- -,LHR,BHD,American Airlines (AA),American Airlines,312,01:07,,,,,319,,,"Codeshare",507,467,24,
- -,LHR,BHD,British Airways (BA),British Airways,312,01:07,,,,,319,,,"Direct",507,467,1355,
- -,LHR,BHD,Aer Lingus (EI),Aer Lingus,312,01:07,,,,,319,,,"Direct",507,467,837,
- -,LHR,BHD,Iberia Airlines (IB),Iberia Airlines,312,01:07,,,,,319,,,"Codeshare",507,467,2822,
- -,LHR,BIO,Iberia Airlines (IB),Iberia Airlines,575,01:39,,,,,320,,,"Direct",507,1216,2822,
- -,LHR,BIO,Formosa Airlines (VY),Formosa Airlines,575,01:39,,,,,320,,,"Direct",507,1216,2439,
- -,LHR,BKK,British Airways (BA),British Airways,5948,12:23,,,,,777,,,"Direct",507,3885,1355,
- -,LHR,BKK,EVA Air (BR),EVA Air,5948,12:23,,,,,77W,,,"Direct",507,3885,2091,
- -,LHR,BKK,Iberia Airlines (IB),Iberia Airlines,5948,12:23,,,,,777,,,"Codeshare",507,3885,2822,
- -,LHR,BKK,Thai Airways International (TG),Thai Airways International,5948,12:23,,,,,747 346,,,"Direct",507,3885,4940,
- -,LHR,BLQ,American Airlines (AA),American Airlines,722,01:56,,,,,320 319,,,"Codeshare",507,1538,24,
- -,LHR,BLQ,British Airways (BA),British Airways,722,01:56,,,,,320 319,,,"Direct",507,1538,1355,
- -,LHR,BLR,American Airlines (AA),American Airlines,4997,10:29,,,,,777,,,"Codeshare",507,3131,24,
- -,LHR,BLR,British Airways (BA),British Airways,4997,10:29,,,,,777,,,"Direct",507,3131,1355,
- -,LHR,BOM,Jet Airways (9W),Jet Airways,4479,09:27,,,,,77W,,,"Direct",507,2997,3000,
- -,LHR,BOM,American Airlines (AA),American Airlines,4479,09:27,,,,,777,,,"Codeshare",507,2997,24,
- -,LHR,BOM,Air India Limited (AI),Air India Limited,4479,09:27,,,,,788,,,"Direct",507,2997,218,
- -,LHR,BOM,British Airways (BA),British Airways,4479,09:27,,,,,777,,,"Direct",507,2997,1355,
- -,LHR,BOM,Virgin Atlantic Airways (VS),Virgin Atlantic Airways,4479,09:27,,,,,333,,,"Direct",507,2997,5347,
- -,LHR,BOS,American Airlines (AA),American Airlines,3253,07:00,,,,,744 777,,,"Codeshare",507,3448,24,
- -,LHR,BOS,Air France (AF),Air France,3253,07:00,,,,,764,,,"Codeshare",507,3448,137,
- -,LHR,BOS,Finnair (AY),Finnair,3253,07:00,,,,,744 777,,,"Direct",507,3448,2350,
- -,LHR,BOS,British Airways (BA),British Airways,3253,07:00,,,,,744 777,,,"Direct",507,3448,1355,
- -,LHR,BOS,Delta Air Lines (DL),Delta Air Lines,3253,07:00,,,,,764,,,"Direct",507,3448,2009,
- -,LHR,BOS,Iberia Airlines (IB),Iberia Airlines,3253,07:00,,,,,744 777,,,"Codeshare",507,3448,2822,
- -,LHR,BOS,KLM Royal Dutch Airlines (KL),KLM Royal Dutch Airlines,3253,07:00,,,,,767,,,"Codeshare",507,3448,3090,
- -,LHR,BOS,Transaero Airlines (UN),Transaero Airlines,3253,07:00,,,,,333,,,"Codeshare",507,3448,5067,
- -,LHR,BOS,Virgin Atlantic Airways (VS),Virgin Atlantic Airways,3253,07:00,,,,,333 764,,,"Direct",507,3448,5347,
- -,LHR,BRU,American Airlines (AA),American Airlines,217,00:56,,,,,320 319 321,,,"Codeshare",507,302,24,
- -,LHR,BRU,British Airways (BA),British Airways,217,00:56,,,,,320 319 321,,,"Direct",507,302,1355,
- -,LHR,BRU,Brussels Airlines (SN),Brussels Airlines,217,00:56,,,,,319 AR1,,,"Direct",507,302,1531,
- -,LHR,BSL,American Airlines (AA),American Airlines,446,01:23,,,,,319 321,,,"Codeshare",507,1423,24,
- -,LHR,BSL,Air Berlin (AB),Air Berlin,446,01:23,,,,,319 320 321,,,"Codeshare",507,1423,214,
- -,LHR,BSL,British Airways (BA),British Airways,446,01:23,,,,,319 320 321,,,"Direct",507,1423,1355,
- -,LHR,BUD,American Airlines (AA),American Airlines,925,02:21,,,,,320,,,"Codeshare",507,1489,24,
- -,LHR,BUD,British Airways (BA),British Airways,925,02:21,,,,,320,,,"Direct",507,1489,1355,
- -,LHR,BUD,Iberia Airlines (IB),Iberia Airlines,925,02:21,,,,,320,,,"Codeshare",507,1489,2822,
- -,LHR,BWI,American Airlines (AA),American Airlines,3622,07:44,,,,,767,,,"Codeshare",507,3849,24,
- -,LHR,BWI,Finnair (AY),Finnair,3622,07:44,,,,,767,,,"Direct",507,3849,2350,
- -,LHR,BWI,British Airways (BA),British Airways,3622,07:44,,,,,767,,,"Direct",507,3849,1355,
- -,LHR,BWI,Iberia Airlines (IB),Iberia Airlines,3622,07:44,,,,,767,,,"Codeshare",507,3849,2822,
- -,LHR,CAI,British Airways (BA),British Airways,2193,04:53,,,,,767,,,"Direct",507,1128,1355,
- -,LHR,CAI,Egyptair (MS),Egyptair,2193,04:53,,,,,333 738,,,"Direct",507,1128,2143,
- -,LHR,CAN,China Southern Airlines (CZ),China Southern Airlines,5897,12:17,,,,,787,,,"Direct",507,3370,1767,
- -,LHR,CDG,American Airlines (AA),American Airlines,215,00:55,,,,,320 319 321,,,"Codeshare",507,1382,24,
- -,LHR,CDG,Air France (AF),Air France,215,00:55,,,,,321 320 319,,,"Direct",507,1382,137,
- -,LHR,CDG,British Airways (BA),British Airways,215,00:55,,,,,320 319 321,,,"Direct",507,1382,1355,
- -,LHR,CGN,Germanwings (4U),Germanwings,331,01:09,,,,,319 320,,,"Direct",507,344,2548,
- -,LHR,CLT,American Airlines (AA),American Airlines,3980,08:27,,,,,333,,,"Direct",507,3876,24,
- -,LHR,CLT,US Airways (US),US Airways,3980,08:27,,,,,333,,,"Direct",507,3876,5265,
- -,LHR,CMB,SriLankan Airlines (UL),SriLankan Airlines,5412,11:19,,,,,332,,,"Direct",507,3024,4349,
- -,LHR,CMN,Royal Air Maroc (AT),Royal Air Maroc,1300,03:06,,,,,738,,,"Direct",507,1074,4248,
- -,LHR,CPH,American Airlines (AA),American Airlines,608,01:42,,,,,321 320 319,,,"Codeshare",507,609,24,
- -,LHR,CPH,British Airways (BA),British Airways,608,01:42,,,,,321 320 319,,,"Direct",507,609,1355,
- -,LHR,CPH,Scandinavian Airlines System (SK),Scandinavian Airlines System,608,01:42,,,,,320 321 CR9,,,"Direct",507,609,4319,
- -,LHR,CPT,American Airlines (AA),American Airlines,6012,12:31,,,,,744 777,,,"Codeshare",507,797,24,
- -,LHR,CPT,British Airways (BA),British Airways,6012,12:31,,,,,744 777,,,"Direct",507,797,1355,
- -,LHR,CTU,British Airways (BA),British Airways,5155,10:48,,,,,788,,,"Direct",507,3395,1355,
- -,LHR,DAC,Biman Bangladesh Airlines (BG),Biman Bangladesh Airlines,4977,10:27,,,,,772,,,"Direct",507,3076,1359,
- -,LHR,DEL,Jet Airways (9W),Jet Airways,4180,08:51,,,,,77W,,,"Direct",507,3093,3000,
- -,LHR,DEL,American Airlines (AA),American Airlines,4180,08:51,,,,,777,,,"Codeshare",507,3093,24,
- -,LHR,DEL,Air India Limited (AI),Air India Limited,4180,08:51,,,,,788 77W,,,"Direct",507,3093,218,
- -,LHR,DEL,British Airways (BA),British Airways,4180,08:51,,,,,777,,,"Direct",507,3093,1355,
- -,LHR,DEL,Virgin Atlantic Airways (VS),Virgin Atlantic Airways,4180,08:51,,,,,333,,,"Direct",507,3093,5347,
- -,LHR,DEN,American Airlines (AA),American Airlines,4655,09:48,,,,,777,,,"Codeshare",507,3751,24,
- -,LHR,DEN,Finnair (AY),Finnair,4655,09:48,,,,,777,,,"Direct",507,3751,2350,
- -,LHR,DEN,British Airways (BA),British Airways,4655,09:48,,,,,777,,,"Direct",507,3751,1355,
- -,LHR,DEN,Iberia Airlines (IB),Iberia Airlines,4655,09:48,,,,,777,,,"Codeshare",507,3751,2822,
- -,LHR,DFW,American Airlines (AA),American Airlines,4736,09:58,,,,,77W 777,,,"Direct",507,3670,24,
- -,LHR,DFW,Finnair (AY),Finnair,4736,09:58,,,,,77W 744,,,"Direct",507,3670,2350,
- -,LHR,DFW,British Airways (BA),British Airways,4736,09:58,,,,,744,,,"Direct",507,3670,1355,
- -,LHR,DFW,Gulf Air Bahrain (GF),Gulf Air Bahrain,4736,09:58,,,,,777,,,"Codeshare",507,3670,2638,
- -,LHR,DFW,Iberia Airlines (IB),Iberia Airlines,4736,09:58,,,,,77W 744 777,,,"Codeshare",507,3670,2822,
- -,LHR,DFW,Malaysia Airlines (MH),Malaysia Airlines,4736,09:58,,,,,777,,,"Direct",507,3670,3378,
- -,LHR,DFW,US Airways (US),US Airways,4736,09:58,,,,,77W 777,,,"Direct",507,3670,5265,
- -,LHR,DME,British Airways (BA),British Airways,1580,03:39,,,,,321 767 744,,,"Direct",507,4029,1355,
- -,LHR,DOH,Qatar Airways (QR),Qatar Airways,3255,07:00,,,,,332 333 77W 788 346 77L,,,"Direct",507,11051,4091,
- -,LHR,DOH,US Airways (US),US Airways,3255,07:00,,,,,333 77W 788 332 77L,,,"Direct",507,11051,5265,
- -,LHR,DTW,Air France (AF),Air France,3753,08:00,,,,,76W 77L,,,"Direct",507,3645,137,
- -,LHR,DTW,Delta Air Lines (DL),Delta Air Lines,3753,08:00,,,,,76W 77L,,,"Direct",507,3645,2009,
- -,LHR,DTW,KLM Royal Dutch Airlines (KL),KLM Royal Dutch Airlines,3753,08:00,,,,,76W 777,,,"Codeshare",507,3645,3090,
- -,LHR,DTW,Virgin Atlantic Airways (VS),Virgin Atlantic Airways,3753,08:00,,,,,76W 77L,,,"Direct",507,3645,5347,
- -,LHR,DUB,American Airlines (AA),American Airlines,278,01:03,,,,,319,,,"Codeshare",507,599,24,
- -,LHR,DUB,British Airways (BA),British Airways,278,01:03,,,,,319,,,"Direct",507,599,1355,
- -,LHR,DUB,Aer Lingus (EI),Aer Lingus,278,01:03,,,,,320,,,"Direct",507,599,837,
- -,LHR,DUS,American Airlines (AA),American Airlines,311,01:07,,,,,319 320,,,"Codeshare",507,345,24,
- -,LHR,DUS,British Airways (BA),British Airways,311,01:07,,,,,319 320,,,"Direct",507,345,1355,
- -,LHR,DUS,Lufthansa (LH),Lufthansa,311,01:07,,,,,320 CR9,,,"Direct",507,345,3320,
- -,LHR,DXB,American Airlines (AA),American Airlines,3414,07:19,,,,,744 777,,,"Codeshare",507,2188,24,
- -,LHR,DXB,British Airways (BA),British Airways,3414,07:19,,,,,744 777,,,"Direct",507,2188,1355,
- -,LHR,DXB,Royal Brunei Airlines (BI),Royal Brunei Airlines,3414,07:19,,,,,787,,,"Direct",507,2188,4255,
- -,LHR,DXB,Emirates (EK),Emirates,3414,07:19,,,,,388,,,"Direct",507,2188,2183,
- -,LHR,DXB,Qantas (QF),Qantas,3414,07:19,,,,,388,,,"Direct",507,2188,4089,
- -,LHR,DXB,Virgin Atlantic Airways (VS),Virgin Atlantic Airways,3414,07:19,,,,,333,,,"Direct",507,2188,5347,
- -,LHR,EBB,American Airlines (AA),American Airlines,4034,08:34,,,,,767,,,"Codeshare",507,1187,24,
- -,LHR,EBB,British Airways (BA),British Airways,4034,08:34,,,,,767,,,"Direct",507,1187,1355,
- -,LHR,EDI,American Airlines (AA),American Airlines,331,01:09,,,,,767 321 320 319,,,"Codeshare",507,535,24,
- -,LHR,EDI,British Airways (BA),British Airways,331,01:09,,,,,319 767 321 320,,,"Direct",507,535,1355,
- -,LHR,EDI,Iberia Airlines (IB),Iberia Airlines,331,01:09,,,,,320 321 319,,,"Codeshare",507,535,2822,
- -,LHR,EDI,Transaero Airlines (UN),Transaero Airlines,331,01:09,,,,,333,,,"Direct",507,535,5067,
- -,LHR,EDI,Virgin Atlantic Airways (VS),Virgin Atlantic Airways,331,01:09,,,,,320,,,"Codeshare",507,535,5347,
- -,LHR,EWR,American Airlines (AA),American Airlines,3453,07:24,,,,,777 787,,,"Codeshare",507,3494,24,
- -,LHR,EWR,Finnair (AY),Finnair,3453,07:24,,,,,777 788,,,"Direct",507,3494,2350,
- -,LHR,EWR,British Airways (BA),British Airways,3453,07:24,,,,,777 788,,,"Direct",507,3494,1355,
- -,LHR,EWR,Delta Air Lines (DL),Delta Air Lines,3453,07:24,,,,,333 346,,,"Codeshare",507,3494,2009,
- -,LHR,EWR,Iberia Airlines (IB),Iberia Airlines,3453,07:24,,,,,777 788,,,"Codeshare",507,3494,2822,
- -,LHR,EWR,Lufthansa (LH),Lufthansa,3453,07:24,,,,,763 777 752,,,"Codeshare",507,3494,3320,
- -,LHR,EWR,United Airlines (UA),United Airlines,3453,07:24,,,,,763 777 752,,,"Direct",507,3494,5209,
- -,LHR,EWR,Virgin Atlantic Airways (VS),Virgin Atlantic Airways,3453,07:24,,,,,333 346,,,"Direct",507,3494,5347,
- -,LHR,EZE,British Airways (BA),British Airways,6916,14:19,,,,,777,,,"Direct",507,3988,1355,
- -,LHR,FAO,British Airways (BA),British Airways,1063,02:37,,,,,320,,,"Direct",507,1626,1355,
- -,LHR,FCO,American Airlines (AA),American Airlines,896,02:17,,,,,321 320 319,,,"Codeshare",507,1555,24,
- -,LHR,FCO,Alitalia (AZ),Alitalia,896,02:17,,,,,32S 321 320,,,"Direct",507,1555,596,
- -,LHR,FCO,British Airways (BA),British Airways,896,02:17,,,,,767 321 320 319,,,"Direct",507,1555,1355,
- -,LHR,FNA,British Airways (BA),British Airways,3046,06:35,,,,,767,,,"Direct",507,1059,1355,
- -,LHR,FRA,American Airlines (AA),American Airlines,406,01:18,,,,,319 320,,,"Codeshare",507,340,24,
- -,LHR,FRA,Air Berlin (AB),Air Berlin,406,01:18,,,,,767 319 320,,,"Codeshare",507,340,214,
- -,LHR,FRA,British Airways (BA),British Airways,406,01:18,,,,,767 319 320,,,"Direct",507,340,1355,
- -,LHR,FRA,Lufthansa (LH),Lufthansa,406,01:18,,,,,319 320 32A 321 733,,,"Direct",507,340,3320,
- -,LHR,GIB,American Airlines (AA),American Airlines,1084,02:40,,,,,320,,,"Codeshare",507,1738,24,
- -,LHR,GIB,British Airways (BA),British Airways,1084,02:40,,,,,320,,,"Direct",507,1738,1355,
- -,LHR,GIG,British Airways (BA),British Airways,5746,11:59,,,,,777,,,"Direct",507,2560,1355,
- -,LHR,GLA,American Airlines (AA),American Airlines,344,01:11,,,,,319 320 321 767,,,"Codeshare",507,534,24,
- -,LHR,GLA,British Airways (BA),British Airways,344,01:11,,,,,320 319 321 767,,,"Direct",507,534,1355,
- -,LHR,GLA,Iberia Airlines (IB),Iberia Airlines,344,01:11,,,,,320 319 321 767,,,"Codeshare",507,534,2822,
- -,LHR,GOT,American Airlines (AA),American Airlines,663,01:49,,,,,320 321 319,,,"Codeshare",507,687,24,
- -,LHR,GOT,British Airways (BA),British Airways,663,01:49,,,,,320 321 319,,,"Direct",507,687,1355,
- -,LHR,GOT,Iberia Airlines (IB),Iberia Airlines,663,01:49,,,,,320,,,"Codeshare",507,687,2822,
- -,LHR,GOT,Scandinavian Airlines System (SK),Scandinavian Airlines System,663,01:49,,,,,73H 73W 736,,,"Direct",507,687,4319,
- -,LHR,GRU,British Airways (BA),British Airways,5874,12:14,,,,,744,,,"Direct",507,2564,1355,
- -,LHR,GRU,TAM Brazilian Airlines (JJ),TAM Brazilian Airlines,5874,12:14,,,,,773,,,"Direct",507,2564,4867,
- -,LHR,GVA,American Airlines (AA),American Airlines,468,01:26,,,,,319 320 321,,,"Codeshare",507,1665,24,
- -,LHR,GVA,British Airways (BA),British Airways,468,01:26,,,,,319 320 321,,,"Direct",507,1665,1355,
- -,LHR,GVA,Swiss International Air Lines (LX),Swiss International Air Lines,468,01:26,,,,,320 319,,,"Direct",507,1665,4559,
- -,LHR,GYD,British Airways (BA),British Airways,2485,05:28,,,,,321,,,"Direct",507,2922,1355,
- -,LHR,GYD,Azerbaijan Airlines (J2),Azerbaijan Airlines,2485,05:28,,,,,767,,,"Direct",507,2922,197,
- -,LHR,HAJ,American Airlines (AA),American Airlines,436,01:22,,,,,319,,,"Codeshare",507,352,24,
- -,LHR,HAJ,Air Berlin (AB),Air Berlin,436,01:22,,,,,319,,,"Codeshare",507,352,214,
- -,LHR,HAJ,British Airways (BA),British Airways,436,01:22,,,,,319,,,"Direct",507,352,1355,
- -,LHR,HAM,Germanwings (4U),Germanwings,462,01:25,,,,,319 CRJ,,,"Direct",507,342,2548,
- -,LHR,HAM,American Airlines (AA),American Airlines,462,01:25,,,,,321 319 320,,,"Codeshare",507,342,24,
- -,LHR,HAM,Air Berlin (AB),Air Berlin,462,01:25,,,,,319 321 320,,,"Codeshare",507,342,214,
- -,LHR,HAM,British Airways (BA),British Airways,462,01:25,,,,,319 321 320,,,"Direct",507,342,1355,
- -,LHR,HEL,American Airlines (AA),American Airlines,1147,02:47,,,,,320,,,"Codeshare",507,421,24,
- -,LHR,HEL,Finnair (AY),Finnair,1147,02:47,,,,,320 32B 321,,,"Direct",507,421,2350,
- -,LHR,HEL,British Airways (BA),British Airways,1147,02:47,,,,,320,,,"Direct",507,421,1355,
- -,LHR,HEL,Malaysia Airlines (MH),Malaysia Airlines,1147,02:47,,,,,320 321,,,"Codeshare",507,421,3378,
- -,LHR,HKG,British Airways (BA),British Airways,5980,12:27,,,,,388 777,,,"Direct",507,3077,1355,
- -,LHR,HKG,Cathay Pacific (CX),Cathay Pacific,5980,12:27,,,,,77W,,,"Direct",507,3077,1680,
- -,LHR,HKG,Virgin Atlantic Airways (VS),Virgin Atlantic Airways,5980,12:27,,,,,346,,,"Direct",507,3077,5347,
- -,LHR,HND,British Airways (BA),British Airways,5956,12:24,,,,,777 773,,,"Direct",507,2359,1355,
- -,LHR,HND,Japan Airlines (JL),Japan Airlines,5956,12:24,,,,,773,,,"Direct",507,2359,2987,
- -,LHR,HND,All Nippon Airways (NH),All Nippon Airways,5956,12:24,,,,,77W,,,"Direct",507,2359,324,
- -,LHR,HND,Virgin Atlantic Airways (VS),Virgin Atlantic Airways,5956,12:24,,,,,77W,,,"Direct",507,2359,5347,
- -,LHR,IAD,American Airlines (AA),American Airlines,3665,07:49,,,,,744 777,,,"Codeshare",507,3714,24,
- -,LHR,IAD,Finnair (AY),Finnair,3665,07:49,,,,,744 777,,,"Direct",507,3714,2350,
- -,LHR,IAD,British Airways (BA),British Airways,3665,07:49,,,,,744 777,,,"Direct",507,3714,1355,
- -,LHR,IAD,Delta Air Lines (DL),Delta Air Lines,3665,07:49,,,,,333,,,"Codeshare",507,3714,2009,
- -,LHR,IAD,Iberia Airlines (IB),Iberia Airlines,3665,07:49,,,,,744 777,,,"Codeshare",507,3714,2822,
- -,LHR,IAD,Lufthansa (LH),Lufthansa,3665,07:49,,,,,752 777,,,"Codeshare",507,3714,3320,
- -,LHR,IAD,United Airlines (UA),United Airlines,3665,07:49,,,,,752 777,,,"Direct",507,3714,5209,
- -,LHR,IAD,Virgin Atlantic Airways (VS),Virgin Atlantic Airways,3665,07:49,,,,,333,,,"Direct",507,3714,5347,
- -,LHR,IAH,American Airlines (AA),American Airlines,4820,10:08,,,,,744 777,,,"Codeshare",507,3550,24,
- -,LHR,IAH,Finnair (AY),Finnair,4820,10:08,,,,,744 777,,,"Direct",507,3550,2350,
- -,LHR,IAH,British Airways (BA),British Airways,4820,10:08,,,,,744 777,,,"Direct",507,3550,1355,
- -,LHR,IAH,Iberia Airlines (IB),Iberia Airlines,4820,10:08,,,,,744 777,,,"Codeshare",507,3550,2822,
- -,LHR,IAH,Lufthansa (LH),Lufthansa,4820,10:08,,,,,763 788,,,"Codeshare",507,3550,3320,
- -,LHR,IAH,United Airlines (UA),United Airlines,4820,10:08,,,,,763 788,,,"Direct",507,3550,5209,
- -,LHR,IBZ,British Airways (BA),British Airways,874,02:14,,,,,319 320,,,"Direct",507,1225,1355,
- -,LHR,IBZ,Iberia Airlines (IB),Iberia Airlines,874,02:14,,,,,319 320,,,"Direct",507,1225,2822,
- -,LHR,ICN,British Airways (BA),British Airways,5502,11:30,,,,,777,,,"Direct",507,3930,1355,
- -,LHR,ICN,Korean Air (KE),Korean Air,5502,11:30,,,,,77W,,,"Direct",507,3930,3163,
- -,LHR,ICN,Asiana Airlines (OZ),Asiana Airlines,5502,11:30,,,,,77L,,,"Direct",507,3930,28,
- -,LHR,IKA,Iran Air (IR),Iran Air,2746,05:59,,,,,AB6,,,"Direct",507,4330,2922,
- -,LHR,ISL,American Airlines (AA),American Airlines,1560,03:37,,,,,767 320,,,"Codeshare",507,1701,24,
- -,LHR,ISL,British Airways (BA),British Airways,1560,03:37,,,,,320 767,,,"Direct",507,1701,1355,
- -,LHR,ISL,Turkish Airlines (TK),Turkish Airlines,1560,03:37,,,,,321 77W,,,"Direct",507,1701,4951,
- -,LHR,JED,British Airways (BA),British Airways,2948,06:23,,,,,777,,,"Direct",507,2072,1355,
- -,LHR,JED,Saudi Arabian Airlines (SV),Saudi Arabian Airlines,2948,06:23,,,,,777 773,,,"Direct",507,2072,4533,
- -,LHR,JFK,American Airlines (AA),American Airlines,3440,07:22,,,,,77W 777,,,"Direct",507,3797,24,
- -,LHR,JFK,Air France (AF),Air France,3440,07:22,,,,,76W 764,,,"Codeshare",507,3797,137,
- -,LHR,JFK,Air India Limited (AI),Air India Limited,3440,07:22,,,,,772,,,"Codeshare",507,3797,218,
- -,LHR,JFK,Finnair (AY),Finnair,3440,07:22,,,,,744 77W 777,,,"Direct",507,3797,2350,
- -,LHR,JFK,British Airways (BA),British Airways,3440,07:22,,,,,744 777,,,"Direct",507,3797,1355,
- -,LHR,JFK,Delta Air Lines (DL),Delta Air Lines,3440,07:22,,,,,76W 764,,,"Direct",507,3797,2009,
- -,LHR,JFK,Iberia Airlines (IB),Iberia Airlines,3440,07:22,,,,,744 77W 777,,,"Codeshare",507,3797,2822,
- -,LHR,JFK,KLM Royal Dutch Airlines (KL),KLM Royal Dutch Airlines,3440,07:22,,,,,76W 767,,,"Codeshare",507,3797,3090,
- -,LHR,JFK,Kuwait Airways (KU),Kuwait Airways,3440,07:22,,,,,777,,,"Direct",507,3797,3179,
- -,LHR,JFK,Malaysia Airlines (MH),Malaysia Airlines,3440,07:22,,,,,777,,,"Direct",507,3797,3378,
- -,LHR,JFK,US Airways (US),US Airways,3440,07:22,,,,,77W,,,"Direct",507,3797,5265,
- -,LHR,JFK,Virgin Atlantic Airways (VS),Virgin Atlantic Airways,3440,07:22,,,,,346 744 333,,,"Direct",507,3797,5347,
- -,LHR,JMK,British Airways (BA),British Airways,1585,03:40,,,,,320,,,"Direct",507,1468,1355,
- -,LHR,JNB,American Airlines (AA),American Airlines,5635,11:46,,,,,380 744,,,"Codeshare",507,813,24,
- -,LHR,JNB,British Airways (BA),British Airways,5635,11:46,,,,,388 744,,,"Direct",507,813,1355,
- -,LHR,JNB,South African Airways (SA),South African Airways,5635,11:46,,,,,332 343,,,"Direct",507,813,4305,
- -,LHR,JNB,Transaero Airlines (UN),Transaero Airlines,5635,11:46,,,,,346,,,"Direct",507,813,5067,
- -,LHR,JNB,US Airways (US),US Airways,5635,11:46,,,,,332 343,,,"Direct",507,813,5265,
- -,LHR,JNB,Virgin Atlantic Airways (VS),Virgin Atlantic Airways,5635,11:46,,,,,346,,,"Direct",507,813,5347,
- -,LHR,JTR,British Airways (BA),British Airways,1642,03:47,,,,,320,,,"Direct",507,1479,1355,
- -,LHR,KBP,British Airways (BA),British Airways,1357,03:12,,,,,320,,,"Direct",507,2939,1355,
- -,LHR,KEF,Icelandair (FI),Icelandair,1176,02:51,,,,,75W,,,"Direct",507,16,2835,
- -,LHR,KHI,Pakistan International Airlines (PK),Pakistan International Airlines,3936,08:22,,,,,777,,,"Direct",507,2206,3871,
- -,LHR,KUL,American Airlines (AA),American Airlines,6586,13:40,,,,,380,,,"Direct",507,3304,24,
- -,LHR,KUL,Malaysia Airlines (MH),Malaysia Airlines,6586,13:40,,,,,380,,,"Direct",507,3304,3378,
- -,LHR,KWI,American Airlines (AA),American Airlines,2903,06:18,,,,,744,,,"Codeshare",507,2176,24,
- -,LHR,KWI,British Airways (BA),British Airways,2903,06:18,,,,,744,,,"Direct",507,2176,1355,
- -,LHR,KWI,Kuwait Airways (KU),Kuwait Airways,2903,06:18,,,,,AB6 777,,,"Direct",507,2176,3179,
- -,LHR,LAD,British Airways (BA),British Airways,4245,08:59,,,,,777,,,"Direct",507,951,1355,
- -,LHR,LAS,American Airlines (AA),American Airlines,5213,10:55,,,,,744,,,"Codeshare",507,3877,24,
- -,LHR,LAS,Finnair (AY),Finnair,5213,10:55,,,,,744,,,"Direct",507,3877,2350,
- -,LHR,LAS,British Airways (BA),British Airways,5213,10:55,,,,,744,,,"Direct",507,3877,1355,
- -,LHR,LAS,Iberia Airlines (IB),Iberia Airlines,5213,10:55,,,,,744,,,"Codeshare",507,3877,2822,
- -,LHR,LAX,American Airlines (AA),American Airlines,5439,11:22,,,,,77W,,,"Direct",507,3484,24,
- -,LHR,LAX,Finnair (AY),Finnair,5439,11:22,,,,,744 388,,,"Direct",507,3484,2350,
- -,LHR,LAX,British Airways (BA),British Airways,5439,11:22,,,,,744 388,,,"Direct",507,3484,1355,
- -,LHR,LAX,Delta Air Lines (DL),Delta Air Lines,5439,11:22,,,,,346 343 744,,,"Codeshare",507,3484,2009,
- -,LHR,LAX,Iberia Airlines (IB),Iberia Airlines,5439,11:22,,,,,744 77W 388,,,"Codeshare",507,3484,2822,
- -,LHR,LAX,Lufthansa (LH),Lufthansa,5439,11:22,,,,,777,,,"Codeshare",507,3484,3320,
- -,LHR,LAX,Air New Zealand (NZ),Air New Zealand,5439,11:22,,,,,773,,,"Direct",507,3484,345,
- -,LHR,LAX,United Airlines (UA),United Airlines,5439,11:22,,,,,777,,,"Direct",507,3484,5209,
- -,LHR,LAX,Transaero Airlines (UN),Transaero Airlines,5439,11:22,,,,,346,,,"Codeshare",507,3484,5067,
- -,LHR,LAX,US Airways (US),US Airways,5439,11:22,,,,,77W,,,"Direct",507,3484,5265,
- -,LHR,LAX,Virgin Atlantic Airways (VS),Virgin Atlantic Airways,5439,11:22,,,,,346 343 744,,,"Direct",507,3484,5347,
- -,LHR,LBA,American Airlines (AA),American Airlines,172,00:50,,,,,319,,,"Codeshare",507,517,24,
- -,LHR,LBA,British Airways (BA),British Airways,172,00:50,,,,,319,,,"Direct",507,517,1355,
- -,LHR,LBA,Iberia Airlines (IB),Iberia Airlines,172,00:50,,,,,319,,,"Codeshare",507,517,2822,
- -,LHR,LCA,American Airlines (AA),American Airlines,2035,04:34,,,,,767,,,"Codeshare",507,1197,24,
- -,LHR,LCA,British Airways (BA),British Airways,2035,04:34,,,,,767,,,"Direct",507,1197,1355,
- -,LHR,LCA,Cyprus Airways (CY),Cyprus Airways,2035,04:34,,,,,320,,,"Direct",507,1197,1942,
- -,LHR,LCG,Iberia Airlines (IB),Iberia Airlines,673,01:50,,,,,320,,,"Direct",507,1220,2822,
- -,LHR,LCG,Formosa Airlines (VY),Formosa Airlines,673,01:50,,,,,320,,,"Direct",507,1220,2439,
- -,LHR,LED,British Airways (BA),British Airways,1312,03:07,,,,,321,,,"Direct",507,2948,1355,
- -,LHR,LHE,Pakistan International Airlines (PK),Pakistan International Airlines,3921,08:20,,,,,777,,,"Direct",507,2207,3871,
- -,LHR,LIN,American Airlines (AA),American Airlines,608,01:42,,,,,319 320 321,,,"Codeshare",507,1529,24,
- -,LHR,LIN,Alitalia (AZ),Alitalia,608,01:42,,,,,32S 320 321,,,"Direct",507,1529,596,
- -,LHR,LIN,British Airways (BA),British Airways,608,01:42,,,,,319 320 321,,,"Direct",507,1529,1355,
- -,LHR,LIN,Air Baltic (BT),Air Baltic,608,01:42,,,,,319,,,"Direct",507,1529,333,
- -,LHR,LIS,American Airlines (AA),American Airlines,971,02:26,,,,,320,,,"Codeshare",507,1638,24,
- -,LHR,LIS,Finnair (AY),Finnair,971,02:26,,,,,320,,,"Codeshare",507,1638,2350,
- -,LHR,LIS,British Airways (BA),British Airways,971,02:26,,,,,320,,,"Direct",507,1638,1355,
- -,LHR,LIS,All Nippon Airways (NH),All Nippon Airways,971,02:26,,,,,320 321 319,,,"Codeshare",507,1638,324,
- -,LHR,LIS,SATA International (S4),SATA International,971,02:26,,,,,319,,,"Codeshare",507,1638,4304,
- -,LHR,LIS,TAP Portugal (TP),TAP Portugal,971,02:26,,,,,319 320 321,,,"Direct",507,1638,4869,
- -,LHR,LIS,US Airways (US),US Airways,971,02:26,,,,,319 320,,,"Codeshare",507,1638,5265,
- -,LHR,LOS,British Airways (BA),British Airways,3107,06:42,,,,,744,,,"Direct",507,273,1355,
- -,LHR,LOS,Virgin Atlantic Airways (VS),Virgin Atlantic Airways,3107,06:42,,,,,346,,,"Direct",507,273,5347,
- -,LHR,LOS,World Scale Airlines (W3),World Scale Airlines,3107,06:42,,,,,332,,,"Codeshare",507,273,20976,
- -,LHR,LUX,American Airlines (AA),American Airlines,318,01:08,,,,,319,,,"Codeshare",507,629,24,
- -,LHR,LUX,British Airways (BA),British Airways,318,01:08,,,,,319,,,"Direct",507,629,1355,
- -,LHR,LXR,Egyptair (MS),Egyptair,2487,05:28,,,,,738,,,"Direct",507,1132,2143,
- -,LHR,LYS,American Airlines (AA),American Airlines,470,01:26,,,,,319,,,"Codeshare",507,1335,24,
- -,LHR,LYS,British Airways (BA),British Airways,470,01:26,,,,,319,,,"Direct",507,1335,1355,
- -,LHR,MAA,American Airlines (AA),American Airlines,5114,10:43,,,,,777,,,"Codeshare",507,3144,24,
- -,LHR,MAA,British Airways (BA),British Airways,5114,10:43,,,,,777,,,"Direct",507,3144,1355,
- -,LHR,MAD,British Airways (BA),British Airways,773,02:02,,,,,767 320 319 321,,,"Direct",507,1229,1355,
- -,LHR,MAD,Iberia Airlines (IB),Iberia Airlines,773,02:02,,,,,321 320 343 333,,,"Direct",507,1229,2822,
- -,LHR,MAN,American Airlines (AA),American Airlines,150,00:48,,,,,319 320 321,,,"Codeshare",507,478,24,
- -,LHR,MAN,British Airways (BA),British Airways,150,00:48,,,,,319 320 321,,,"Direct",507,478,1355,
- -,LHR,MAN,Iberia Airlines (IB),Iberia Airlines,150,00:48,,,,,320 319 321,,,"Codeshare",507,478,2822,
- -,LHR,MAN,Transaero Airlines (UN),Transaero Airlines,150,00:48,,,,,333,,,"Direct",507,478,5067,
- -,LHR,MAN,Virgin Atlantic Airways (VS),Virgin Atlantic Airways,150,00:48,,,,,320,,,"Codeshare",507,478,5347,
- -,LHR,MCT,Oman Air (WY),Oman Air,3622,07:44,,,,,333,,,"Direct",507,2194,3778,
- -,LHR,MEX,AeroMéxico (AM),AeroMéxico,5529,11:33,,,,,763 787,,,"Direct",507,1824,321,
- -,LHR,MEX,British Airways (BA),British Airways,5529,11:33,,,,,744,,,"Direct",507,1824,1355,
- -,LHR,MEX,Iberia Airlines (IB),Iberia Airlines,5529,11:33,,,,,744,,,"Codeshare",507,1824,2822,
- -,LHR,MIA,American Airlines (AA),American Airlines,4414,09:19,,,,,77W 777,,,"Direct",507,3576,24,
- -,LHR,MIA,Finnair (AY),Finnair,4414,09:19,,,,,744 777,,,"Direct",507,3576,2350,
- -,LHR,MIA,British Airways (BA),British Airways,4414,09:19,,,,,744,,,"Direct",507,3576,1355,
- -,LHR,MIA,Delta Air Lines (DL),Delta Air Lines,4414,09:19,,,,,744 333,,,"Codeshare",507,3576,2009,
- -,LHR,MIA,Iberia Airlines (IB),Iberia Airlines,4414,09:19,,,,,77W 744 777,,,"Codeshare",507,3576,2822,
- -,LHR,MIA,US Airways (US),US Airways,4414,09:19,,,,,77W 777,,,"Direct",507,3576,5265,
- -,LHR,MIA,Virgin Atlantic Airways (VS),Virgin Atlantic Airways,4414,09:19,,,,,744 333,,,"Direct",507,3576,5347,
- -,LHR,MLA,Air Malta (KM),Air Malta,1305,03:06,,,,,320 319,,,"Direct",507,1606,242,
- -,LHR,MNL,Philippine Airlines (PR),Philippine Airlines,6686,13:52,,,,,773,,,"Direct",507,2397,3952,
- -,LHR,MRS,American Airlines (AA),American Airlines,614,01:43,,,,,319 320,,,"Codeshare",507,1353,24,
- -,LHR,MRS,British Airways (BA),British Airways,614,01:43,,,,,319 320,,,"Direct",507,1353,1355,
- -,LHR,MRU,Air Mauritius (MK),Air Mauritius,6076,12:39,,,,,343,,,"Direct",507,893,1057,
- -,LHR,MSP,Air France (AF),Air France,4001,08:30,,,,,764,,,"Codeshare",507,3858,137,
- -,LHR,MSP,Delta Air Lines (DL),Delta Air Lines,4001,08:30,,,,,764,,,"Direct",507,3858,2009,
- -,LHR,MSP,KLM Royal Dutch Airlines (KL),KLM Royal Dutch Airlines,4001,08:30,,,,,767,,,"Codeshare",507,3858,3090,
- -,LHR,MSP,Virgin Atlantic Airways (VS),Virgin Atlantic Airways,4001,08:30,,,,,764,,,"Direct",507,3858,5347,
- -,LHR,MUC,American Airlines (AA),American Airlines,584,01:40,,,,,320 321 319,,,"Codeshare",507,346,24,
- -,LHR,MUC,Air Berlin (AB),Air Berlin,584,01:40,,,,,320 321 319,,,"Codeshare",507,346,214,
- -,LHR,MUC,British Airways (BA),British Airways,584,01:40,,,,,320 321 319,,,"Direct",507,346,1355,
- -,LHR,MUC,Lufthansa (LH),Lufthansa,584,01:40,,,,,319 320 321,,,"Direct",507,346,3320,
- -,LHR,MXP,American Airlines (AA),American Airlines,581,01:39,,,,,319 320 321,,,"Codeshare",507,1524,24,
- -,LHR,MXP,British Airways (BA),British Airways,581,01:39,,,,,319 320 321,,,"Direct",507,1524,1355,
- -,LHR,NAS,British Airways (BA),British Airways,4332,09:09,,,,,767,,,"Direct",507,1953,1355,
- -,LHR,NBO,American Airlines (AA),American Airlines,4248,08:59,,,,,744,,,"Codeshare",507,4059,24,
- -,LHR,NBO,British Airways (BA),British Airways,4248,08:59,,,,,744,,,"Direct",507,4059,1355,
- -,LHR,NBO,Kenya Airways (KQ),Kenya Airways,4248,08:59,,,,,772,,,"Direct",507,4059,3126,
- -,LHR,NCE,American Airlines (AA),American Airlines,646,01:47,,,,,320 321 319,,,"Codeshare",507,1354,24,
- -,LHR,NCE,British Airways (BA),British Airways,646,01:47,,,,,320 321 319,,,"Direct",507,1354,1355,
- -,LHR,NCL,American Airlines (AA),American Airlines,251,01:00,,,,,321 320 319,,,"Codeshare",507,521,24,
- -,LHR,NCL,British Airways (BA),British Airways,251,01:00,,,,,319 321 320,,,"Direct",507,521,1355,
- -,LHR,NCL,Iberia Airlines (IB),Iberia Airlines,251,01:00,,,,,320 319,,,"Codeshare",507,521,2822,
- -,LHR,NRT,British Airways (BA),British Airways,5956,12:24,,,,,777,,,"Direct",507,2279,1355,
- -,LHR,NRT,Japan Airlines (JL),Japan Airlines,5956,12:24,,,,,777,,,"Codeshare",507,2279,2987,
- -,LHR,NRT,All Nippon Airways (NH),All Nippon Airways,5956,12:24,,,,,346 343,,,"Direct",507,2279,324,
- -,LHR,NRT,Virgin Atlantic Airways (VS),Virgin Atlantic Airways,5956,12:24,,,,,346 343,,,"Direct",507,2279,5347,
- -,LHR,OPO,British Airways (BA),British Airways,806,02:06,,,,,320 319,,,"Direct",507,1636,1355,
- -,LHR,ORD,American Airlines (AA),American Airlines,3939,08:22,,,,,763 777,,,"Direct",507,3830,24,
- -,LHR,ORD,Finnair (AY),Finnair,3939,08:22,,,,,763 744 777,,,"Direct",507,3830,2350,
- -,LHR,ORD,British Airways (BA),British Airways,3939,08:22,,,,,744 777,,,"Direct",507,3830,1355,
- -,LHR,ORD,Delta Air Lines (DL),Delta Air Lines,3939,08:22,,,,,343,,,"Codeshare",507,3830,2009,
- -,LHR,ORD,Iberia Airlines (IB),Iberia Airlines,3939,08:22,,,,,763 777 744,,,"Codeshare",507,3830,2822,
- -,LHR,ORD,Lufthansa (LH),Lufthansa,3939,08:22,,,,,763,,,"Codeshare",507,3830,3320,
- -,LHR,ORD,United Airlines (UA),United Airlines,3939,08:22,,,,,763,,,"Direct",507,3830,5209,
- -,LHR,ORD,US Airways (US),US Airways,3939,08:22,,,,,763 777,,,"Direct",507,3830,5265,
- -,LHR,ORD,Virgin Atlantic Airways (VS),Virgin Atlantic Airways,3939,08:22,,,,,343,,,"Direct",507,3830,5347,
- -,LHR,ORK,Aer Lingus (EI),Aer Lingus,344,01:11,,,,,320,,,"Direct",507,596,837,
- -,LHR,ORY,Air Berlin (AB),Air Berlin,227,00:57,,,,,320 319,,,"Codeshare",507,1386,214,
- -,LHR,ORY,British Airways (BA),British Airways,227,00:57,,,,,319 320,,,"Direct",507,1386,1355,
- -,LHR,ORY,Iberia Airlines (IB),Iberia Airlines,227,00:57,,,,,319 320,,,"Codeshare",507,1386,2822,
- -,LHR,OSL,American Airlines (AA),American Airlines,743,01:59,,,,,319 320 321,,,"Codeshare",507,644,24,
- -,LHR,OSL,British Airways (BA),British Airways,743,01:59,,,,,319 320 321,,,"Direct",507,644,1355,
- -,LHR,OSL,Iberia Airlines (IB),Iberia Airlines,743,01:59,,,,,319 320 321,,,"Codeshare",507,644,2822,
- -,LHR,OSL,Scandinavian Airlines System (SK),Scandinavian Airlines System,743,01:59,,,,,738 73G 73H 736 73W,,,"Direct",507,644,4319,
- -,LHR,OTP,American Airlines (AA),American Airlines,1306,03:06,,,,,320,,,"Codeshare",507,1657,24,
- -,LHR,OTP,British Airways (BA),British Airways,1306,03:06,,,,,320,,,"Direct",507,1657,1355,
- -,LHR,OTP,Tarom (RO),Tarom,1306,03:06,,,,,318,,,"Direct",507,1657,5179,
- -,LHR,PEK,British Airways (BA),British Airways,5063,10:37,,,,,744,,,"Direct",507,3364,1355,
- -,LHR,PEK,Air China (CA),Air China,5063,10:37,,,,,773,,,"Direct",507,3364,751,
- -,LHR,PEK,Virgin Atlantic Airways (VS),Virgin Atlantic Airways,5063,10:37,,,,,773,,,"Codeshare",507,3364,5347,
- -,LHR,PHL,American Airlines (AA),American Airlines,3533,07:33,,,,,333,,,"Direct",507,3752,24,
- -,LHR,PHL,Finnair (AY),Finnair,3533,07:33,,,,,777 767,,,"Direct",507,3752,2350,
- -,LHR,PHL,British Airways (BA),British Airways,3533,07:33,,,,,777 767,,,"Direct",507,3752,1355,
- -,LHR,PHL,Iberia Airlines (IB),Iberia Airlines,3533,07:33,,,,,777 767,,,"Codeshare",507,3752,2822,
- -,LHR,PHL,US Airways (US),US Airways,3533,07:33,,,,,333,,,"Direct",507,3752,5265,
- -,LHR,PHX,American Airlines (AA),American Airlines,5255,11:00,,,,,744,,,"Codeshare",507,3462,24,
- -,LHR,PHX,Finnair (AY),Finnair,5255,11:00,,,,,744,,,"Direct",507,3462,2350,
- -,LHR,PHX,British Airways (BA),British Airways,5255,11:00,,,,,744,,,"Direct",507,3462,1355,
- -,LHR,PHX,Iberia Airlines (IB),Iberia Airlines,5255,11:00,,,,,744,,,"Codeshare",507,3462,2822,
- -,LHR,PMI,British Airways (BA),British Airways,837,02:10,,,,,319 320,,,"Direct",507,3998,1355,
- -,LHR,PMI,Iberia Airlines (IB),Iberia Airlines,837,02:10,,,,,319 320,,,"Codeshare",507,3998,2822,
- -,LHR,PRG,American Airlines (AA),American Airlines,648,01:47,,,,,320,,,"Codeshare",507,1587,24,
- -,LHR,PRG,British Airways (BA),British Airways,648,01:47,,,,,320,,,"Direct",507,1587,1355,
- -,LHR,PSA,American Airlines (AA),American Airlines,736,01:58,,,,,320 321,,,"Codeshare",507,1562,24,
- -,LHR,PSA,British Airways (BA),British Airways,736,01:58,,,,,320 321,,,"Direct",507,1562,1355,
- -,LHR,PVG,British Airways (BA),British Airways,5739,11:58,,,,,777,,,"Direct",507,3406,1355,
- -,LHR,PVG,Air China (CA),Air China,5739,11:58,,,,,346,,,"Codeshare",507,3406,751,
- -,LHR,PVG,China Eastern Airlines (MU),China Eastern Airlines,5739,11:58,,,,,332,,,"Direct",507,3406,1758,
- -,LHR,PVG,Virgin Atlantic Airways (VS),Virgin Atlantic Airways,5739,11:58,,,,,346,,,"Direct",507,3406,5347,
- -,LHR,RDU,American Airlines (AA),American Airlines,3860,08:13,,,,,763,,,"Direct",507,3626,24,
- -,LHR,RDU,Finnair (AY),Finnair,3860,08:13,,,,,763,,,"Codeshare",507,3626,2350,
- -,LHR,RDU,British Airways (BA),British Airways,3860,08:13,,,,,763,,,"Codeshare",507,3626,1355,
- -,LHR,RDU,Iberia Airlines (IB),Iberia Airlines,3860,08:13,,,,,763,,,"Codeshare",507,3626,2822,
- -,LHR,RDU,Malaysia Airlines (MH),Malaysia Airlines,3860,08:13,,,,,763,,,"Direct",507,3626,3378,
- -,LHR,RDU,US Airways (US),US Airways,3860,08:13,,,,,763,,,"Direct",507,3626,5265,
- -,LHR,RJK,Croatia Airlines (OU),Croatia Airlines,811,02:07,,,,,320,,,"Direct",507,1205,1925,
- -,LHR,RTM,American Airlines (AA),American Airlines,212,00:55,,,,,319,,,"Codeshare",507,591,24,
- -,LHR,RTM,British Airways (BA),British Airways,212,00:55,,,,,319,,,"Direct",507,591,1355,
- -,LHR,RUH,British Airways (BA),British Airways,3068,06:38,,,,,744 777,,,"Direct",507,2082,1355,
- -,LHR,RUH,Iberia Airlines (IB),Iberia Airlines,3068,06:38,,,,,777 744,,,"Codeshare",507,2082,2822,
- -,LHR,RUH,Saudi Arabian Airlines (SV),Saudi Arabian Airlines,3068,06:38,,,,,777,,,"Direct",507,2082,4533,
- -,LHR,SAN,American Airlines (AA),American Airlines,5469,11:26,,,,,777,,,"Codeshare",507,3731,24,
- -,LHR,SAN,Finnair (AY),Finnair,5469,11:26,,,,,777,,,"Direct",507,3731,2350,
- -,LHR,SAN,British Airways (BA),British Airways,5469,11:26,,,,,777,,,"Direct",507,3731,1355,
- -,LHR,SAN,Iberia Airlines (IB),Iberia Airlines,5469,11:26,,,,,777,,,"Codeshare",507,3731,2822,
- -,LHR,SEA,American Airlines (AA),American Airlines,4783,10:03,,,,,777,,,"Direct",507,3577,24,
- -,LHR,SEA,Air France (AF),Air France,4783,10:03,,,,,76W,,,"Direct",507,3577,137,
- -,LHR,SEA,Finnair (AY),Finnair,4783,10:03,,,,,744 777,,,"Direct",507,3577,2350,
- -,LHR,SEA,British Airways (BA),British Airways,4783,10:03,,,,,744 777,,,"Direct",507,3577,1355,
- -,LHR,SEA,Delta Air Lines (DL),Delta Air Lines,4783,10:03,,,,,76W,,,"Direct",507,3577,2009,
- -,LHR,SEA,Iberia Airlines (IB),Iberia Airlines,4783,10:03,,,,,744,,,"Codeshare",507,3577,2822,
- -,LHR,SEA,KLM Royal Dutch Airlines (KL),KLM Royal Dutch Airlines,4783,10:03,,,,,76W,,,"Codeshare",507,3577,3090,
- -,LHR,SEA,Virgin Atlantic Airways (VS),Virgin Atlantic Airways,4783,10:03,,,,,76W,,,"Direct",507,3577,5347,
- -,LHR,SFO,American Airlines (AA),American Airlines,5350,11:12,,,,,744,,,"Codeshare",507,3469,24,
- -,LHR,SFO,Finnair (AY),Finnair,5350,11:12,,,,,744,,,"Direct",507,3469,2350,
- -,LHR,SFO,British Airways (BA),British Airways,5350,11:12,,,,,744,,,"Direct",507,3469,1355,
- -,LHR,SFO,Delta Air Lines (DL),Delta Air Lines,5350,11:12,,,,,744,,,"Codeshare",507,3469,2009,
- -,LHR,SFO,Iberia Airlines (IB),Iberia Airlines,5350,11:12,,,,,744,,,"Codeshare",507,3469,2822,
- -,LHR,SFO,Lufthansa (LH),Lufthansa,5350,11:12,,,,,777,,,"Codeshare",507,3469,3320,
- -,LHR,SFO,Air New Zealand (NZ),Air New Zealand,5350,11:12,,,,,777,,,"Codeshare",507,3469,345,
- -,LHR,SFO,United Airlines (UA),United Airlines,5350,11:12,,,,,777,,,"Direct",507,3469,5209,
- -,LHR,SFO,Transaero Airlines (UN),Transaero Airlines,5350,11:12,,,,,744,,,"Codeshare",507,3469,5067,
- -,LHR,SFO,Virgin Atlantic Airways (VS),Virgin Atlantic Airways,5350,11:12,,,,,744,,,"Direct",507,3469,5347,
- -,LHR,SIN,British Airways (BA),British Airways,6758,14:00,,,,,744 777,,,"Direct",507,3316,1355,
- -,LHR,SIN,Iberia Airlines (IB),Iberia Airlines,6758,14:00,,,,,744 777,,,"Codeshare",507,3316,2822,
- -,LHR,SIN,Singapore Airlines (SQ),Singapore Airlines,6758,14:00,,,,,388 77W,,,"Direct",507,3316,4435,
- -,LHR,SIN,Virgin Atlantic Airways (VS),Virgin Atlantic Airways,6758,14:00,,,,,388 77W,,,"Codeshare",507,3316,5347,
- -,LHR,SNN,Aer Lingus (EI),Aer Lingus,368,01:14,,,,,320,,,"Direct",507,603,837,
- -,LHR,SOF,American Airlines (AA),American Airlines,1267,03:02,,,,,320,,,"Codeshare",507,1194,24,
- -,LHR,SOF,British Airways (BA),British Airways,1267,03:02,,,,,320,,,"Direct",507,1194,1355,
- -,LHR,SOF,Bulgaria Air (FB),Bulgaria Air,1267,03:02,,,,,320 319 E90,,,"Direct",507,1194,1548,
- -,LHR,SPU,Croatia Airlines (OU),Croatia Airlines,950,02:24,,,,,320,,,"Direct",507,1206,1925,
- -,LHR,STR,Germanwings (4U),Germanwings,469,01:26,,,,,319 320,,,"Direct",507,350,2548,
- -,LHR,STR,American Airlines (AA),American Airlines,469,01:26,,,,,319 321 320,,,"Codeshare",507,350,24,
- -,LHR,STR,Air Berlin (AB),Air Berlin,469,01:26,,,,,319 321 320,,,"Codeshare",507,350,214,
- -,LHR,STR,British Airways (BA),British Airways,469,01:26,,,,,319 321 320,,,"Direct",507,350,1355,
- -,LHR,SVG,American Airlines (AA),American Airlines,564,01:37,,,,,319,,,"Codeshare",507,666,24,
- -,LHR,SVG,British Airways (BA),British Airways,564,01:37,,,,,319,,,"Direct",507,666,1355,
- -,LHR,SVG,Scandinavian Airlines System (SK),Scandinavian Airlines System,564,01:37,,,,,73W 73G 736 738 73H,,,"Direct",507,666,4319,
- -,LHR,SVO,Aeroflot Russian Airlines (SU),Aeroflot Russian Airlines,1557,03:36,,,,,320 333 321,,,"Direct",507,2985,130,
- -,LHR,TAS,Uzbekistan Airways (HY),Uzbekistan Airways,3267,07:02,,,,,757,,,"Direct",507,2983,5281,
- -,LHR,TIP,British Airways (BA),British Airways,1469,03:26,,,,,320,,,"Direct",507,1157,1355,
- -,LHR,TIP,Libyan Arab Airlines (LN),Libyan Arab Airlines,1469,03:26,,,,,320,,,"Direct",507,1157,3258,
- -,LHR,TLS,American Airlines (AA),American Airlines,548,01:35,,,,,319 320,,,"Codeshare",507,1273,24,
- -,LHR,TLS,British Airways (BA),British Airways,548,01:35,,,,,319 320 321,,,"Direct",507,1273,1355,
- -,LHR,TLV,British Airways (BA),British Airways,2228,04:57,,,,,777 321,,,"Direct",507,1590,1355,
- -,LHR,TLV,El Al Israel Airlines (LY),El Al Israel Airlines,2228,04:57,,,,,772 763,,,"Direct",507,1590,2150,
- -,LHR,TNG,Royal Air Maroc (AT),Royal Air Maroc,1120,02:44,,,,,73G,,,"Direct",507,1080,4248,
- -,LHR,TSE,Air Astana (KC),Air Astana,2978,06:27,,,,,757,,,"Direct",507,2910,1006,
- -,LHR,TUN,Tunisair (TU),Tunisair,1137,02:46,,,,,32A,,,"Direct",507,287,4870,
- -,LHR,TXL,Germanwings (4U),Germanwings,588,01:40,,,,,319 320,,,"Direct",507,351,2548,
- -,LHR,TXL,American Airlines (AA),American Airlines,588,01:40,,,,,320 321 319,,,"Codeshare",507,351,24,
- -,LHR,TXL,Air Berlin (AB),Air Berlin,588,01:40,,,,,320 321 319,,,"Codeshare",507,351,214,
- -,LHR,TXL,British Airways (BA),British Airways,588,01:40,,,,,320 321 319,,,"Direct",507,351,1355,
- -,LHR,VCE,American Airlines (AA),American Airlines,715,01:55,,,,,320 319,,,"Codeshare",507,1551,24,
- -,LHR,VCE,British Airways (BA),British Airways,715,01:55,,,,,320 319,,,"Direct",507,1551,1355,
- -,LHR,VIE,American Airlines (AA),American Airlines,791,02:04,,,,,320 319,,,"Codeshare",507,1613,24,
- -,LHR,VIE,Air Berlin (AB),Air Berlin,791,02:04,,,,,320,,,"Codeshare",507,1613,214,
- -,LHR,VIE,British Airways (BA),British Airways,791,02:04,,,,,320 319,,,"Direct",507,1613,1355,
- -,LHR,VIE,Austrian Airlines (OS),Austrian Airlines,791,02:04,,,,,321 320,,,"Codeshare",507,1613,491,
- -,LHR,VKO,Transaero Airlines (UN),Transaero Airlines,1554,03:36,,,,,73H 73G 763 738,,,"Direct",507,2988,5067,
- -,LHR,VKO,Virgin Atlantic Airways (VS),Virgin Atlantic Airways,1554,03:36,,,,,73H 73G 738,,,"Codeshare",507,2988,5347,
- -,LHR,WAW,American Airlines (AA),American Airlines,912,02:19,,,,,320,,,"Codeshare",507,679,24,
- -,LHR,WAW,British Airways (BA),British Airways,912,02:19,,,,,320,,,"Direct",507,679,1355,
- -,LHR,WAW,Iberia Airlines (IB),Iberia Airlines,912,02:19,,,,,320,,,"Codeshare",507,679,2822,
- -,LHR,WAW,LOT Polish Airlines (LO),LOT Polish Airlines,912,02:19,,,,,734 E95,,,"Direct",507,679,3210,
- -,LHR,WAW,All Nippon Airways (NH),All Nippon Airways,912,02:19,,,,,734,,,"Codeshare",507,679,324,
- -,LHR,YEG,Air Canada (AC),Air Canada,4228,08:57,,,,,763,,,"Direct",507,49,330,
- -,LHR,YEG,Lufthansa (LH),Lufthansa,4228,08:57,,,,,763,,,"Codeshare",507,49,3320,
- -,LHR,YHZ,Air Canada (AC),Air Canada,2847,06:11,,,,,763,,,"Direct",507,73,330,
- -,LHR,YHZ,Lufthansa (LH),Lufthansa,2847,06:11,,,,,763,,,"Codeshare",507,73,3320,
- -,LHR,YOW,Air Canada (AC),Air Canada,3320,07:08,,,,,763,,,"Direct",507,100,330,
- -,LHR,YOW,Lufthansa (LH),Lufthansa,3320,07:08,,,,,763,,,"Codeshare",507,100,3320,
- -,LHR,YUL,American Airlines (AA),American Airlines,3238,06:58,,,,,777,,,"Codeshare",507,146,24,
- -,LHR,YUL,Air Canada (AC),Air Canada,3238,06:58,,,,,77W,,,"Direct",507,146,330,
- -,LHR,YUL,Finnair (AY),Finnair,3238,06:58,,,,,777,,,"Codeshare",507,146,2350,
- -,LHR,YUL,British Airways (BA),British Airways,3238,06:58,,,,,777,,,"Direct",507,146,1355,
- -,LHR,YUL,Iberia Airlines (IB),Iberia Airlines,3238,06:58,,,,,777,,,"Codeshare",507,146,2822,
- -,LHR,YUL,Lufthansa (LH),Lufthansa,3238,06:58,,,,,77W,,,"Codeshare",507,146,3320,
- -,LHR,YVR,American Airlines (AA),American Airlines,4706,09:54,,,,,744,,,"Codeshare",507,156,24,
- -,LHR,YVR,Air Canada (AC),Air Canada,4706,09:54,,,,,77W,,,"Direct",507,156,330,
- -,LHR,YVR,Finnair (AY),Finnair,4706,09:54,,,,,744,,,"Codeshare",507,156,2350,
- -,LHR,YVR,British Airways (BA),British Airways,4706,09:54,,,,,744,,,"Direct",507,156,1355,
- -,LHR,YVR,Iberia Airlines (IB),Iberia Airlines,4706,09:54,,,,,744,,,"Codeshare",507,156,2822,
- -,LHR,YVR,Lufthansa (LH),Lufthansa,4706,09:54,,,,,77W,,,"Codeshare",507,156,3320,
- -,LHR,YYC,American Airlines (AA),American Airlines,4356,09:12,,,,,767,,,"Codeshare",507,178,24,
- -,LHR,YYC,Air Canada (AC),Air Canada,4356,09:12,,,,,333,,,"Direct",507,178,330,
- -,LHR,YYC,Finnair (AY),Finnair,4356,09:12,,,,,767,,,"Codeshare",507,178,2350,
- -,LHR,YYC,British Airways (BA),British Airways,4356,09:12,,,,,767,,,"Direct",507,178,1355,
- -,LHR,YYC,Iberia Airlines (IB),Iberia Airlines,4356,09:12,,,,,767,,,"Codeshare",507,178,2822,
- -,LHR,YYC,Lufthansa (LH),Lufthansa,4356,09:12,,,,,333,,,"Codeshare",507,178,3320,
- -,LHR,YYT,Air Canada (AC),Air Canada,2307,05:06,,,,,319,,,"Direct",507,189,330,
- -,LHR,YYT,Lufthansa (LH),Lufthansa,2307,05:06,,,,,319,,,"Codeshare",507,189,3320,
- -,LHR,YYZ,American Airlines (AA),American Airlines,3544,07:35,,,,,787 744,,,"Codeshare",507,193,24,
- -,LHR,YYZ,Air Canada (AC),Air Canada,3544,07:35,,,,,77L 763 77W 333,,,"Direct",507,193,330,
- -,LHR,YYZ,Finnair (AY),Finnair,3544,07:35,,,,,788 744,,,"Codeshare",507,193,2350,
- -,LHR,YYZ,British Airways (BA),British Airways,3544,07:35,,,,,788 744,,,"Direct",507,193,1355,
- -,LHR,YYZ,Ethiopian Airlines (ET),Ethiopian Airlines,3544,07:35,,,,,77L,,,"Direct",507,193,2220,
- -,LHR,YYZ,Iberia Airlines (IB),Iberia Airlines,3544,07:35,,,,,788 744,,,"Codeshare",507,193,2822,
- -,LHR,YYZ,Lufthansa (LH),Lufthansa,3544,07:35,,,,,77L 763 77W 333,,,"Codeshare",507,193,3320,
- -,LHR,ZAG,American Airlines (AA),American Airlines,849,02:11,,,,,319 320,,,"Codeshare",507,1208,24,
- -,LHR,ZAG,British Airways (BA),British Airways,849,02:11,,,,,319 320,,,"Direct",507,1208,1355,
- -,LHR,ZAG,Croatia Airlines (OU),Croatia Airlines,849,02:11,,,,,319 320,,,"Direct",507,1208,1925,
- -,LHR,ZRH,American Airlines (AA),American Airlines,489,01:28,,,,,320 319 321,,,"Codeshare",507,1678,24,
- -,LHR,ZRH,Air Berlin (AB),Air Berlin,489,01:28,,,,,319 320 321,,,"Codeshare",507,1678,214,
- -,LHR,ZRH,British Airways (BA),British Airways,489,01:28,,,,,319 320 321,,,"Direct",507,1678,1355,
- -,LHR,ZRH,Swiss International Air Lines (LX),Swiss International Air Lines,489,01:28,,,,,320 321 32A,,,"Direct",507,1678,4559,
- -,LHR,ZYL,Biman Bangladesh Airlines (BG),Biman Bangladesh Airlines,4979,10:27,,,,,772,,,"Direct",507,3074,1359,