﻿Date,From,To,Flight_Number,Airline,Distance,Duration,Seat,Seat_Type,Class,Reason,Plane,Registration,Trip,Note,From_OID,To_OID,Airline_OID,Plane_OID
- -,ABJ,BRU,Lufthansa (LH),Lufthansa,3188,06:52,,,,,332,,,"Codeshare",253,302,3320,
- -,ABJ,LFW,Lufthansa (LH),Lufthansa,361,01:13,,,,,333,,,"Codeshare",253,298,3320,
- -,ABJ,OUA,Lufthansa (LH),Lufthansa,516,01:31,,,,,333,,,"Codeshare",253,246,3320,
- -,ABV,FRA,Lufthansa (LH),Lufthansa,2834,06:10,,,,,343,,,"Direct",260,340,3320,
- -,ABV,SSG,Lufthansa (LH),Lufthansa,375,01:15,,,,,343,,,"Direct",260,891,3320,
- -,ABZ,FRA,Lufthansa (LH),Lufthansa,661,01:49,,,,,735,,,"Direct",532,340,3320,
- -,ACC,FRA,Lufthansa (LH),Lufthansa,3109,06:43,,,,,333,,,"Codeshare",248,340,3320,
- -,ADB,MUC,Lufthansa (LH),Lufthansa,1035,02:34,,,,,319 321 320,,,"Direct",1706,346,3320,
- -,ADD,DAR,Lufthansa (LH),Lufthansa,1095,02:41,,,,,73W,,,"Codeshare",1107,1177,3320,
- -,ADD,EBB,Lufthansa (LH),Lufthansa,756,02:00,,,,,73W,,,"Codeshare",1107,1187,3320,
- -,ADD,FRA,Lufthansa (LH),Lufthansa,3321,07:08,,,,,788,,,"Codeshare",1107,340,3320,
- -,ADD,HRE,Lufthansa (LH),Lufthansa,1931,04:21,,,,,788,,,"Codeshare",1107,1005,3320,
- -,ADD,JED,Lufthansa (LH),Lufthansa,877,02:15,,,,,333,,,"Direct",1107,2072,3320,
- -,ADD,MBA,Lufthansa (LH),Lufthansa,900,02:18,,,,,DH8,,,"Codeshare",1107,1145,3320,
- -,AGP,DUS,Lufthansa (LH),Lufthansa,1151,02:48,,,,,320,,,"Direct",1230,345,3320,
- -,AGP,FRA,Lufthansa (LH),Lufthansa,1128,02:45,,,,,321 320,,,"Direct",1230,340,3320,
- -,AGP,MUC,Lufthansa (LH),Lufthansa,1151,02:48,,,,,320 321,,,"Direct",1230,346,3320,
- -,ALA,FRA,Lufthansa (LH),Lufthansa,3160,06:49,,,,,333,,,"Direct",2908,340,3320,
- -,ALA,TSE,Lufthansa (LH),Lufthansa,590,01:40,,,,,333,,,"Direct",2908,2910,3320,
- -,ALG,FRA,Lufthansa (LH),Lufthansa,959,02:25,,,,,319,,,"Direct",210,340,3320,
- -,AMM,FRA,Lufthansa (LH),Lufthansa,1890,04:16,,,,,321,,,"Direct",2170,340,3320,
- -,AMS,EWR,Lufthansa (LH),Lufthansa,3644,07:47,,,,,752 763,,,"Codeshare",580,3494,3320,
- -,AMS,FRA,Lufthansa (LH),Lufthansa,227,00:57,,,,,733 735 320 319 32A 321,,,"Direct",580,340,3320,
- -,AMS,IAD,Lufthansa (LH),Lufthansa,3854,08:12,,,,,763,,,"Codeshare",580,3714,3320,
- -,AMS,IAH,Lufthansa (LH),Lufthansa,4998,10:29,,,,,777,,,"Codeshare",580,3550,3320,
- -,AMS,MUC,Lufthansa (LH),Lufthansa,412,01:19,,,,,E95 CR9,,,"Codeshare",580,346,3320,
- -,AMS,ORD,Lufthansa (LH),Lufthansa,4106,08:42,,,,,763,,,"Codeshare",580,3830,3320,
- -,AOI,MUC,Lufthansa (LH),Lufthansa,335,01:10,,,,,CR9 E95,,,"Codeshare",4309,346,3320,
- -,ARN,DUS,Lufthansa (LH),Lufthansa,721,01:56,,,,,736 717 73W 73H,,,"Codeshare",737,345,3320,
- -,ARN,FRA,Lufthansa (LH),Lufthansa,759,02:01,,,,,321 32A,,,"Direct",737,340,3320,
- -,ARN,MUC,Lufthansa (LH),Lufthansa,818,02:08,,,,,320 CR9 321 319,,,"Direct",737,346,3320,
- -,ARN,TXL,Lufthansa (LH),Lufthansa,520,01:32,,,,,73H 717 73W 736,,,"Codeshare",737,351,3320,
- -,ASB,GYD,Lufthansa (LH),Lufthansa,476,01:27,,,,,333 343,,,"Direct",2976,2922,3320,
- -,ATH,DUS,Lufthansa (LH),Lufthansa,1244,02:59,,,,,320,,,"Codeshare",3941,345,3320,
- -,ATH,FRA,Lufthansa (LH),Lufthansa,1127,02:45,,,,,321,,,"Direct",3941,340,3320,
- -,ATH,MUC,Lufthansa (LH),Lufthansa,942,02:23,,,,,321,,,"Direct",3941,346,3320,
- -,ATH,TXL,Lufthansa (LH),Lufthansa,1132,02:45,,,,,320,,,"Codeshare",3941,351,3320,
- -,ATL,FRA,Lufthansa (LH),Lufthansa,4601,09:42,,,,,343 M1F,,,"Direct",3682,340,3320,
- -,ATL,IAD,Lufthansa (LH),Lufthansa,533,01:33,,,,,CRJ,,,"Codeshare",3682,3714,3320,
- -,ATL,ORD,Lufthansa (LH),Lufthansa,606,01:42,,,,,CR7,,,"Codeshare",3682,3830,3320,
- -,AUH,FRA,Lufthansa (LH),Lufthansa,3019,06:32,,,,,333,,,"Direct",2179,340,3320,
- -,AUH,MCT,Lufthansa (LH),Lufthansa,236,00:58,,,,,333,,,"Direct",2179,2194,3320,
- -,AYT,DUS,Lufthansa (LH),Lufthansa,1539,03:34,,,,,320,,,"Direct",1688,345,3320,
- -,BAH,DOH,Lufthansa (LH),Lufthansa,91,00:40,,,,,333,,,"Direct",2057,11051,3320,
- -,BCN,EWR,Lufthansa (LH),Lufthansa,3835,08:10,,,,,752,,,"Codeshare",1218,3494,3320,
- -,BCN,FRA,Lufthansa (LH),Lufthansa,679,01:51,,,,,321 320 319 32A,,,"Direct",1218,340,3320,
- -,BCN,MUC,Lufthansa (LH),Lufthansa,679,01:51,,,,,321 319 320 E95,,,"Direct",1218,346,3320,
- -,BCN,TXL,Lufthansa (LH),Lufthansa,937,02:22,,,,,320,,,"Direct",1218,351,3320,
- -,BEG,FRA,Lufthansa (LH),Lufthansa,654,01:48,,,,,320 32A 319 321,,,"Direct",1739,340,3320,
- -,BEG,MUC,Lufthansa (LH),Lufthansa,472,01:26,,,,,E95,,,"Codeshare",1739,346,3320,
- -,BEY,FRA,Lufthansa (LH),Lufthansa,1762,04:01,,,,,32A 321 320,,,"Direct",2177,340,3320,
- -,BFS,EWR,Lufthansa (LH),Lufthansa,3166,06:49,,,,,752,,,"Codeshare",465,3494,3320,
- -,BGO,FRA,Lufthansa (LH),Lufthansa,720,01:56,,,,,735 E90,,,"Codeshare",636,340,3320,
- -,BHX,DUS,Lufthansa (LH),Lufthansa,371,01:14,,,,,CR9,,,"Codeshare",469,345,3320,
- -,BHX,EWR,Lufthansa (LH),Lufthansa,3381,07:15,,,,,752,,,"Codeshare",469,3494,3320,
- -,BHX,FRA,Lufthansa (LH),Lufthansa,475,01:27,,,,,319 733 32A 321 320,,,"Direct",469,340,3320,
- -,BHX,MUC,Lufthansa (LH),Lufthansa,658,01:48,,,,,E95,,,"Codeshare",469,346,3320,
- -,BIA,FRA,Lufthansa (LH),Lufthansa,518,01:32,,,,,E90,,,"Direct",1321,340,3320,
- -,BIO,FRA,Lufthansa (LH),Lufthansa,714,01:55,,,,,321 320 32A 319,,,"Direct",1216,340,3320,
- -,BIO,MUC,Lufthansa (LH),Lufthansa,786,02:04,,,,,319 E95 320,,,"Direct",1216,346,3320,
- -,BJM,NBO,Lufthansa (LH),Lufthansa,542,01:35,,,,,332,,,"Codeshare",1120,4059,3320,
- -,BKK,FRA,Lufthansa (LH),Lufthansa,5588,11:40,,,,,346,,,"Direct",3885,340,3320,
- -,BKK,KBV,Lufthansa (LH),Lufthansa,403,01:18,,,,,333,,,"Codeshare",3885,3174,3320,
- -,BKK,MUC,Lufthansa (LH),Lufthansa,5464,11:25,,,,,747,,,"Codeshare",3885,346,3320,
- -,BLL,FRA,Lufthansa (LH),Lufthansa,394,01:17,,,,,733 735,,,"Direct",608,340,3320,
- -,BLQ,FRA,Lufthansa (LH),Lufthansa,400,01:18,,,,,32A 735 321 319 733 320,,,"Direct",1538,340,3320,
- -,BLQ,MUC,Lufthansa (LH),Lufthansa,264,01:01,,,,,E95,,,"Direct",1538,346,3320,
- -,BLR,FRA,Lufthansa (LH),Lufthansa,4596,09:41,,,,,74H,,,"Direct",3131,340,3320,
- -,BOG,FRA,Lufthansa (LH),Lufthansa,5643,11:47,,,,,346,,,"Direct",2709,340,3320,
- -,BOM,FRA,Lufthansa (LH),Lufthansa,4079,08:39,,,,,744,,,"Direct",2997,340,3320,
- -,BOM,MUC,Lufthansa (LH),Lufthansa,3919,08:20,,,,,333,,,"Direct",2997,346,3320,
- -,BOS,FRA,Lufthansa (LH),Lufthansa,3657,07:48,,,,,744 346,,,"Direct",3448,340,3320,
- -,BOS,MUC,Lufthansa (LH),Lufthansa,3838,08:10,,,,,333,,,"Direct",3448,346,3320,
- -,BRE,FRA,Lufthansa (LH),Lufthansa,208,00:54,,,,,319 733 321 735 E90,,,"Direct",353,340,3320,
- -,BRE,MUC,Lufthansa (LH),Lufthansa,349,01:11,,,,,320 E95 319 321,,,"Direct",353,346,3320,
- -,BRI,MUC,Lufthansa (LH),Lufthansa,554,01:36,,,,,E95,,,"Codeshare",1501,346,3320,
- -,BRU,ABJ,Lufthansa (LH),Lufthansa,3188,06:52,,,,,333,,,"Codeshare",302,253,3320,
- -,BRU,BJM,Lufthansa (LH),Lufthansa,4021,08:32,,,,,332,,,"Codeshare",302,1120,3320,
- -,BRU,COO,Lufthansa (LH),Lufthansa,3078,06:39,,,,,332,,,"Codeshare",302,245,3320,
- -,BRU,DKR,Lufthansa (LH),Lufthansa,2780,06:03,,,,,333,,,"Codeshare",302,1084,3320,
- -,BRU,DLA,Lufthansa (LH),Lufthansa,3252,07:00,,,,,332 333,,,"Codeshare",302,897,3320,
- -,BRU,EWR,Lufthansa (LH),Lufthansa,3668,07:50,,,,,764 777,,,"Codeshare",302,3494,3320,
- -,BRU,FNA,Lufthansa (LH),Lufthansa,3089,06:40,,,,,333,,,"Codeshare",302,1059,3320,
- -,BRU,FRA,Lufthansa (LH),Lufthansa,189,00:52,,,,,321 735 E90 733 CR7 319 320 32A,,,"Direct",302,340,3320,
- -,BRU,HAJ,Lufthansa (LH),Lufthansa,247,00:59,,,,,DH4,,,"Codeshare",302,352,3320,
- -,BRU,HAM,Lufthansa (LH),Lufthansa,299,01:05,,,,,AR1 DH4 319,,,"Codeshare",302,342,3320,
- -,BRU,IAD,Lufthansa (LH),Lufthansa,3879,08:15,,,,,777 332,,,"Codeshare",302,3714,3320,
- -,BRU,JFK,Lufthansa (LH),Lufthansa,3655,07:48,,,,,333,,,"Codeshare",302,3797,3320,
- -,BRU,KGL,Lufthansa (LH),Lufthansa,3950,08:24,,,,,332,,,"Codeshare",302,1165,3320,
- -,BRU,LAD,Lufthansa (LH),Lufthansa,4159,08:49,,,,,333,,,"Codeshare",302,951,3320,
- -,BRU,LIN,Lufthansa (LH),Lufthansa,436,01:22,,,,,AR1 319,,,"Codeshare",302,1529,3320,
- -,BRU,MUC,Lufthansa (LH),Lufthansa,370,01:14,,,,,E95 319 320,,,"Direct",302,346,3320,
- -,BRU,MXP,Lufthansa (LH),Lufthansa,412,01:19,,,,,319 AR1,,,"Codeshare",302,1524,3320,
- -,BRU,NSI,Lufthansa (LH),Lufthansa,3283,07:03,,,,,332,,,"Codeshare",302,4161,3320,
- -,BRU,OUA,Lufthansa (LH),Lufthansa,2683,05:51,,,,,333,,,"Codeshare",302,246,3320,
- -,BRU,TXL,Lufthansa (LH),Lufthansa,393,01:17,,,,,319 AR1 320,,,"Codeshare",302,351,3320,
- -,BRU,VNO,Lufthansa (LH),Lufthansa,902,02:18,,,,,AR1 319,,,"Codeshare",302,3959,3320,
- -,BRU,YUL,Lufthansa (LH),Lufthansa,3449,07:23,,,,,333,,,"Codeshare",302,146,3320,
- -,BSL,FRA,Lufthansa (LH),Lufthansa,175,00:51,,,,,CR7,,,"Direct",1423,340,3320,
- -,BSL,HAM,Lufthansa (LH),Lufthansa,430,01:21,,,,,AR1,,,"Codeshare",1423,342,3320,
- -,BSL,MUC,Lufthansa (LH),Lufthansa,203,00:54,,,,,CR7 CR9,,,"Codeshare",1423,346,3320,
- -,BUD,DUS,Lufthansa (LH),Lufthansa,620,01:44,,,,,319,,,"Direct",1489,345,3320,
- -,BUD,FRA,Lufthansa (LH),Lufthansa,518,01:32,,,,,733 320 321 735 32A,,,"Direct",1489,340,3320,
- -,BUD,MUC,Lufthansa (LH),Lufthansa,351,01:12,,,,,320 E95 CR9 319 321,,,"Direct",1489,346,3320,
- -,CAG,MUC,Lufthansa (LH),Lufthansa,643,01:47,,,,,E95,,,"Direct",1519,346,3320,
- -,CAI,FRA,Lufthansa (LH),Lufthansa,1814,04:07,,,,,321 32A,,,"Direct",1128,340,3320,
- -,CAI,MUC,Lufthansa (LH),Lufthansa,1629,03:45,,,,,738,,,"Codeshare",1128,346,3320,
- -,CCS,FRA,Lufthansa (LH),Lufthansa,5015,10:31,,,,,333,,,"Direct",2851,340,3320,
- -,CDG,DUS,Lufthansa (LH),Lufthansa,243,00:59,,,,,CR9 319 320,,,"Direct",1382,345,3320,
- -,CDG,EWR,Lufthansa (LH),Lufthansa,3637,07:46,,,,,764 752 763,,,"Codeshare",1382,3494,3320,
- -,CDG,FRA,Lufthansa (LH),Lufthansa,278,01:03,,,,,319 321 32A 735 320 733,,,"Direct",1382,340,3320,
- -,CDG,IAD,Lufthansa (LH),Lufthansa,3848,08:11,,,,,763,,,"Codeshare",1382,3714,3320,
- -,CDG,MUC,Lufthansa (LH),Lufthansa,423,01:20,,,,,E95 320 321 319,,,"Direct",1382,346,3320,
- -,CDG,ORD,Lufthansa (LH),Lufthansa,4138,08:46,,,,,763,,,"Codeshare",1382,3830,3320,
- -,CDG,TXL,Lufthansa (LH),Lufthansa,528,01:33,,,,,320,,,"Direct",1382,351,3320,
- -,CDG,YUL,Lufthansa (LH),Lufthansa,3430,07:21,,,,,77W,,,"Codeshare",1382,146,3320,
- -,CDG,YYZ,Lufthansa (LH),Lufthansa,3738,07:58,,,,,77W,,,"Codeshare",1382,193,3320,
- -,CGN,MUC,Lufthansa (LH),Lufthansa,270,01:02,,,,,321 319 320 E95,,,"Direct",344,346,3320,
- -,CGN,VIE,Lufthansa (LH),Lufthansa,463,01:25,,,,,100 F70,,,"Codeshare",344,1613,3320,
- -,CKY,DKR,Lufthansa (LH),Lufthansa,442,01:23,,,,,333,,,"Codeshare",4162,1084,3320,
- -,CLJ,MUC,Lufthansa (LH),Lufthansa,564,01:37,,,,,E95,,,"Codeshare",1652,346,3320,
- -,CLO,BOG,Lufthansa (LH),Lufthansa,173,00:50,,,,,320,,,"Codeshare",2715,2709,3320,
- -,CLT,MUC,Lufthansa (LH),Lufthansa,4564,09:37,,,,,346,,,"Direct",3876,346,3320,
- -,CMN,FRA,Lufthansa (LH),Lufthansa,1414,03:19,,,,,321,,,"Direct",1074,340,3320,
- -,CNX,BKK,Lufthansa (LH),Lufthansa,370,01:14,,,,,AB6,,,"Codeshare",3931,3885,3320,
- -,COO,ABJ,Lufthansa (LH),Lufthansa,440,01:22,,,,,332,,,"Codeshare",245,253,3320,
- -,CPH,DUS,Lufthansa (LH),Lufthansa,384,01:16,,,,,CR9 CR2,,,"Codeshare",609,345,3320,
- -,CPH,FRA,Lufthansa (LH),Lufthansa,421,01:20,,,,,32A 319 733 321 320,,,"Direct",609,340,3320,
- -,CPH,MUC,Lufthansa (LH),Lufthansa,502,01:30,,,,,CR9 E95 320 321 319,,,"Codeshare",609,346,3320,
- -,CPH,OSL,Lufthansa (LH),Lufthansa,316,01:07,,,,,321 738 320,,,"Codeshare",609,644,3320,
- -,CPH,TXL,Lufthansa (LH),Lufthansa,212,00:55,,,,,320 CR2 321 319 CR9,,,"Codeshare",609,351,3320,
- -,CPH,YYZ,Lufthansa (LH),Lufthansa,3893,08:17,,,,,763,,,"Codeshare",609,193,3320,
- -,CTA,MLA,Lufthansa (LH),Lufthansa,115,00:43,,,,,319,,,"Codeshare",1509,1606,3320,
- -,CTA,MUC,Lufthansa (LH),Lufthansa,769,02:02,,,,,E95 321,,,"Direct",1509,346,3320,
- -,CTU,FRA,Lufthansa (LH),Lufthansa,4850,10:12,,,,,330,,,"Codeshare",3395,340,3320,
- -,CWB,LDB,Lufthansa (LH),Lufthansa,195,00:53,,,,,320,,,"Codeshare",2545,2581,3320,
- -,DAR,NBO,Lufthansa (LH),Lufthansa,414,01:19,,,,,333,,,"Codeshare",1177,4059,3320,
- -,DAR,ZNZ,Lufthansa (LH),Lufthansa,45,00:35,,,,,73W DH8,,,"Codeshare",1177,1186,3320,
- -,DBV,DUS,Lufthansa (LH),Lufthansa,808,02:06,,,,,319,,,"Codeshare",1200,345,3320,
- -,DBV,FRA,Lufthansa (LH),Lufthansa,691,01:52,,,,,319 320 735,,,"Codeshare",1200,340,3320,
- -,DBV,MUC,Lufthansa (LH),Lufthansa,508,01:30,,,,,319 E95 320,,,"Direct",1200,346,3320,
- -,DEL,FRA,Lufthansa (LH),Lufthansa,3801,08:06,,,,,74H,,,"Direct",3093,340,3320,
- -,DEL,MUC,Lufthansa (LH),Lufthansa,3663,07:49,,,,,333 346,,,"Direct",3093,346,3320,
- -,DEN,FRA,Lufthansa (LH),Lufthansa,5023,10:32,,,,,744,,,"Direct",3751,340,3320,
- -,DFW,FRA,Lufthansa (LH),Lufthansa,5128,10:45,,,,,333,,,"Direct",3670,340,3320,
- -,DKR,BRU,Lufthansa (LH),Lufthansa,2780,06:03,,,,,333,,,"Codeshare",1084,302,3320,
- -,DKR,CKY,Lufthansa (LH),Lufthansa,442,01:23,,,,,333,,,"Codeshare",1084,4162,3320,
- -,DLA,BRU,Lufthansa (LH),Lufthansa,3252,07:00,,,,,332 333,,,"Codeshare",897,302,3320,
- -,DLA,FIH,Lufthansa (LH),Lufthansa,701,01:54,,,,,333,,,"Codeshare",897,1020,3320,
- -,DLA,NSI,Lufthansa (LH),Lufthansa,127,00:45,,,,,332,,,"Codeshare",897,4161,3320,
- -,DME,FRA,Lufthansa (LH),Lufthansa,1271,03:02,,,,,32A 321 320,,,"Direct",4029,340,3320,
- -,DME,MUC,Lufthansa (LH),Lufthansa,1206,02:54,,,,,321 320 319,,,"Direct",4029,346,3320,
- -,DMM,FRA,Lufthansa (LH),Lufthansa,2712,05:55,,,,,73H,,,"Codeshare",2064,340,3320,
- -,DMM,KWI,Lufthansa (LH),Lufthansa,220,00:56,,,,,343,,,"Direct",2064,2176,3320,
- -,DOH,BAH,Lufthansa (LH),Lufthansa,91,00:40,,,,,333,,,"Direct",11051,2057,3320,
- -,DOH,FRA,Lufthansa (LH),Lufthansa,2848,06:11,,,,,333 343,,,"Direct",11051,340,3320,
- -,DOK,MUC,Lufthansa (LH),Lufthansa,1188,02:52,,,,,CR7 CR9,,,"Codeshare",2940,346,3320,
- -,DRS,FRA,Lufthansa (LH),Lufthansa,240,00:58,,,,,735 733 32A E90,,,"Direct",338,340,3320,
- -,DRS,MUC,Lufthansa (LH),Lufthansa,211,00:55,,,,,E95,,,"Direct",338,346,3320,
- -,DTM,MUC,Lufthansa (LH),Lufthansa,286,01:04,,,,,319,,,"Direct",373,346,3320,
- -,DTW,FRA,Lufthansa (LH),Lufthansa,4147,08:47,,,,,343,,,"Direct",3645,340,3320,
- -,DUB,EWR,Lufthansa (LH),Lufthansa,3182,06:51,,,,,752,,,"Codeshare",599,3494,3320,
- -,DUB,FRA,Lufthansa (LH),Lufthansa,674,01:50,,,,,321,,,"Direct",599,340,3320,
- -,DUB,MUC,Lufthansa (LH),Lufthansa,857,02:12,,,,,320 319,,,"Direct",599,346,3320,
- -,DUS,AGP,Lufthansa (LH),Lufthansa,1151,02:48,,,,,320,,,"Direct",345,1230,3320,
- -,DUS,ARN,Lufthansa (LH),Lufthansa,721,01:56,,,,,736 717 73W 73H,,,"Codeshare",345,737,3320,
- -,DUS,ATH,Lufthansa (LH),Lufthansa,1244,02:59,,,,,320,,,"Codeshare",345,3941,3320,
- -,DUS,AYT,Lufthansa (LH),Lufthansa,1539,03:34,,,,,320,,,"Direct",345,1688,3320,
- -,DUS,BHX,Lufthansa (LH),Lufthansa,371,01:14,,,,,CR9,,,"Codeshare",345,469,3320,
- -,DUS,BUD,Lufthansa (LH),Lufthansa,620,01:44,,,,,319,,,"Direct",345,1489,3320,
- -,DUS,CDG,Lufthansa (LH),Lufthansa,243,00:59,,,,,CR9 319 320,,,"Direct",345,1382,3320,
- -,DUS,CPH,Lufthansa (LH),Lufthansa,384,01:16,,,,,CR9 CR2,,,"Codeshare",345,609,3320,
- -,DUS,DBV,Lufthansa (LH),Lufthansa,808,02:06,,,,,319,,,"Codeshare",345,1200,3320,
- -,DUS,EWR,Lufthansa (LH),Lufthansa,3749,07:59,,,,,343,,,"Direct",345,3494,3320,
- -,DUS,FCO,Lufthansa (LH),Lufthansa,704,01:54,,,,,320,,,"Direct",345,1555,3320,
- -,DUS,FRA,Lufthansa (LH),Lufthansa,117,00:44,,,,,319 320 CR7 E90 321,,,"Direct",345,340,3320,
- -,DUS,GLA,Lufthansa (LH),Lufthansa,556,01:36,,,,,CR9,,,"Codeshare",345,534,3320,
- -,DUS,GOT,Lufthansa (LH),Lufthansa,492,01:29,,,,,CR9,,,"Codeshare",345,687,3320,
- -,DUS,GRZ,Lufthansa (LH),Lufthansa,491,01:28,,,,,DH4,,,"Codeshare",345,1609,3320,
- -,DUS,HAM,Lufthansa (LH),Lufthansa,210,00:55,,,,,320 319,,,"Direct",345,342,3320,
- -,DUS,LED,Lufthansa (LH),Lufthansa,1081,02:39,,,,,319 320,,,"Direct",345,2948,3320,
- -,DUS,LHR,Lufthansa (LH),Lufthansa,311,01:07,,,,,320 CR9,,,"Direct",345,507,3320,
- -,DUS,LNZ,Lufthansa (LH),Lufthansa,392,01:17,,,,,DH4,,,"Codeshare",345,1611,3320,
- -,DUS,MAN,Lufthansa (LH),Lufthansa,407,01:18,,,,,319 CR9,,,"Codeshare",345,478,3320,
- -,DUS,MLA,Lufthansa (LH),Lufthansa,1131,02:45,,,,,319 320,,,"Codeshare",345,1606,3320,
- -,DUS,MUC,Lufthansa (LH),Lufthansa,301,01:06,,,,,321 320 319,,,"Direct",345,346,3320,
- -,DUS,NAP,Lufthansa (LH),Lufthansa,802,02:06,,,,,319 CR9,,,"Codeshare",345,1561,3320,
- -,DUS,NCE,Lufthansa (LH),Lufthansa,527,01:33,,,,,320 319 CR9,,,"Direct",345,1354,3320,
- -,DUS,NCL,Lufthansa (LH),Lufthansa,434,01:22,,,,,CR9,,,"Codeshare",345,521,3320,
- -,DUS,NRT,Lufthansa (LH),Lufthansa,5794,12:05,,,,,788,,,"Codeshare",345,2279,3320,
- -,DUS,ORD,Lufthansa (LH),Lufthansa,4215,08:55,,,,,343,,,"Direct",345,3830,3320,
- -,DUS,OSL,Lufthansa (LH),Lufthansa,631,01:45,,,,,73G 73W 738 736,,,"Codeshare",345,644,3320,
- -,DUS,OTP,Lufthansa (LH),Lufthansa,1002,02:30,,,,,CR9,,,"Codeshare",345,1657,3320,
- -,DUS,PEK,Lufthansa (LH),Lufthansa,4841,10:10,,,,,330,,,"Codeshare",345,3364,3320,
- -,DUS,SKG,Lufthansa (LH),Lufthansa,1072,02:38,,,,,321,,,"Codeshare",345,1486,3320,
- -,DUS,SPU,Lufthansa (LH),Lufthansa,695,01:53,,,,,319,,,"Codeshare",345,1206,3320,
- -,DUS,TXL,Lufthansa (LH),Lufthansa,291,01:04,,,,,320 319 CR9,,,"Direct",345,351,3320,
- -,DUS,VIE,Lufthansa (LH),Lufthansa,489,01:28,,,,,320 319 CR9,,,"Direct",345,1613,3320,
- -,DUS,VKO,Lufthansa (LH),Lufthansa,1277,03:03,,,,,320,,,"Direct",345,2988,3320,
- -,DUS,VLC,Lufthansa (LH),Lufthansa,886,02:16,,,,,319 320,,,"Direct",345,1246,3320,
- -,DUS,WAW,Lufthansa (LH),Lufthansa,609,01:43,,,,,E75,,,"Codeshare",345,679,3320,
- -,DUS,ZRH,Lufthansa (LH),Lufthansa,275,01:03,,,,,320 319 CR9,,,"Direct",345,1678,3320,
- -,DXB,FRA,Lufthansa (LH),Lufthansa,3007,06:30,,,,,343,,,"Direct",2188,340,3320,
- -,DXB,MUC,Lufthansa (LH),Lufthansa,2834,06:10,,,,,333,,,"Direct",2188,346,3320,
- -,EBB,BRU,Lufthansa (LH),Lufthansa,3874,08:14,,,,,332,,,"Codeshare",1187,302,3320,
- -,EBB,KGL,Lufthansa (LH),Lufthansa,211,00:55,,,,,73W,,,"Codeshare",1187,1165,3320,
- -,EBL,FRA,Lufthansa (LH),Lufthansa,1996,04:29,,,,,319,,,"Direct",3989,340,3320,
- -,EDI,EWR,Lufthansa (LH),Lufthansa,3257,07:00,,,,,752,,,"Codeshare",535,3494,3320,
- -,EDI,FRA,Lufthansa (LH),Lufthansa,641,01:46,,,,,321 32A 320 319,,,"Direct",535,340,3320,
- -,ESB,MUC,Lufthansa (LH),Lufthansa,1187,02:52,,,,,321 320,,,"Direct",1682,346,3320,
- -,EWR,AMS,Lufthansa (LH),Lufthansa,3644,07:47,,,,,752 763,,,"Codeshare",3494,580,3320,
- -,EWR,BCN,Lufthansa (LH),Lufthansa,3835,08:10,,,,,752,,,"Codeshare",3494,1218,3320,
- -,EWR,BFS,Lufthansa (LH),Lufthansa,3166,06:49,,,,,752,,,"Codeshare",3494,465,3320,
- -,EWR,BHX,Lufthansa (LH),Lufthansa,3381,07:15,,,,,752,,,"Codeshare",3494,469,3320,
- -,EWR,BRU,Lufthansa (LH),Lufthansa,3668,07:50,,,,,764 777,,,"Codeshare",3494,302,3320,
- -,EWR,CDG,Lufthansa (LH),Lufthansa,3637,07:46,,,,,764 752 763,,,"Codeshare",3494,1382,3320,
- -,EWR,DUB,Lufthansa (LH),Lufthansa,3182,06:51,,,,,752,,,"Codeshare",3494,599,3320,
- -,EWR,DUS,Lufthansa (LH),Lufthansa,3749,07:59,,,,,343,,,"Direct",3494,345,3320,
- -,EWR,EDI,Lufthansa (LH),Lufthansa,3257,07:00,,,,,752,,,"Codeshare",3494,535,3320,
- -,EWR,FCO,Lufthansa (LH),Lufthansa,4279,09:03,,,,,764,,,"Codeshare",3494,1555,3320,
- -,EWR,FRA,Lufthansa (LH),Lufthansa,3857,08:12,,,,,744,,,"Direct",3494,340,3320,
- -,EWR,GLA,Lufthansa (LH),Lufthansa,3218,06:56,,,,,752,,,"Codeshare",3494,534,3320,
- -,EWR,HAM,Lufthansa (LH),Lufthansa,3811,08:07,,,,,752,,,"Codeshare",3494,342,3320,
- -,EWR,LHR,Lufthansa (LH),Lufthansa,3453,07:24,,,,,763 752 777,,,"Codeshare",3494,507,3320,
- -,EWR,MAD,Lufthansa (LH),Lufthansa,3595,07:41,,,,,752,,,"Codeshare",3494,1229,3320,
- -,EWR,MAN,Lufthansa (LH),Lufthansa,3343,07:11,,,,,752,,,"Codeshare",3494,478,3320,
- -,EWR,MSY,Lufthansa (LH),Lufthansa,1165,02:49,,,,,320 E70,,,"Codeshare",3494,3861,3320,
- -,EWR,MUC,Lufthansa (LH),Lufthansa,4038,08:34,,,,,346,,,"Direct",3494,346,3320,
- -,EWR,MXP,Lufthansa (LH),Lufthansa,3997,08:29,,,,,764,,,"Codeshare",3494,1524,3320,
- -,EWR,SNN,Lufthansa (LH),Lufthansa,3085,06:40,,,,,752,,,"Codeshare",3494,603,3320,
- -,EWR,STR,Lufthansa (LH),Lufthansa,3923,08:20,,,,,752,,,"Codeshare",3494,350,3320,
- -,EWR,TXL,Lufthansa (LH),Lufthansa,3966,08:25,,,,,752,,,"Codeshare",3494,351,3320,
- -,EZE,FRA,Lufthansa (LH),Lufthansa,7143,14:47,,,,,744,,,"Direct",3988,340,3320,
- -,FAO,FRA,Lufthansa (LH),Lufthansa,1216,02:55,,,,,32A 321 320,,,"Direct",1626,340,3320,
- -,FAO,MUC,Lufthansa (LH),Lufthansa,1265,03:01,,,,,321,,,"Direct",1626,346,3320,
- -,FCO,DUS,Lufthansa (LH),Lufthansa,704,01:54,,,,,320,,,"Direct",1555,345,3320,
- -,FCO,EWR,Lufthansa (LH),Lufthansa,4279,09:03,,,,,764,,,"Codeshare",1555,3494,3320,
- -,FCO,FRA,Lufthansa (LH),Lufthansa,595,01:41,,,,,321 320,,,"Direct",1555,340,3320,
- -,FCO,MUC,Lufthansa (LH),Lufthansa,453,01:24,,,,,321 319 320,,,"Direct",1555,346,3320,
- -,FCO,YYZ,Lufthansa (LH),Lufthansa,4400,09:18,,,,,333,,,"Codeshare",1555,193,3320,
- -,FDH,FRA,Lufthansa (LH),Lufthansa,168,00:50,,,,,CR7,,,"Codeshare",382,340,3320,
- -,FIH,BRU,Lufthansa (LH),Lufthansa,3872,08:14,,,,,333,,,"Codeshare",1020,302,3320,
- -,FIH,DLA,Lufthansa (LH),Lufthansa,701,01:54,,,,,333,,,"Codeshare",1020,897,3320,
- -,FLR,FRA,Lufthansa (LH),Lufthansa,447,01:23,,,,,E90,,,"Codeshare",1563,340,3320,
- -,FLR,MUC,Lufthansa (LH),Lufthansa,314,01:07,,,,,E95,,,"Direct",1563,346,3320,
- -,FMO,FRA,Lufthansa (LH),Lufthansa,150,00:48,,,,,CR7,,,"Codeshare",341,340,3320,
- -,FMO,MUC,Lufthansa (LH),Lufthansa,317,01:08,,,,,E95 CR9,,,"Codeshare",341,346,3320,
- -,FNA,ROB,Lufthansa (LH),Lufthansa,254,01:00,,,,,333,,,"Codeshare",1059,1063,3320,
- -,FRA,ABV,Lufthansa (LH),Lufthansa,2834,06:10,,,,,343,,,"Direct",340,260,3320,
- -,FRA,ABZ,Lufthansa (LH),Lufthansa,661,01:49,,,,,735,,,"Direct",340,532,3320,
- -,FRA,ACC,Lufthansa (LH),Lufthansa,3109,06:43,,,,,333,,,"Codeshare",340,248,3320,
- -,FRA,ADD,Lufthansa (LH),Lufthansa,3321,07:08,,,,,788,,,"Codeshare",340,1107,3320,
- -,FRA,AGP,Lufthansa (LH),Lufthansa,1128,02:45,,,,,321 320,,,"Direct",340,1230,3320,
- -,FRA,ALA,Lufthansa (LH),Lufthansa,3160,06:49,,,,,333,,,"Direct",340,2908,3320,
- -,FRA,ALG,Lufthansa (LH),Lufthansa,959,02:25,,,,,319,,,"Direct",340,210,3320,
- -,FRA,AMM,Lufthansa (LH),Lufthansa,1890,04:16,,,,,321,,,"Direct",340,2170,3320,
- -,FRA,AMS,Lufthansa (LH),Lufthansa,227,00:57,,,,,735 320 319 733 32A 321,,,"Direct",340,580,3320,
- -,FRA,ARN,Lufthansa (LH),Lufthansa,759,02:01,,,,,321 32A,,,"Direct",340,737,3320,
- -,FRA,ATH,Lufthansa (LH),Lufthansa,1127,02:45,,,,,321,,,"Direct",340,3941,3320,
- -,FRA,ATL,Lufthansa (LH),Lufthansa,4601,09:42,,,,,343,,,"Direct",340,3682,3320,
- -,FRA,AUH,Lufthansa (LH),Lufthansa,3019,06:32,,,,,333,,,"Direct",340,2179,3320,
- -,FRA,BCN,Lufthansa (LH),Lufthansa,679,01:51,,,,,321 320 319 32A,,,"Direct",340,1218,3320,
- -,FRA,BEG,Lufthansa (LH),Lufthansa,654,01:48,,,,,320 32A 319 321,,,"Direct",340,1739,3320,
- -,FRA,BEY,Lufthansa (LH),Lufthansa,1762,04:01,,,,,32A 321 320,,,"Direct",340,2177,3320,
- -,FRA,BGO,Lufthansa (LH),Lufthansa,720,01:56,,,,,735 E90,,,"Codeshare",340,636,3320,
- -,FRA,BHX,Lufthansa (LH),Lufthansa,475,01:27,,,,,733 319 32A 321 320,,,"Direct",340,469,3320,
- -,FRA,BIA,Lufthansa (LH),Lufthansa,518,01:32,,,,,E90,,,"Direct",340,1321,3320,
- -,FRA,BIO,Lufthansa (LH),Lufthansa,714,01:55,,,,,320 32A 319 321,,,"Direct",340,1216,3320,
- -,FRA,BKK,Lufthansa (LH),Lufthansa,5588,11:40,,,,,346,,,"Direct",340,3885,3320,
- -,FRA,BLL,Lufthansa (LH),Lufthansa,394,01:17,,,,,735 733,,,"Direct",340,608,3320,
- -,FRA,BLQ,Lufthansa (LH),Lufthansa,400,01:18,,,,,735 321 319 733 320,,,"Direct",340,1538,3320,
- -,FRA,BLR,Lufthansa (LH),Lufthansa,4596,09:41,,,,,74H,,,"Direct",340,3131,3320,
- -,FRA,BOG,Lufthansa (LH),Lufthansa,5643,11:47,,,,,346,,,"Direct",340,2709,3320,
- -,FRA,BOM,Lufthansa (LH),Lufthansa,4079,08:39,,,,,744,,,"Direct",340,2997,3320,
- -,FRA,BOS,Lufthansa (LH),Lufthansa,3657,07:48,,,,,744 346,,,"Direct",340,3448,3320,
- -,FRA,BRE,Lufthansa (LH),Lufthansa,208,00:54,,,,,733 319 321 735 E90,,,"Direct",340,353,3320,
- -,FRA,BRU,Lufthansa (LH),Lufthansa,189,00:52,,,,,E90 733 735 CR7 319 321 320 32A,,,"Direct",340,302,3320,
- -,FRA,BSL,Lufthansa (LH),Lufthansa,175,00:51,,,,,CR7,,,"Direct",340,1423,3320,
- -,FRA,BUD,Lufthansa (LH),Lufthansa,518,01:32,,,,,320 733 321 735 32A,,,"Direct",340,1489,3320,
- -,FRA,CAI,Lufthansa (LH),Lufthansa,1814,04:07,,,,,32A 321,,,"Direct",340,1128,3320,
- -,FRA,CCS,Lufthansa (LH),Lufthansa,5015,10:31,,,,,333,,,"Direct",340,2851,3320,
- -,FRA,CDG,Lufthansa (LH),Lufthansa,278,01:03,,,,,321 32A 735 319 320 733,,,"Direct",340,1382,3320,
- -,FRA,CMN,Lufthansa (LH),Lufthansa,1414,03:19,,,,,321,,,"Direct",340,1074,3320,
- -,FRA,CPH,Lufthansa (LH),Lufthansa,421,01:20,,,,,319 733 32A 321 320,,,"Direct",340,609,3320,
- -,FRA,CTU,Lufthansa (LH),Lufthansa,4850,10:12,,,,,330,,,"Codeshare",340,3395,3320,
- -,FRA,DBV,Lufthansa (LH),Lufthansa,691,01:52,,,,,319 320 735,,,"Codeshare",340,1200,3320,
- -,FRA,DEL,Lufthansa (LH),Lufthansa,3801,08:06,,,,,74H,,,"Direct",340,3093,3320,
- -,FRA,DEN,Lufthansa (LH),Lufthansa,5023,10:32,,,,,744,,,"Direct",340,3751,3320,
- -,FRA,DFW,Lufthansa (LH),Lufthansa,5128,10:45,,,,,333,,,"Direct",340,3670,3320,
- -,FRA,DME,Lufthansa (LH),Lufthansa,1271,03:02,,,,,32A 321 320,,,"Direct",340,4029,3320,
- -,FRA,DMM,Lufthansa (LH),Lufthansa,2712,05:55,,,,,73H,,,"Codeshare",340,2064,3320,
- -,FRA,DOH,Lufthansa (LH),Lufthansa,2848,06:11,,,,,333 343,,,"Direct",340,11051,3320,
- -,FRA,DRS,Lufthansa (LH),Lufthansa,240,00:58,,,,,735 733 32A E90,,,"Direct",340,338,3320,
- -,FRA,DTW,Lufthansa (LH),Lufthansa,4147,08:47,,,,,343,,,"Direct",340,3645,3320,
- -,FRA,DUB,Lufthansa (LH),Lufthansa,674,01:50,,,,,321,,,"Direct",340,599,3320,
- -,FRA,DUS,Lufthansa (LH),Lufthansa,117,00:44,,,,,319 320 CR7 E90 321,,,"Direct",340,345,3320,
- -,FRA,DXB,Lufthansa (LH),Lufthansa,3007,06:30,,,,,343,,,"Direct",340,2188,3320,
- -,FRA,EBL,Lufthansa (LH),Lufthansa,1996,04:29,,,,,319,,,"Direct",340,3989,3320,
- -,FRA,EDI,Lufthansa (LH),Lufthansa,641,01:46,,,,,321 32A 320 319,,,"Direct",340,535,3320,
- -,FRA,EWR,Lufthansa (LH),Lufthansa,3857,08:12,,,,,744,,,"Direct",340,3494,3320,
- -,FRA,EZE,Lufthansa (LH),Lufthansa,7143,14:47,,,,,744,,,"Direct",340,3988,3320,
- -,FRA,FAO,Lufthansa (LH),Lufthansa,1216,02:55,,,,,32A 321 320,,,"Direct",340,1626,3320,
- -,FRA,FCO,Lufthansa (LH),Lufthansa,595,01:41,,,,,321 320,,,"Direct",340,1555,3320,
- -,FRA,FDH,Lufthansa (LH),Lufthansa,168,00:50,,,,,CR7,,,"Codeshare",340,382,3320,
- -,FRA,FLR,Lufthansa (LH),Lufthansa,447,01:23,,,,,E90,,,"Codeshare",340,1563,3320,
- -,FRA,FMO,Lufthansa (LH),Lufthansa,150,00:48,,,,,CR7,,,"Codeshare",340,341,3320,
- -,FRA,GDN,Lufthansa (LH),Lufthansa,514,01:31,,,,,319 321 32A 320,,,"Direct",340,668,3320,
- -,FRA,GIG,Lufthansa (LH),Lufthansa,5942,12:23,,,,,744,,,"Direct",340,2560,3320,
- -,FRA,GOJ,Lufthansa (LH),Lufthansa,1501,03:30,,,,,319,,,"Direct",340,4274,3320,
- -,FRA,GOT,Lufthansa (LH),Lufthansa,547,01:35,,,,,319 32A 733 321,,,"Direct",340,687,3320,
- -,FRA,GRU,Lufthansa (LH),Lufthansa,6084,12:40,,,,,74H,,,"Direct",340,2564,3320,
- -,FRA,GRZ,Lufthansa (LH),Lufthansa,377,01:15,,,,,E90 733,,,"Direct",340,1609,3320,
- -,FRA,GVA,Lufthansa (LH),Lufthansa,285,01:04,,,,,CR7 735 E90,,,"Direct",340,1665,3320,
- -,FRA,GWT,Lufthansa (LH),Lufthansa,337,01:10,,,,,E90,,,"Codeshare",340,410,3320,
- -,FRA,GYD,Lufthansa (LH),Lufthansa,2091,04:40,,,,,333 343,,,"Direct",340,2922,3320,
- -,FRA,HAJ,Lufthansa (LH),Lufthansa,174,00:50,,,,,319 735 733 32A,,,"Direct",340,352,3320,
- -,FRA,HAM,Lufthansa (LH),Lufthansa,255,01:00,,,,,321 320 319 32A,,,"Direct",340,342,3320,
- -,FRA,HEL,Lufthansa (LH),Lufthansa,955,02:24,,,,,321 32A 320,,,"Direct",340,421,3320,
- -,FRA,HER,Lufthansa (LH),Lufthansa,1313,03:07,,,,,320,,,"Codeshare",340,1452,3320,
- -,FRA,HKG,Lufthansa (LH),Lufthansa,5684,11:52,,,,,74H,,,"Direct",340,3077,3320,
- -,FRA,HND,Lufthansa (LH),Lufthansa,5813,12:07,,,,,744,,,"Direct",340,2359,3320,
- -,FRA,IAD,Lufthansa (LH),Lufthansa,4068,08:38,,,,,333 74H,,,"Direct",340,3714,3320,
- -,FRA,IAH,Lufthansa (LH),Lufthansa,5218,10:56,,,,,388,,,"Direct",340,3550,3320,
- -,FRA,IBZ,Lufthansa (LH),Lufthansa,847,02:11,,,,,321 319,,,"Direct",340,1225,3320,
- -,FRA,ICN,Lufthansa (LH),Lufthansa,5305,11:06,,,,,74H,,,"Direct",340,3930,3320,
- -,FRA,IKA,Lufthansa (LH),Lufthansa,2343,05:11,,,,,343,,,"Direct",340,4330,3320,
- -,FRA,INN,Lufthansa (LH),Lufthansa,229,00:57,,,,,DH4,,,"Codeshare",340,1610,3320,
- -,FRA,ISL,Lufthansa (LH),Lufthansa,1156,02:48,,,,,321,,,"Direct",340,1701,3320,
- -,FRA,JED,Lufthansa (LH),Lufthansa,2565,05:37,,,,,333,,,"Direct",340,2072,3320,
- -,FRA,JFK,Lufthansa (LH),Lufthansa,3843,08:11,,,,,388 744,,,"Direct",340,3797,3320,
- -,FRA,JNB,Lufthansa (LH),Lufthansa,5396,11:17,,,,,388,,,"Direct",340,813,3320,
- -,FRA,KBP,Lufthansa (LH),Lufthansa,983,02:27,,,,,32A 319 320,,,"Direct",340,2939,3320,
- -,FRA,KIX,Lufthansa (LH),Lufthansa,5751,12:00,,,,,744,,,"Direct",340,3992,3320,
- -,FRA,KRK,Lufthansa (LH),Lufthansa,496,01:29,,,,,735 321 733 32A 319,,,"Direct",340,669,3320,
- -,FRA,KTW,Lufthansa (LH),Lufthansa,464,01:25,,,,,735 CR7 733,,,"Codeshare",340,671,3320,
- -,FRA,KUF,Lufthansa (LH),Lufthansa,1767,04:02,,,,,319,,,"Direct",340,2993,3320,
- -,FRA,KUL,Lufthansa (LH),Lufthansa,6208,12:54,,,,,346,,,"Direct",340,3304,3320,
- -,FRA,KWI,Lufthansa (LH),Lufthansa,2496,05:29,,,,,343,,,"Direct",340,2176,3320,
- -,FRA,LAD,Lufthansa (LH),Lufthansa,4076,08:39,,,,,343,,,"Direct",340,951,3320,
- -,FRA,LAX,Lufthansa (LH),Lufthansa,5789,12:04,,,,,74H,,,"Direct",340,3484,3320,
- -,FRA,LCA,Lufthansa (LH),Lufthansa,1636,03:46,,,,,32A 321,,,"Direct",340,1197,3320,
- -,FRA,LCY,Lufthansa (LH),Lufthansa,385,01:16,,,,,E90,,,"Codeshare",340,503,3320,
- -,FRA,LED,Lufthansa (LH),Lufthansa,1085,02:40,,,,,32A 321 320,,,"Direct",340,2948,3320,
- -,FRA,LEJ,Lufthansa (LH),Lufthansa,186,00:52,,,,,CR7 E90 735,,,"Direct",340,348,3320,
- -,FRA,LHR,Lufthansa (LH),Lufthansa,406,01:18,,,,,32A 319 320 321 733,,,"Direct",340,507,3320,
- -,FRA,LIN,Lufthansa (LH),Lufthansa,318,01:08,,,,,321 E90 320 319 32A,,,"Direct",340,1529,3320,
- -,FRA,LIS,Lufthansa (LH),Lufthansa,1163,02:49,,,,,321 32A,,,"Direct",340,1638,3320,
- -,FRA,LJU,Lufthansa (LH),Lufthansa,377,01:15,,,,,CR9 319,,,"Codeshare",340,1569,3320,
- -,FRA,LNZ,Lufthansa (LH),Lufthansa,282,01:03,,,,,CR7 E90,,,"Direct",340,1611,3320,
- -,FRA,LOS,Lufthansa (LH),Lufthansa,3016,06:31,,,,,333,,,"Direct",340,273,3320,
- -,FRA,LYS,Lufthansa (LH),Lufthansa,338,01:10,,,,,32A 319 733 321 735,,,"Direct",340,1335,3320,
- -,FRA,MAA,Lufthansa (LH),Lufthansa,4715,09:55,,,,,343,,,"Direct",340,3144,3320,
- -,FRA,MAD,Lufthansa (LH),Lufthansa,883,02:15,,,,,32A 321 319 320,,,"Direct",340,1229,3320,
- -,FRA,MAN,Lufthansa (LH),Lufthansa,517,01:32,,,,,319 321 32A 320 733,,,"Direct",340,478,3320,
- -,FRA,MCO,Lufthansa (LH),Lufthansa,4732,09:57,,,,,744,,,"Direct",340,3878,3320,
- -,FRA,MEX,Lufthansa (LH),Lufthansa,5931,12:21,,,,,74H,,,"Direct",340,1824,3320,
- -,FRA,MIA,Lufthansa (LH),Lufthansa,4821,10:08,,,,,388,,,"Direct",340,3576,3320,
- -,FRA,MLA,Lufthansa (LH),Lufthansa,1022,02:32,,,,,321 32A,,,"Direct",340,1606,3320,
- -,FRA,MPL,Lufthansa (LH),Lufthansa,495,01:29,,,,,735,,,"Direct",340,1359,3320,
- -,FRA,MRS,Lufthansa (LH),Lufthansa,482,01:27,,,,,E90 320 32A 319,,,"Direct",340,1353,3320,
- -,FRA,MSQ,Lufthansa (LH),Lufthansa,866,02:13,,,,,E90,,,"Codeshare",340,2954,3320,
- -,FRA,MUC,Lufthansa (LH),Lufthansa,185,00:52,,,,,320 321 32A 319,,,"Direct",340,346,3320,
- -,FRA,MXP,Lufthansa (LH),Lufthansa,304,01:06,,,,,320 319 321 32A 733,,,"Direct",340,1524,3320,
- -,FRA,NAP,Lufthansa (LH),Lufthansa,689,01:52,,,,,321 32A 320,,,"Direct",340,1561,3320,
- -,FRA,NCE,Lufthansa (LH),Lufthansa,444,01:23,,,,,32A 319 321 320,,,"Direct",340,1354,3320,
- -,FRA,NGO,Lufthansa (LH),Lufthansa,5771,12:02,,,,,343,,,"Direct",340,3942,3320,
- -,FRA,NKG,Lufthansa (LH),Lufthansa,5362,11:13,,,,,343,,,"Direct",340,3388,3320,
- -,FRA,NUE,Lufthansa (LH),Lufthansa,117,00:44,,,,,319 735 CR7 321 733 E90 32A 320,,,"Direct",340,347,3320,
- -,FRA,OLB,Lufthansa (LH),Lufthansa,632,01:45,,,,,E90,,,"Codeshare",340,1520,3320,
- -,FRA,OPO,Lufthansa (LH),Lufthansa,1026,02:33,,,,,321,,,"Direct",340,1636,3320,
- -,FRA,ORD,Lufthansa (LH),Lufthansa,4329,09:09,,,,,74H 744,,,"Direct",340,3830,3320,
- -,FRA,OSL,Lufthansa (LH),Lufthansa,703,01:54,,,,,319 32A 320,,,"Direct",340,644,3320,
- -,FRA,OTP,Lufthansa (LH),Lufthansa,899,02:17,,,,,320 733 32A 319,,,"Direct",340,1657,3320,
- -,FRA,PEK,Lufthansa (LH),Lufthansa,4836,10:10,,,,,388,,,"Direct",340,3364,3320,
- -,FRA,PHL,Lufthansa (LH),Lufthansa,3936,08:22,,,,,343,,,"Direct",340,3752,3320,
- -,FRA,PMI,Lufthansa (LH),Lufthansa,777,02:03,,,,,319 32A,,,"Direct",340,3998,3320,
- -,FRA,PMO,Lufthansa (LH),Lufthansa,848,02:11,,,,,E90,,,"Codeshare",340,1512,3320,
- -,FRA,PNQ,Lufthansa (LH),Lufthansa,4151,08:48,,,,,73H,,,"Codeshare",340,3017,3320,
- -,FRA,POZ,Lufthansa (LH),Lufthansa,392,01:17,,,,,CR7,,,"Direct",340,674,3320,
- -,FRA,PRG,Lufthansa (LH),Lufthansa,252,01:00,,,,,321 733 32A 320,,,"Direct",340,1587,3320,
- -,FRA,PRN,Lufthansa (LH),Lufthansa,784,02:04,,,,,319,,,"Codeshare",340,1742,3320,
- -,FRA,PUY,Lufthansa (LH),Lufthansa,433,01:21,,,,,319 320,,,"Codeshare",340,1203,3320,
- -,FRA,PVG,Lufthansa (LH),Lufthansa,5500,11:30,,,,,388 744,,,"Direct",340,3406,3320,
- -,FRA,RIX,Lufthansa (LH),Lufthansa,788,02:04,,,,,321 320,,,"Direct",340,3953,3320,
- -,FRA,RUH,Lufthansa (LH),Lufthansa,2665,05:49,,,,,333,,,"Direct",340,2082,3320,
- -,FRA,RZE,Lufthansa (LH),Lufthansa,595,01:41,,,,,CR7,,,"Direct",340,675,3320,
- -,FRA,SEA,Lufthansa (LH),Lufthansa,5090,10:40,,,,,333 343,,,"Direct",340,3577,3320,
- -,FRA,SFO,Lufthansa (LH),Lufthansa,5681,11:51,,,,,744 388,,,"Direct",340,3469,3320,
- -,FRA,SHE,Lufthansa (LH),Lufthansa,4980,10:27,,,,,343,,,"Direct",340,4144,3320,
- -,FRA,SIN,Lufthansa (LH),Lufthansa,6383,13:15,,,,,388,,,"Direct",340,3316,3320,
- -,FRA,SKG,Lufthansa (LH),Lufthansa,956,02:24,,,,,321,,,"Codeshare",340,1486,3320,
- -,FRA,SOF,Lufthansa (LH),Lufthansa,867,02:14,,,,,320 32A 319 321,,,"Direct",340,1194,3320,
- -,FRA,SPU,Lufthansa (LH),Lufthansa,577,01:39,,,,,319,,,"Direct",340,1206,3320,
- -,FRA,STR,Lufthansa (LH),Lufthansa,97,00:41,,,,,319 735 320 32A,,,"Direct",340,350,3320,
- -,FRA,SVG,Lufthansa (LH),Lufthansa,621,01:44,,,,,319 733,,,"Direct",340,666,3320,
- -,FRA,SZG,Lufthansa (LH),Lufthansa,253,01:00,,,,,100,,,"Codeshare",340,1612,3320,
- -,FRA,TLL,Lufthansa (LH),Lufthansa,911,02:19,,,,,321 320 32A,,,"Direct",340,415,3320,
- -,FRA,TLS,Lufthansa (LH),Lufthansa,557,01:36,,,,,319 735 733,,,"Direct",340,1273,3320,
- -,FRA,TLV,Lufthansa (LH),Lufthansa,1833,04:09,,,,,321,,,"Direct",340,1590,3320,
- -,FRA,TRN,Lufthansa (LH),Lufthansa,336,01:10,,,,,735 E90 CR7,,,"Direct",340,1526,3320,
- -,FRA,TSE,Lufthansa (LH),Lufthansa,2675,05:51,,,,,333,,,"Direct",340,2910,3320,
- -,FRA,TUN,Lufthansa (LH),Lufthansa,914,02:19,,,,,319,,,"Direct",340,287,3320,
- -,FRA,TXL,Lufthansa (LH),Lufthansa,268,01:02,,,,,321 320 32A,,,"Direct",340,351,3320,
- -,FRA,VCE,Lufthansa (LH),Lufthansa,358,01:12,,,,,321 32A 319,,,"Direct",340,1551,3320,
- -,FRA,VIE,Lufthansa (LH),Lufthansa,385,01:16,,,,,321,,,"Direct",340,1613,3320,
- -,FRA,VKO,Lufthansa (LH),Lufthansa,1247,02:59,,,,,32A 321,,,"Direct",340,2988,3320,
- -,FRA,VLC,Lufthansa (LH),Lufthansa,851,02:12,,,,,32A 319,,,"Direct",340,1246,3320,
- -,FRA,VNO,Lufthansa (LH),Lufthansa,771,02:02,,,,,321 320,,,"Direct",340,3959,3320,
- -,FRA,VRN,Lufthansa (LH),Lufthansa,337,01:10,,,,,E95,,,"Codeshare",340,1550,3320,
- -,FRA,WAW,Lufthansa (LH),Lufthansa,556,01:36,,,,,321 320 32A 319,,,"Direct",340,679,3320,
- -,FRA,WRO,Lufthansa (LH),Lufthansa,371,01:14,,,,,CR7 32A,,,"Direct",340,680,3320,
- -,FRA,YOW,Lufthansa (LH),Lufthansa,3716,07:55,,,,,333,,,"Codeshare",340,100,3320,
- -,FRA,YUL,Lufthansa (LH),Lufthansa,3635,07:46,,,,,333,,,"Codeshare",340,146,3320,
- -,FRA,YVR,Lufthansa (LH),Lufthansa,5006,10:30,,,,,744,,,"Direct",340,156,3320,
- -,FRA,YYC,Lufthansa (LH),Lufthansa,4675,09:51,,,,,77W,,,"Codeshare",340,178,3320,
- -,FRA,YYZ,Lufthansa (LH),Lufthansa,3939,08:22,,,,,744,,,"Direct",340,193,3320,
- -,FRA,ZAD,Lufthansa (LH),Lufthansa,518,01:32,,,,,319,,,"Codeshare",340,1209,3320,
- -,FRA,ZAG,Lufthansa (LH),Lufthansa,456,01:24,,,,,733 32A,,,"Direct",340,1208,3320,
- -,FRA,ZRH,Lufthansa (LH),Lufthansa,177,00:51,,,,,733 E90 735 319 320 321,,,"Direct",340,1678,3320,
- -,GDN,FRA,Lufthansa (LH),Lufthansa,514,01:31,,,,,319 321 32A 320,,,"Direct",668,340,3320,
- -,GDN,MUC,Lufthansa (LH),Lufthansa,505,01:30,,,,,E95,,,"Direct",668,346,3320,
- -,GIG,FRA,Lufthansa (LH),Lufthansa,5942,12:23,,,,,744,,,"Direct",2560,340,3320,
- -,GLA,DUS,Lufthansa (LH),Lufthansa,556,01:36,,,,,CR9,,,"Codeshare",534,345,3320,
- -,GLA,EWR,Lufthansa (LH),Lufthansa,3218,06:56,,,,,752,,,"Codeshare",534,3494,3320,
- -,GOA,MUC,Lufthansa (LH),Lufthansa,306,01:06,,,,,CR9 CR7,,,"Direct",1528,346,3320,
- -,GOJ,FRA,Lufthansa (LH),Lufthansa,1501,03:30,,,,,319,,,"Direct",4274,340,3320,
- -,GOT,DUS,Lufthansa (LH),Lufthansa,492,01:29,,,,,CR9,,,"Codeshare",687,345,3320,
- -,GOT,FRA,Lufthansa (LH),Lufthansa,547,01:35,,,,,32A 319 733 321,,,"Direct",687,340,3320,
- -,GOT,MUC,Lufthansa (LH),Lufthansa,643,01:47,,,,,E95 CR9,,,"Codeshare",687,346,3320,
- -,GRU,CWB,Lufthansa (LH),Lufthansa,223,00:56,,,,,320,,,"Codeshare",2564,2545,3320,
- -,GRU,FRA,Lufthansa (LH),Lufthansa,6084,12:40,,,,,74H,,,"Direct",2564,340,3320,
- -,GRU,MUC,Lufthansa (LH),Lufthansa,6121,12:44,,,,,346,,,"Direct",2564,346,3320,
- -,GRZ,DUS,Lufthansa (LH),Lufthansa,491,01:28,,,,,DH4,,,"Codeshare",1609,345,3320,
- -,GRZ,FRA,Lufthansa (LH),Lufthansa,377,01:15,,,,,E90 733,,,"Direct",1609,340,3320,
- -,GRZ,MUC,Lufthansa (LH),Lufthansa,194,00:53,,,,,CR9 CR7,,,"Codeshare",1609,346,3320,
- -,GRZ,STR,Lufthansa (LH),Lufthansa,311,01:07,,,,,DH4,,,"Codeshare",1609,350,3320,
- -,GVA,FRA,Lufthansa (LH),Lufthansa,285,01:04,,,,,735 CR7,,,"Direct",1665,340,3320,
- -,GVA,MUC,Lufthansa (LH),Lufthansa,303,01:06,,,,,E95 CR9,,,"Direct",1665,346,3320,
- -,GVA,YUL,Lufthansa (LH),Lufthansa,3667,07:50,,,,,333,,,"Codeshare",1665,146,3320,
- -,GWT,FRA,Lufthansa (LH),Lufthansa,337,01:10,,,,,E90,,,"Codeshare",410,340,3320,
- -,GWT,MUC,Lufthansa (LH),Lufthansa,476,01:27,,,,,E95,,,"Codeshare",410,346,3320,
- -,GYD,ASB,Lufthansa (LH),Lufthansa,476,01:27,,,,,333 343,,,"Direct",2922,2976,3320,
- -,GYD,FRA,Lufthansa (LH),Lufthansa,2091,04:40,,,,,333 343,,,"Direct",2922,340,3320,
- -,HAJ,BRU,Lufthansa (LH),Lufthansa,247,00:59,,,,,DH4,,,"Codeshare",352,302,3320,
- -,HAJ,FRA,Lufthansa (LH),Lufthansa,174,00:50,,,,,735 319 733 32A,,,"Direct",352,340,3320,
- -,HAJ,MUC,Lufthansa (LH),Lufthansa,298,01:05,,,,,319 320 321 E95,,,"Direct",352,346,3320,
- -,HAJ,ZRH,Lufthansa (LH),Lufthansa,348,01:11,,,,,100 AR1 320,,,"Codeshare",352,1678,3320,
- -,HAM,BRU,Lufthansa (LH),Lufthansa,299,01:05,,,,,319 AR1 DH4,,,"Codeshare",342,302,3320,
- -,HAM,BSL,Lufthansa (LH),Lufthansa,430,01:21,,,,,AR1,,,"Codeshare",342,1423,3320,
- -,HAM,DUS,Lufthansa (LH),Lufthansa,210,00:55,,,,,320 319,,,"Direct",342,345,3320,
- -,HAM,EWR,Lufthansa (LH),Lufthansa,3811,08:07,,,,,752,,,"Codeshare",342,3494,3320,
- -,HAM,FRA,Lufthansa (LH),Lufthansa,255,01:00,,,,,319 321 320 32A,,,"Direct",342,340,3320,
- -,HAM,LIS,Lufthansa (LH),Lufthansa,1364,03:13,,,,,320 319 321,,,"Codeshare",342,1638,3320,
- -,HAM,MUC,Lufthansa (LH),Lufthansa,372,01:14,,,,,321 320 319,,,"Direct",342,346,3320,
- -,HAM,SCN,Lufthansa (LH),Lufthansa,329,01:09,,,,,DH4,,,"Codeshare",342,349,3320,
- -,HAM,VIE,Lufthansa (LH),Lufthansa,476,01:27,,,,,320 321,,,"Codeshare",342,1613,3320,
- -,HAM,WAW,Lufthansa (LH),Lufthansa,467,01:26,,,,,E75 E70,,,"Codeshare",342,679,3320,
- -,HAM,ZRH,Lufthansa (LH),Lufthansa,430,01:21,,,,,321 320,,,"Codeshare",342,1678,3320,
- -,HEL,FRA,Lufthansa (LH),Lufthansa,955,02:24,,,,,321 32A 320,,,"Direct",421,340,3320,
- -,HEL,MUC,Lufthansa (LH),Lufthansa,977,02:27,,,,,320 319,,,"Direct",421,346,3320,
- -,HER,FRA,Lufthansa (LH),Lufthansa,1313,03:07,,,,,320,,,"Codeshare",1452,340,3320,
- -,HER,MUC,Lufthansa (LH),Lufthansa,1128,02:45,,,,,320,,,"Codeshare",1452,346,3320,
- -,HKG,FRA,Lufthansa (LH),Lufthansa,5684,11:52,,,,,74H,,,"Direct",3077,340,3320,
- -,HKG,MUC,Lufthansa (LH),Lufthansa,5601,11:42,,,,,346,,,"Direct",3077,346,3320,
- -,HKT,BKK,Lufthansa (LH),Lufthansa,418,01:20,,,,,333 330,,,"Codeshare",3179,3885,3320,
- -,HND,FRA,Lufthansa (LH),Lufthansa,5813,12:07,,,,,744,,,"Direct",2359,340,3320,
- -,HND,MUC,Lufthansa (LH),Lufthansa,5811,12:07,,,,,346,,,"Direct",2359,346,3320,
- -,HRE,ADD,Lufthansa (LH),Lufthansa,1931,04:21,,,,,788,,,"Codeshare",1005,1107,3320,
- -,HRE,LUN,Lufthansa (LH),Lufthansa,250,01:00,,,,,788,,,"Codeshare",1005,907,3320,
- -,IAD,AMS,Lufthansa (LH),Lufthansa,3854,08:12,,,,,763,,,"Codeshare",3714,580,3320,
- -,IAD,ATL,Lufthansa (LH),Lufthansa,533,01:33,,,,,CRJ,,,"Codeshare",3714,3682,3320,
- -,IAD,BRU,Lufthansa (LH),Lufthansa,3879,08:15,,,,,777 332,,,"Codeshare",3714,302,3320,
- -,IAD,CDG,Lufthansa (LH),Lufthansa,3848,08:11,,,,,763,,,"Codeshare",3714,1382,3320,
- -,IAD,FRA,Lufthansa (LH),Lufthansa,4068,08:38,,,,,333 74H,,,"Direct",3714,340,3320,
- -,IAD,LHR,Lufthansa (LH),Lufthansa,3665,07:49,,,,,752 777,,,"Codeshare",3714,507,3320,
- -,IAD,MSY,Lufthansa (LH),Lufthansa,953,02:24,,,,,738 739,,,"Codeshare",3714,3861,3320,
- -,IAD,MUC,Lufthansa (LH),Lufthansa,4249,08:59,,,,,333,,,"Direct",3714,346,3320,
- -,IAH,AMS,Lufthansa (LH),Lufthansa,4998,10:29,,,,,777,,,"Codeshare",3550,580,3320,
- -,IAH,FRA,Lufthansa (LH),Lufthansa,5218,10:56,,,,,388,,,"Direct",3550,340,3320,
- -,IAH,LHR,Lufthansa (LH),Lufthansa,4820,10:08,,,,,763 788,,,"Codeshare",3550,507,3320,
- -,IAH,MSY,Lufthansa (LH),Lufthansa,304,01:06,,,,,73G 320 ERJ 738 CR7,,,"Codeshare",3550,3861,3320,
- -,IBZ,FRA,Lufthansa (LH),Lufthansa,847,02:11,,,,,321 319,,,"Direct",1225,340,3320,
- -,ICN,FRA,Lufthansa (LH),Lufthansa,5305,11:06,,,,,74H,,,"Direct",3930,340,3320,
- -,ICN,MUC,Lufthansa (LH),Lufthansa,5278,11:03,,,,,346,,,"Direct",3930,346,3320,
- -,IKA,FRA,Lufthansa (LH),Lufthansa,2343,05:11,,,,,343,,,"Direct",4330,340,3320,
- -,INN,FRA,Lufthansa (LH),Lufthansa,229,00:57,,,,,DH4,,,"Codeshare",1610,340,3320,
- -,ISL,FRA,Lufthansa (LH),Lufthansa,1156,02:48,,,,,321,,,"Direct",1701,340,3320,
- -,ISL,MUC,Lufthansa (LH),Lufthansa,976,02:27,,,,,321 320,,,"Direct",1701,346,3320,
- -,JED,ADD,Lufthansa (LH),Lufthansa,877,02:15,,,,,333,,,"Direct",2072,1107,3320,
- -,JED,FRA,Lufthansa (LH),Lufthansa,2565,05:37,,,,,333,,,"Direct",2072,340,3320,
- -,JFK,BRU,Lufthansa (LH),Lufthansa,3655,07:48,,,,,333,,,"Codeshare",3797,302,3320,
- -,JFK,FRA,Lufthansa (LH),Lufthansa,3843,08:11,,,,,388 744,,,"Direct",3797,340,3320,
- -,JFK,MSY,Lufthansa (LH),Lufthansa,1180,02:51,,,,,E90,,,"Codeshare",3797,3861,3320,
- -,JFK,MUC,Lufthansa (LH),Lufthansa,4024,08:32,,,,,333,,,"Direct",3797,346,3320,
- -,JNB,FRA,Lufthansa (LH),Lufthansa,5396,11:17,,,,,388,,,"Direct",813,340,3320,
- -,JNB,MUC,Lufthansa (LH),Lufthansa,5244,10:59,,,,,346 343 332,,,"Codeshare",813,346,3320,
- -,JRO,ADD,Lufthansa (LH),Lufthansa,864,02:13,,,,,763,,,"Codeshare",1180,1107,3320,
- -,KBP,FRA,Lufthansa (LH),Lufthansa,983,02:27,,,,,321 32A 319 320,,,"Direct",2939,340,3320,
- -,KBP,MUC,Lufthansa (LH),Lufthansa,868,02:14,,,,,319 320 321,,,"Direct",2939,346,3320,
- -,KBV,BKK,Lufthansa (LH),Lufthansa,403,01:18,,,,,333,,,"Codeshare",3174,3885,3320,
- -,KGL,EBB,Lufthansa (LH),Lufthansa,211,00:55,,,,,332,,,"Codeshare",1165,1187,3320,
- -,KGL,NBO,Lufthansa (LH),Lufthansa,470,01:26,,,,,332,,,"Codeshare",1165,4059,3320,
- -,KIV,MUC,Lufthansa (LH),Lufthansa,802,02:06,,,,,E95,,,"Codeshare",1735,346,3320,
- -,KIX,FRA,Lufthansa (LH),Lufthansa,5751,12:00,,,,,744,,,"Direct",3992,340,3320,
- -,KIX,NRT,Lufthansa (LH),Lufthansa,304,01:06,,,,,744,,,"Direct",3992,2279,3320,
- -,KLX,MUC,Lufthansa (LH),Lufthansa,934,02:22,,,,,319,,,"Codeshare",1456,346,3320,
- -,KRK,FRA,Lufthansa (LH),Lufthansa,496,01:29,,,,,735 321 733 32A 319,,,"Direct",669,340,3320,
- -,KRK,MUC,Lufthansa (LH),Lufthansa,379,01:15,,,,,319 320 E95,,,"Codeshare",669,346,3320,
- -,KTW,FRA,Lufthansa (LH),Lufthansa,464,01:25,,,,,735 CR7 733,,,"Codeshare",671,340,3320,
- -,KUF,FRA,Lufthansa (LH),Lufthansa,1767,04:02,,,,,319,,,"Direct",2993,340,3320,
- -,KUL,FRA,Lufthansa (LH),Lufthansa,6208,12:54,,,,,346,,,"Direct",3304,340,3320,
- -,KWI,DMM,Lufthansa (LH),Lufthansa,220,00:56,,,,,343,,,"Direct",2176,2064,3320,
- -,KWI,FRA,Lufthansa (LH),Lufthansa,2496,05:29,,,,,343,,,"Direct",2176,340,3320,
- -,LAD,FIH,Lufthansa (LH),Lufthansa,344,01:11,,,,,333,,,"Codeshare",951,1020,3320,
- -,LAD,FRA,Lufthansa (LH),Lufthansa,4076,08:39,,,,,343,,,"Direct",951,340,3320,
- -,LAX,FRA,Lufthansa (LH),Lufthansa,5789,12:04,,,,,74H,,,"Direct",3484,340,3320,
- -,LAX,LHR,Lufthansa (LH),Lufthansa,5439,11:22,,,,,777,,,"Codeshare",3484,507,3320,
- -,LAX,MUC,Lufthansa (LH),Lufthansa,5971,12:26,,,,,346,,,"Direct",3484,346,3320,
- -,LCA,FRA,Lufthansa (LH),Lufthansa,1636,03:46,,,,,32A 321,,,"Direct",1197,340,3320,
- -,LCA,MUC,Lufthansa (LH),Lufthansa,1452,03:24,,,,,321,,,"Direct",1197,346,3320,
- -,LCY,FRA,Lufthansa (LH),Lufthansa,385,01:16,,,,,E90,,,"Codeshare",503,340,3320,
- -,LED,DUS,Lufthansa (LH),Lufthansa,1081,02:39,,,,,319 320,,,"Direct",2948,345,3320,
- -,LED,FRA,Lufthansa (LH),Lufthansa,1085,02:40,,,,,320 32A 321,,,"Direct",2948,340,3320,
- -,LED,MUC,Lufthansa (LH),Lufthansa,1081,02:39,,,,,320 321,,,"Direct",2948,346,3320,
- -,LEJ,FRA,Lufthansa (LH),Lufthansa,186,00:52,,,,,E90 CR7 735,,,"Direct",348,340,3320,
- -,LEJ,MUC,Lufthansa (LH),Lufthansa,212,00:55,,,,,CR9 E95 CR7,,,"Codeshare",348,346,3320,
- -,LEJ,VIE,Lufthansa (LH),Lufthansa,299,01:05,,,,,DH4,,,"Codeshare",348,1613,3320,
- -,LFW,BRU,Lufthansa (LH),Lufthansa,3094,06:41,,,,,333,,,"Codeshare",298,302,3320,
- -,LHR,DUS,Lufthansa (LH),Lufthansa,311,01:07,,,,,320 CR9,,,"Direct",507,345,3320,
- -,LHR,EWR,Lufthansa (LH),Lufthansa,3453,07:24,,,,,763 777 752,,,"Codeshare",507,3494,3320,
- -,LHR,FRA,Lufthansa (LH),Lufthansa,406,01:18,,,,,319 320 32A 321 733,,,"Direct",507,340,3320,
- -,LHR,IAD,Lufthansa (LH),Lufthansa,3665,07:49,,,,,752 777,,,"Codeshare",507,3714,3320,
- -,LHR,IAH,Lufthansa (LH),Lufthansa,4820,10:08,,,,,763 788,,,"Codeshare",507,3550,3320,
- -,LHR,LAX,Lufthansa (LH),Lufthansa,5439,11:22,,,,,777,,,"Codeshare",507,3484,3320,
- -,LHR,MUC,Lufthansa (LH),Lufthansa,584,01:40,,,,,319 320 321,,,"Direct",507,346,3320,
- -,LHR,ORD,Lufthansa (LH),Lufthansa,3939,08:22,,,,,763,,,"Codeshare",507,3830,3320,
- -,LHR,SFO,Lufthansa (LH),Lufthansa,5350,11:12,,,,,777,,,"Codeshare",507,3469,3320,
- -,LHR,YEG,Lufthansa (LH),Lufthansa,4228,08:57,,,,,763,,,"Codeshare",507,49,3320,
- -,LHR,YHZ,Lufthansa (LH),Lufthansa,2847,06:11,,,,,763,,,"Codeshare",507,73,3320,
- -,LHR,YOW,Lufthansa (LH),Lufthansa,3320,07:08,,,,,763,,,"Codeshare",507,100,3320,
- -,LHR,YUL,Lufthansa (LH),Lufthansa,3238,06:58,,,,,77W,,,"Codeshare",507,146,3320,
- -,LHR,YVR,Lufthansa (LH),Lufthansa,4706,09:54,,,,,77W,,,"Codeshare",507,156,3320,
- -,LHR,YYC,Lufthansa (LH),Lufthansa,4356,09:12,,,,,333,,,"Codeshare",507,178,3320,
- -,LHR,YYT,Lufthansa (LH),Lufthansa,2307,05:06,,,,,319,,,"Codeshare",507,189,3320,
- -,LHR,YYZ,Lufthansa (LH),Lufthansa,3544,07:35,,,,,77L 763 77W 333,,,"Codeshare",507,193,3320,
- -,LIM,UIO,Lufthansa (LH),Lufthansa,825,02:09,,,,,M1F,,,"Direct",2789,2688,3320,
- -,LIN,BRU,Lufthansa (LH),Lufthansa,436,01:22,,,,,AR1 319,,,"Codeshare",1529,302,3320,
- -,LIN,FRA,Lufthansa (LH),Lufthansa,318,01:08,,,,,320 321 E90 319 32A,,,"Direct",1529,340,3320,
- -,LIS,FRA,Lufthansa (LH),Lufthansa,1163,02:49,,,,,321 32A,,,"Direct",1638,340,3320,
- -,LIS,HAM,Lufthansa (LH),Lufthansa,1364,03:13,,,,,319 320 321,,,"Codeshare",1638,342,3320,
- -,LIS,MUC,Lufthansa (LH),Lufthansa,1231,02:57,,,,,321,,,"Direct",1638,346,3320,
- -,LJU,FRA,Lufthansa (LH),Lufthansa,377,01:15,,,,,CR9 319,,,"Codeshare",1569,340,3320,
- -,LJU,MUC,Lufthansa (LH),Lufthansa,193,00:53,,,,,CR9 CR2,,,"Codeshare",1569,346,3320,
- -,LNZ,DUS,Lufthansa (LH),Lufthansa,392,01:17,,,,,DH4,,,"Codeshare",1611,345,3320,
- -,LNZ,FRA,Lufthansa (LH),Lufthansa,282,01:03,,,,,CR7 E90,,,"Direct",1611,340,3320,
- -,LOS,FRA,Lufthansa (LH),Lufthansa,3016,06:31,,,,,333,,,"Direct",273,340,3320,
- -,LOS,PHC,Lufthansa (LH),Lufthansa,271,01:02,,,,,333,,,"Direct",273,275,3320,
- -,LUN,HRE,Lufthansa (LH),Lufthansa,250,01:00,,,,,788,,,"Codeshare",907,1005,3320,
- -,LUX,MUC,Lufthansa (LH),Lufthansa,267,01:02,,,,,CR9 CR7,,,"Codeshare",629,346,3320,
- -,LUX,SCN,Lufthansa (LH),Lufthansa,49,00:35,,,,,DH4,,,"Codeshare",629,349,3320,
- -,LUX,TXL,Lufthansa (LH),Lufthansa,367,01:14,,,,,DH4 ER4,,,"Codeshare",629,351,3320,
- -,LWO,MUC,Lufthansa (LH),Lufthansa,558,01:36,,,,,CR7 CR9,,,"Codeshare",2945,346,3320,
- -,LYS,FRA,Lufthansa (LH),Lufthansa,338,01:10,,,,,32A 319 733 321 735,,,"Direct",1335,340,3320,
- -,LYS,MUC,Lufthansa (LH),Lufthansa,363,01:13,,,,,E95 CR9,,,"Codeshare",1335,346,3320,
- -,MAA,FRA,Lufthansa (LH),Lufthansa,4715,09:55,,,,,343,,,"Direct",3144,340,3320,
- -,MAD,EWR,Lufthansa (LH),Lufthansa,3595,07:41,,,,,752,,,"Codeshare",1229,3494,3320,
- -,MAD,FRA,Lufthansa (LH),Lufthansa,883,02:15,,,,,321 32A 319 320,,,"Direct",1229,340,3320,
- -,MAD,MUC,Lufthansa (LH),Lufthansa,929,02:21,,,,,321 320 319,,,"Direct",1229,346,3320,
- -,MAN,DUS,Lufthansa (LH),Lufthansa,407,01:18,,,,,319 CR9,,,"Codeshare",478,345,3320,
- -,MAN,EWR,Lufthansa (LH),Lufthansa,3343,07:11,,,,,752,,,"Codeshare",478,3494,3320,
- -,MAN,FRA,Lufthansa (LH),Lufthansa,517,01:32,,,,,32A 319 321 320 733,,,"Direct",478,340,3320,
- -,MAN,MUC,Lufthansa (LH),Lufthansa,701,01:54,,,,,320 319,,,"Direct",478,346,3320,
- -,MBA,JRO,Lufthansa (LH),Lufthansa,178,00:51,,,,,DH8,,,"Codeshare",1145,1180,3320,
- -,MCO,FRA,Lufthansa (LH),Lufthansa,4732,09:57,,,,,744,,,"Direct",3878,340,3320,
- -,MCT,AUH,Lufthansa (LH),Lufthansa,236,00:58,,,,,333,,,"Direct",2194,2179,3320,
- -,MEX,FRA,Lufthansa (LH),Lufthansa,5931,12:21,,,,,74H,,,"Direct",1824,340,3320,
- -,MEX,MUC,Lufthansa (LH),Lufthansa,6113,12:43,,,,,346,,,"Direct",1824,346,3320,
- -,MIA,FRA,Lufthansa (LH),Lufthansa,4821,10:08,,,,,388,,,"Direct",3576,340,3320,
- -,MLA,CTA,Lufthansa (LH),Lufthansa,115,00:43,,,,,319,,,"Codeshare",1606,1509,3320,
- -,MLA,DUS,Lufthansa (LH),Lufthansa,1131,02:45,,,,,319 320,,,"Codeshare",1606,345,3320,
- -,MLA,FRA,Lufthansa (LH),Lufthansa,1022,02:32,,,,,321 32A,,,"Direct",1606,340,3320,
- -,MLA,MUC,Lufthansa (LH),Lufthansa,873,02:14,,,,,319 320,,,"Direct",1606,346,3320,
- -,MPL,FRA,Lufthansa (LH),Lufthansa,495,01:29,,,,,735,,,"Direct",1359,340,3320,
- -,MRS,FRA,Lufthansa (LH),Lufthansa,482,01:27,,,,,E90 320 32A 319,,,"Direct",1353,340,3320,
- -,MRS,MUC,Lufthansa (LH),Lufthansa,463,01:25,,,,,E95 CR9,,,"Codeshare",1353,346,3320,
- -,MSQ,FRA,Lufthansa (LH),Lufthansa,866,02:13,,,,,E90,,,"Codeshare",2954,340,3320,
- -,MSY,EWR,Lufthansa (LH),Lufthansa,1165,02:49,,,,,738 ERJ,,,"Codeshare",3861,3494,3320,
- -,MSY,IAD,Lufthansa (LH),Lufthansa,953,02:24,,,,,320 319,,,"Codeshare",3861,3714,3320,
- -,MSY,IAH,Lufthansa (LH),Lufthansa,304,01:06,,,,,CR7 738 ERJ,,,"Codeshare",3861,3550,3320,
- -,MSY,JFK,Lufthansa (LH),Lufthansa,1180,02:51,,,,,E90 320,,,"Codeshare",3861,3797,3320,
- -,MUC,ADB,Lufthansa (LH),Lufthansa,1035,02:34,,,,,321 319 320,,,"Direct",346,1706,3320,
- -,MUC,AGP,Lufthansa (LH),Lufthansa,1151,02:48,,,,,320 321,,,"Direct",346,1230,3320,
- -,MUC,AMS,Lufthansa (LH),Lufthansa,412,01:19,,,,,E95 CR9,,,"Codeshare",346,580,3320,
- -,MUC,AOI,Lufthansa (LH),Lufthansa,335,01:10,,,,,CR9 E95,,,"Codeshare",346,4309,3320,
- -,MUC,ARN,Lufthansa (LH),Lufthansa,818,02:08,,,,,CR9 320 321 319,,,"Direct",346,737,3320,
- -,MUC,ATH,Lufthansa (LH),Lufthansa,942,02:23,,,,,321,,,"Direct",346,3941,3320,
- -,MUC,BCN,Lufthansa (LH),Lufthansa,679,01:51,,,,,319 321 320 E95,,,"Direct",346,1218,3320,
- -,MUC,BEG,Lufthansa (LH),Lufthansa,472,01:26,,,,,E95,,,"Codeshare",346,1739,3320,
- -,MUC,BHX,Lufthansa (LH),Lufthansa,658,01:48,,,,,E95,,,"Codeshare",346,469,3320,
- -,MUC,BIO,Lufthansa (LH),Lufthansa,786,02:04,,,,,E95 319 320,,,"Direct",346,1216,3320,
- -,MUC,BKK,Lufthansa (LH),Lufthansa,5464,11:25,,,,,747,,,"Codeshare",346,3885,3320,
- -,MUC,BLQ,Lufthansa (LH),Lufthansa,264,01:01,,,,,E95,,,"Direct",346,1538,3320,
- -,MUC,BOM,Lufthansa (LH),Lufthansa,3919,08:20,,,,,333,,,"Direct",346,2997,3320,
- -,MUC,BOS,Lufthansa (LH),Lufthansa,3838,08:10,,,,,333,,,"Direct",346,3448,3320,
- -,MUC,BRE,Lufthansa (LH),Lufthansa,349,01:11,,,,,E95 319 321 320,,,"Direct",346,353,3320,
- -,MUC,BRI,Lufthansa (LH),Lufthansa,554,01:36,,,,,E95,,,"Codeshare",346,1501,3320,
- -,MUC,BRU,Lufthansa (LH),Lufthansa,370,01:14,,,,,319 E95 320,,,"Direct",346,302,3320,
- -,MUC,BSL,Lufthansa (LH),Lufthansa,203,00:54,,,,,CR9 CR7,,,"Codeshare",346,1423,3320,
- -,MUC,BUD,Lufthansa (LH),Lufthansa,351,01:12,,,,,320 E95 CR9 319 321,,,"Direct",346,1489,3320,
- -,MUC,CAG,Lufthansa (LH),Lufthansa,643,01:47,,,,,E95,,,"Direct",346,1519,3320,
- -,MUC,CAI,Lufthansa (LH),Lufthansa,1629,03:45,,,,,738,,,"Codeshare",346,1128,3320,
- -,MUC,CDG,Lufthansa (LH),Lufthansa,423,01:20,,,,,E95 320 321 319,,,"Direct",346,1382,3320,
- -,MUC,CGN,Lufthansa (LH),Lufthansa,270,01:02,,,,,319 321 320 E95,,,"Direct",346,344,3320,
- -,MUC,CLJ,Lufthansa (LH),Lufthansa,564,01:37,,,,,E95,,,"Codeshare",346,1652,3320,
- -,MUC,CLT,Lufthansa (LH),Lufthansa,4564,09:37,,,,,346,,,"Direct",346,3876,3320,
- -,MUC,CPH,Lufthansa (LH),Lufthansa,502,01:30,,,,,CR9 E95 320 321 319,,,"Codeshare",346,609,3320,
- -,MUC,CTA,Lufthansa (LH),Lufthansa,769,02:02,,,,,E95 321,,,"Direct",346,1509,3320,
- -,MUC,DBV,Lufthansa (LH),Lufthansa,508,01:30,,,,,319 E95 320,,,"Direct",346,1200,3320,
- -,MUC,DEL,Lufthansa (LH),Lufthansa,3663,07:49,,,,,346 333,,,"Direct",346,3093,3320,
- -,MUC,DME,Lufthansa (LH),Lufthansa,1206,02:54,,,,,320 321 319,,,"Direct",346,4029,3320,
- -,MUC,DOK,Lufthansa (LH),Lufthansa,1188,02:52,,,,,CR7 CR9,,,"Codeshare",346,2940,3320,
- -,MUC,DRS,Lufthansa (LH),Lufthansa,211,00:55,,,,,E95,,,"Direct",346,338,3320,
- -,MUC,DTM,Lufthansa (LH),Lufthansa,286,01:04,,,,,319,,,"Direct",346,373,3320,
- -,MUC,DUB,Lufthansa (LH),Lufthansa,857,02:12,,,,,320 319,,,"Direct",346,599,3320,
- -,MUC,DUS,Lufthansa (LH),Lufthansa,301,01:06,,,,,320 321 319,,,"Direct",346,345,3320,
- -,MUC,DXB,Lufthansa (LH),Lufthansa,2834,06:10,,,,,333,,,"Direct",346,2188,3320,
- -,MUC,ESB,Lufthansa (LH),Lufthansa,1187,02:52,,,,,321 320,,,"Direct",346,1682,3320,
- -,MUC,EWR,Lufthansa (LH),Lufthansa,4038,08:34,,,,,346,,,"Direct",346,3494,3320,
- -,MUC,FAO,Lufthansa (LH),Lufthansa,1265,03:01,,,,,321,,,"Direct",346,1626,3320,
- -,MUC,FCO,Lufthansa (LH),Lufthansa,453,01:24,,,,,320 321 319,,,"Direct",346,1555,3320,
- -,MUC,FLR,Lufthansa (LH),Lufthansa,314,01:07,,,,,E95,,,"Direct",346,1563,3320,
- -,MUC,FMO,Lufthansa (LH),Lufthansa,317,01:08,,,,,E95 CR9,,,"Codeshare",346,341,3320,
- -,MUC,FRA,Lufthansa (LH),Lufthansa,185,00:52,,,,,321 320 32A 319,,,"Direct",346,340,3320,
- -,MUC,GDN,Lufthansa (LH),Lufthansa,505,01:30,,,,,E95,,,"Direct",346,668,3320,
- -,MUC,GOA,Lufthansa (LH),Lufthansa,306,01:06,,,,,CR9 CR7,,,"Direct",346,1528,3320,
- -,MUC,GOT,Lufthansa (LH),Lufthansa,643,01:47,,,,,E95 CR9,,,"Codeshare",346,687,3320,
- -,MUC,GRU,Lufthansa (LH),Lufthansa,6121,12:44,,,,,346,,,"Direct",346,2564,3320,
- -,MUC,GRZ,Lufthansa (LH),Lufthansa,194,00:53,,,,,CR9 CR7,,,"Codeshare",346,1609,3320,
- -,MUC,GVA,Lufthansa (LH),Lufthansa,303,01:06,,,,,E95 CR9,,,"Direct",346,1665,3320,
- -,MUC,GWT,Lufthansa (LH),Lufthansa,476,01:27,,,,,E95,,,"Codeshare",346,410,3320,
- -,MUC,HAJ,Lufthansa (LH),Lufthansa,298,01:05,,,,,320 321 319 E95,,,"Direct",346,352,3320,
- -,MUC,HAM,Lufthansa (LH),Lufthansa,372,01:14,,,,,320 321 319,,,"Direct",346,342,3320,
- -,MUC,HEL,Lufthansa (LH),Lufthansa,977,02:27,,,,,319 320,,,"Direct",346,421,3320,
- -,MUC,HER,Lufthansa (LH),Lufthansa,1128,02:45,,,,,320,,,"Codeshare",346,1452,3320,
- -,MUC,HKG,Lufthansa (LH),Lufthansa,5601,11:42,,,,,346,,,"Direct",346,3077,3320,
- -,MUC,HND,Lufthansa (LH),Lufthansa,5811,12:07,,,,,346,,,"Direct",346,2359,3320,
- -,MUC,IAD,Lufthansa (LH),Lufthansa,4249,08:59,,,,,333,,,"Direct",346,3714,3320,
- -,MUC,ICN,Lufthansa (LH),Lufthansa,5278,11:03,,,,,346,,,"Direct",346,3930,3320,
- -,MUC,ISL,Lufthansa (LH),Lufthansa,976,02:27,,,,,321 320,,,"Direct",346,1701,3320,
- -,MUC,JFK,Lufthansa (LH),Lufthansa,4024,08:32,,,,,333,,,"Direct",346,3797,3320,
- -,MUC,JNB,Lufthansa (LH),Lufthansa,5244,10:59,,,,,346 343 332,,,"Codeshare",346,813,3320,
- -,MUC,KBP,Lufthansa (LH),Lufthansa,868,02:14,,,,,319 320 321,,,"Direct",346,2939,3320,
- -,MUC,KIV,Lufthansa (LH),Lufthansa,802,02:06,,,,,E95,,,"Codeshare",346,1735,3320,
- -,MUC,KLX,Lufthansa (LH),Lufthansa,934,02:22,,,,,319,,,"Codeshare",346,1456,3320,
- -,MUC,KRK,Lufthansa (LH),Lufthansa,379,01:15,,,,,319 320 E95,,,"Codeshare",346,669,3320,
- -,MUC,LAX,Lufthansa (LH),Lufthansa,5971,12:26,,,,,346,,,"Direct",346,3484,3320,
- -,MUC,LCA,Lufthansa (LH),Lufthansa,1452,03:24,,,,,321,,,"Direct",346,1197,3320,
- -,MUC,LED,Lufthansa (LH),Lufthansa,1081,02:39,,,,,321 320,,,"Direct",346,2948,3320,
- -,MUC,LEJ,Lufthansa (LH),Lufthansa,212,00:55,,,,,CR9 E95 CR7,,,"Codeshare",346,348,3320,
- -,MUC,LHR,Lufthansa (LH),Lufthansa,584,01:40,,,,,320 321 319,,,"Direct",346,507,3320,
- -,MUC,LIS,Lufthansa (LH),Lufthansa,1231,02:57,,,,,321,,,"Direct",346,1638,3320,
- -,MUC,LJU,Lufthansa (LH),Lufthansa,193,00:53,,,,,CR9 CR2,,,"Codeshare",346,1569,3320,
- -,MUC,LUX,Lufthansa (LH),Lufthansa,267,01:02,,,,,CR9 CR7,,,"Codeshare",346,629,3320,
- -,MUC,LWO,Lufthansa (LH),Lufthansa,558,01:36,,,,,CR7 CR9,,,"Codeshare",346,2945,3320,
- -,MUC,LYS,Lufthansa (LH),Lufthansa,363,01:13,,,,,E95 CR9,,,"Codeshare",346,1335,3320,
- -,MUC,MAD,Lufthansa (LH),Lufthansa,929,02:21,,,,,321 320 319,,,"Direct",346,1229,3320,
- -,MUC,MAN,Lufthansa (LH),Lufthansa,701,01:54,,,,,319 320,,,"Direct",346,478,3320,
- -,MUC,MEX,Lufthansa (LH),Lufthansa,6113,12:43,,,,,346,,,"Direct",346,1824,3320,
- -,MUC,MLA,Lufthansa (LH),Lufthansa,873,02:14,,,,,319 320,,,"Direct",346,1606,3320,
- -,MUC,MRS,Lufthansa (LH),Lufthansa,463,01:25,,,,,CR9 E95,,,"Codeshare",346,1353,3320,
- -,MUC,MXP,Lufthansa (LH),Lufthansa,236,00:58,,,,,E95,,,"Direct",346,1524,3320,
- -,MUC,NAP,Lufthansa (LH),Lufthansa,530,01:33,,,,,321,,,"Direct",346,1561,3320,
- -,MUC,NCE,Lufthansa (LH),Lufthansa,391,01:16,,,,,E95,,,"Direct",346,1354,3320,
- -,MUC,NUE,Lufthansa (LH),Lufthansa,85,00:40,,,,,CR7 CR9,,,"Codeshare",346,347,3320,
- -,MUC,ODS,Lufthansa (LH),Lufthansa,890,02:16,,,,,CR9 CR7,,,"Codeshare",346,2947,3320,
- -,MUC,OLB,Lufthansa (LH),Lufthansa,526,01:33,,,,,E95,,,"Codeshare",346,1520,3320,
- -,MUC,ORD,Lufthansa (LH),Lufthansa,4514,09:31,,,,,346,,,"Direct",346,3830,3320,
- -,MUC,OSL,Lufthansa (LH),Lufthansa,813,02:07,,,,,319 E95 320 321,,,"Direct",346,644,3320,
- -,MUC,OTP,Lufthansa (LH),Lufthansa,727,01:57,,,,,320 321,,,"Direct",346,1657,3320,
- -,MUC,PAD,Lufthansa (LH),Lufthansa,265,01:01,,,,,CR9 CR7,,,"Codeshare",346,371,3320,
- -,MUC,PEK,Lufthansa (LH),Lufthansa,4794,10:05,,,,,346,,,"Direct",346,3364,3320,
- -,MUC,PMI,Lufthansa (LH),Lufthansa,755,02:00,,,,,320 319 321,,,"Direct",346,3998,3320,
- -,MUC,PMO,Lufthansa (LH),Lufthansa,705,01:54,,,,,E95 319,,,"Codeshare",346,1512,3320,
- -,MUC,POZ,Lufthansa (LH),Lufthansa,357,01:12,,,,,CR7 CR9,,,"Direct",346,674,3320,
- -,MUC,PRG,Lufthansa (LH),Lufthansa,164,00:49,,,,,E95 CR9,,,"Direct",346,1587,3320,
- -,MUC,PRN,Lufthansa (LH),Lufthansa,599,01:41,,,,,319,,,"Codeshare",346,1742,3320,
- -,MUC,PSA,Lufthansa (LH),Lufthansa,329,01:09,,,,,CR9 E95,,,"Direct",346,1562,3320,
- -,MUC,PVG,Lufthansa (LH),Lufthansa,5451,11:24,,,,,346,,,"Direct",346,3406,3320,
- -,MUC,RLG,Lufthansa (LH),Lufthansa,384,01:16,,,,,CR9 E95,,,"Codeshare",346,772,3320,
- -,MUC,RTM,Lufthansa (LH),Lufthansa,409,01:19,,,,,CR7 CR9,,,"Codeshare",346,591,3320,
- -,MUC,RUH,Lufthansa (LH),Lufthansa,2483,05:27,,,,,333,,,"Direct",346,2082,3320,
- -,MUC,SBZ,Lufthansa (LH),Lufthansa,604,01:42,,,,,CR9,,,"Codeshare",346,1658,3320,
- -,MUC,SFO,Lufthansa (LH),Lufthansa,5860,12:13,,,,,346,,,"Direct",346,3469,3320,
- -,MUC,SJJ,Lufthansa (LH),Lufthansa,442,01:23,,,,,319 E95,,,"Direct",346,1646,3320,
- -,MUC,SKG,Lufthansa (LH),Lufthansa,771,02:02,,,,,320,,,"Codeshare",346,1486,3320,
- -,MUC,SOF,Lufthansa (LH),Lufthansa,683,01:51,,,,,321 320,,,"Direct",346,1194,3320,
- -,MUC,SPU,Lufthansa (LH),Lufthansa,396,01:17,,,,,DH4 CR9,,,"Codeshare",346,1206,3320,
- -,MUC,STR,Lufthansa (LH),Lufthansa,119,00:44,,,,,CR9 CR7 E95,,,"Codeshare",346,350,3320,
- -,MUC,SUF,Lufthansa (LH),Lufthansa,689,01:52,,,,,319,,,"Codeshare",346,1508,3320,
- -,MUC,TBS,Lufthansa (LH),Lufthansa,1669,03:50,,,,,319,,,"Direct",346,3973,3320,
- -,MUC,TIA,Lufthansa (LH),Lufthansa,616,01:43,,,,,E95,,,"Codeshare",346,1190,3320,
- -,MUC,TLS,Lufthansa (LH),Lufthansa,596,01:41,,,,,E95 319 CR9,,,"Codeshare",346,1273,3320,
- -,MUC,TLV,Lufthansa (LH),Lufthansa,1648,03:47,,,,,321,,,"Direct",346,1590,3320,
- -,MUC,TRN,Lufthansa (LH),Lufthansa,292,01:05,,,,,E95,,,"Codeshare",346,1526,3320,
- -,MUC,TRS,Lufthansa (LH),Lufthansa,191,00:52,,,,,CR9 CR7,,,"Codeshare",346,1545,3320,
- -,MUC,TSR,Lufthansa (LH),Lufthansa,481,01:27,,,,,CR9 E95,,,"Codeshare",346,1663,3320,
- -,MUC,TXL,Lufthansa (LH),Lufthansa,297,01:05,,,,,320 321 319,,,"Direct",346,351,3320,
- -,MUC,VCE,Lufthansa (LH),Lufthansa,198,00:53,,,,,E95,,,"Codeshare",346,1551,3320,
- -,MUC,VIE,Lufthansa (LH),Lufthansa,220,00:56,,,,,E95 319 CR9,,,"Direct",346,1613,3320,
- -,MUC,VLC,Lufthansa (LH),Lufthansa,862,02:13,,,,,319,,,"Direct",346,1246,3320,
- -,MUC,VRN,Lufthansa (LH),Lufthansa,208,00:54,,,,,E95,,,"Codeshare",346,1550,3320,
- -,MUC,WAW,Lufthansa (LH),Lufthansa,482,01:27,,,,,E95,,,"Direct",346,679,3320,
- -,MUC,WRO,Lufthansa (LH),Lufthansa,296,01:05,,,,,CR9 E95 CR7,,,"Codeshare",346,680,3320,
- -,MUC,YUL,Lufthansa (LH),Lufthansa,3819,08:08,,,,,333,,,"Direct",346,146,3320,
- -,MUC,YVR,Lufthansa (LH),Lufthansa,5179,10:51,,,,,333,,,"Direct",346,156,3320,
- -,MUC,YYZ,Lufthansa (LH),Lufthansa,4124,08:44,,,,,77W,,,"Codeshare",346,193,3320,
- -,MUC,ZAD,Lufthansa (LH),Lufthansa,338,01:10,,,,,DH4,,,"Codeshare",346,1209,3320,
- -,MUC,ZAG,Lufthansa (LH),Lufthansa,270,01:02,,,,,E95 CR9,,,"Direct",346,1208,3320,
- -,MUC,ZRH,Lufthansa (LH),Lufthansa,161,00:49,,,,,E95 319 CR9,,,"Direct",346,1678,3320,
- -,MXP,BRU,Lufthansa (LH),Lufthansa,412,01:19,,,,,319 AR1,,,"Codeshare",1524,302,3320,
- -,MXP,EWR,Lufthansa (LH),Lufthansa,3997,08:29,,,,,764,,,"Codeshare",1524,3494,3320,
- -,MXP,FRA,Lufthansa (LH),Lufthansa,304,01:06,,,,,320 319 321 32A 733,,,"Direct",1524,340,3320,
- -,MXP,MUC,Lufthansa (LH),Lufthansa,236,00:58,,,,,E95,,,"Direct",1524,346,3320,
- -,NAP,DUS,Lufthansa (LH),Lufthansa,802,02:06,,,,,319 CR9,,,"Codeshare",1561,345,3320,
- -,NAP,FRA,Lufthansa (LH),Lufthansa,689,01:52,,,,,320 321 32A,,,"Direct",1561,340,3320,
- -,NAP,MUC,Lufthansa (LH),Lufthansa,530,01:33,,,,,321,,,"Direct",1561,346,3320,
- -,NBO,BRU,Lufthansa (LH),Lufthansa,4077,08:39,,,,,332,,,"Codeshare",4059,302,3320,
- -,NBO,DAR,Lufthansa (LH),Lufthansa,414,01:19,,,,,333,,,"Codeshare",4059,1177,3320,
- -,NBO,ZRH,Lufthansa (LH),Lufthansa,3778,08:03,,,,,333,,,"Codeshare",4059,1678,3320,
- -,NCE,DUS,Lufthansa (LH),Lufthansa,527,01:33,,,,,320 319 CR9,,,"Direct",1354,345,3320,
- -,NCE,FRA,Lufthansa (LH),Lufthansa,444,01:23,,,,,319 32A 321 320,,,"Direct",1354,340,3320,
- -,NCE,MUC,Lufthansa (LH),Lufthansa,391,01:16,,,,,E95,,,"Direct",1354,346,3320,
- -,NCL,DUS,Lufthansa (LH),Lufthansa,434,01:22,,,,,CR9,,,"Codeshare",521,345,3320,
- -,NGO,FRA,Lufthansa (LH),Lufthansa,5771,12:02,,,,,343,,,"Direct",3942,340,3320,
- -,NKG,FRA,Lufthansa (LH),Lufthansa,5362,11:13,,,,,343,,,"Direct",3388,340,3320,
- -,NRT,DUS,Lufthansa (LH),Lufthansa,5794,12:05,,,,,788,,,"Codeshare",2279,345,3320,
- -,NRT,KIX,Lufthansa (LH),Lufthansa,304,01:06,,,,,744,,,"Direct",2279,3992,3320,
- -,NSI,BRU,Lufthansa (LH),Lufthansa,3283,07:03,,,,,332,,,"Codeshare",4161,302,3320,
- -,NSI,DLA,Lufthansa (LH),Lufthansa,127,00:45,,,,,332,,,"Codeshare",4161,897,3320,
- -,NUE,FRA,Lufthansa (LH),Lufthansa,117,00:44,,,,,319 735 CR7 321 733 E90 32A 320,,,"Direct",347,340,3320,
- -,NUE,MUC,Lufthansa (LH),Lufthansa,85,00:40,,,,,CR7 CR9,,,"Codeshare",347,346,3320,
- -,NUE,ZRH,Lufthansa (LH),Lufthansa,181,00:51,,,,,AR1 100,,,"Codeshare",347,1678,3320,
- -,ODS,MUC,Lufthansa (LH),Lufthansa,890,02:16,,,,,CR9 CR7,,,"Codeshare",2947,346,3320,
- -,OLB,FRA,Lufthansa (LH),Lufthansa,632,01:45,,,,,E90,,,"Codeshare",1520,340,3320,
- -,OLB,MUC,Lufthansa (LH),Lufthansa,526,01:33,,,,,E95,,,"Codeshare",1520,346,3320,
- -,OPO,FRA,Lufthansa (LH),Lufthansa,1026,02:33,,,,,321,,,"Direct",1636,340,3320,
- -,ORD,AMS,Lufthansa (LH),Lufthansa,4106,08:42,,,,,763,,,"Codeshare",3830,580,3320,
- -,ORD,ATL,Lufthansa (LH),Lufthansa,606,01:42,,,,,CR7 E70,,,"Codeshare",3830,3682,3320,
- -,ORD,CDG,Lufthansa (LH),Lufthansa,4138,08:46,,,,,763,,,"Codeshare",3830,1382,3320,
- -,ORD,DUS,Lufthansa (LH),Lufthansa,4215,08:55,,,,,343,,,"Direct",3830,345,3320,
- -,ORD,FRA,Lufthansa (LH),Lufthansa,4329,09:09,,,,,74H 744,,,"Direct",3830,340,3320,
- -,ORD,LHR,Lufthansa (LH),Lufthansa,3939,08:22,,,,,763,,,"Codeshare",3830,507,3320,
- -,ORD,MUC,Lufthansa (LH),Lufthansa,4514,09:31,,,,,346,,,"Direct",3830,346,3320,
- -,OSL,DUS,Lufthansa (LH),Lufthansa,631,01:45,,,,,73G 73W 738 736,,,"Codeshare",644,345,3320,
- -,OSL,FRA,Lufthansa (LH),Lufthansa,703,01:54,,,,,32A 319 320,,,"Direct",644,340,3320,
- -,OSL,MUC,Lufthansa (LH),Lufthansa,813,02:07,,,,,320 319 E95 321,,,"Direct",644,346,3320,
- -,OSL,TOS,Lufthansa (LH),Lufthansa,698,01:53,,,,,73G,,,"Codeshare",644,663,3320,
- -,OTP,DUS,Lufthansa (LH),Lufthansa,1002,02:30,,,,,CR9,,,"Codeshare",1657,345,3320,
- -,OTP,FRA,Lufthansa (LH),Lufthansa,899,02:17,,,,,32A 320 733 319,,,"Direct",1657,340,3320,
- -,OTP,MUC,Lufthansa (LH),Lufthansa,727,01:57,,,,,320 321,,,"Direct",1657,346,3320,
- -,OUA,ABJ,Lufthansa (LH),Lufthansa,516,01:31,,,,,333,,,"Codeshare",246,253,3320,
- -,OUA,BRU,Lufthansa (LH),Lufthansa,2683,05:51,,,,,333,,,"Codeshare",246,302,3320,
- -,PAD,MUC,Lufthansa (LH),Lufthansa,265,01:01,,,,,CR9 CR7,,,"Codeshare",371,346,3320,
- -,PEK,DUS,Lufthansa (LH),Lufthansa,4841,10:10,,,,,330,,,"Codeshare",3364,345,3320,
- -,PEK,FRA,Lufthansa (LH),Lufthansa,4836,10:10,,,,,388,,,"Direct",3364,340,3320,
- -,PEK,MUC,Lufthansa (LH),Lufthansa,4794,10:05,,,,,346,,,"Direct",3364,346,3320,
- -,PHC,LOS,Lufthansa (LH),Lufthansa,271,01:02,,,,,333,,,"Direct",275,273,3320,
- -,PHL,FRA,Lufthansa (LH),Lufthansa,3936,08:22,,,,,343,,,"Direct",3752,340,3320,
- -,PMI,FRA,Lufthansa (LH),Lufthansa,777,02:03,,,,,319 32A,,,"Direct",3998,340,3320,
- -,PMI,MUC,Lufthansa (LH),Lufthansa,755,02:00,,,,,320 319 321,,,"Direct",3998,346,3320,
- -,PMO,FRA,Lufthansa (LH),Lufthansa,848,02:11,,,,,E90,,,"Codeshare",1512,340,3320,
- -,PMO,MUC,Lufthansa (LH),Lufthansa,705,01:54,,,,,E95 319,,,"Codeshare",1512,346,3320,
- -,POZ,FRA,Lufthansa (LH),Lufthansa,392,01:17,,,,,CR7,,,"Direct",674,340,3320,
- -,POZ,MUC,Lufthansa (LH),Lufthansa,357,01:12,,,,,CR9 CR7,,,"Direct",674,346,3320,
- -,PRG,FRA,Lufthansa (LH),Lufthansa,252,01:00,,,,,321 733 32A 320,,,"Direct",1587,340,3320,
- -,PRG,MUC,Lufthansa (LH),Lufthansa,164,00:49,,,,,E95 CR9,,,"Direct",1587,346,3320,
- -,PRN,FRA,Lufthansa (LH),Lufthansa,784,02:04,,,,,319,,,"Codeshare",1742,340,3320,
- -,PRN,MUC,Lufthansa (LH),Lufthansa,599,01:41,,,,,319,,,"Codeshare",1742,346,3320,
- -,PSA,MUC,Lufthansa (LH),Lufthansa,329,01:09,,,,,CR9 E95,,,"Direct",1562,346,3320,
- -,PVG,FRA,Lufthansa (LH),Lufthansa,5500,11:30,,,,,388 744,,,"Direct",3406,340,3320,
- -,PVG,MUC,Lufthansa (LH),Lufthansa,5451,11:24,,,,,346,,,"Direct",3406,346,3320,
- -,RIX,FRA,Lufthansa (LH),Lufthansa,788,02:04,,,,,321 320,,,"Direct",3953,340,3320,
- -,RLG,MUC,Lufthansa (LH),Lufthansa,384,01:16,,,,,CR9 E95,,,"Codeshare",772,346,3320,
- -,ROB,BRU,Lufthansa (LH),Lufthansa,3200,06:54,,,,,333,,,"Codeshare",1063,302,3320,
- -,RTM,MUC,Lufthansa (LH),Lufthansa,409,01:19,,,,,CR7 CR9,,,"Codeshare",591,346,3320,
- -,RUH,FRA,Lufthansa (LH),Lufthansa,2665,05:49,,,,,333,,,"Direct",2082,340,3320,
- -,RUH,MUC,Lufthansa (LH),Lufthansa,2483,05:27,,,,,333,,,"Direct",2082,346,3320,
- -,RZE,FRA,Lufthansa (LH),Lufthansa,595,01:41,,,,,CR7,,,"Direct",675,340,3320,
- -,SBZ,MUC,Lufthansa (LH),Lufthansa,604,01:42,,,,,CR9,,,"Codeshare",1658,346,3320,
- -,SCN,HAM,Lufthansa (LH),Lufthansa,329,01:09,,,,,DH4,,,"Codeshare",349,342,3320,
- -,SCN,LUX,Lufthansa (LH),Lufthansa,49,00:35,,,,,DH4,,,"Codeshare",349,629,3320,
- -,SCN,TXL,Lufthansa (LH),Lufthansa,354,01:12,,,,,DH4,,,"Codeshare",349,351,3320,
- -,SEA,FRA,Lufthansa (LH),Lufthansa,5090,10:40,,,,,333 343,,,"Direct",3577,340,3320,
- -,SFO,FRA,Lufthansa (LH),Lufthansa,5681,11:51,,,,,744 388,,,"Direct",3469,340,3320,
- -,SFO,LHR,Lufthansa (LH),Lufthansa,5350,11:12,,,,,777,,,"Codeshare",3469,507,3320,
- -,SFO,MUC,Lufthansa (LH),Lufthansa,5860,12:13,,,,,346,,,"Direct",3469,346,3320,
- -,SHE,FRA,Lufthansa (LH),Lufthansa,4980,10:27,,,,,343,,,"Direct",4144,340,3320,
- -,SHE,TAO,Lufthansa (LH),Lufthansa,406,01:18,,,,,343,,,"Direct",4144,3390,3320,
- -,SIN,FRA,Lufthansa (LH),Lufthansa,6383,13:15,,,,,388,,,"Direct",3316,340,3320,
- -,SJJ,MUC,Lufthansa (LH),Lufthansa,442,01:23,,,,,319 E95,,,"Direct",1646,346,3320,
- -,SKG,ATH,Lufthansa (LH),Lufthansa,185,00:52,,,,,321,,,"Codeshare",1486,3941,3320,
- -,SKG,DUS,Lufthansa (LH),Lufthansa,1072,02:38,,,,,321,,,"Codeshare",1486,345,3320,
- -,SKG,FRA,Lufthansa (LH),Lufthansa,956,02:24,,,,,321,,,"Codeshare",1486,340,3320,
- -,SKG,MUC,Lufthansa (LH),Lufthansa,771,02:02,,,,,320,,,"Codeshare",1486,346,3320,
- -,SKG,STR,Lufthansa (LH),Lufthansa,878,02:15,,,,,320,,,"Codeshare",1486,350,3320,
- -,SNN,EWR,Lufthansa (LH),Lufthansa,3085,06:40,,,,,752,,,"Codeshare",603,3494,3320,
- -,SOF,FRA,Lufthansa (LH),Lufthansa,867,02:14,,,,,32A 320 319 321,,,"Direct",1194,340,3320,
- -,SOF,MUC,Lufthansa (LH),Lufthansa,683,01:51,,,,,320 321,,,"Direct",1194,346,3320,
- -,SPU,DUS,Lufthansa (LH),Lufthansa,695,01:53,,,,,319,,,"Codeshare",1206,345,3320,
- -,SPU,FRA,Lufthansa (LH),Lufthansa,577,01:39,,,,,319,,,"Direct",1206,340,3320,
- -,SPU,MUC,Lufthansa (LH),Lufthansa,396,01:17,,,,,DH4 CR9,,,"Codeshare",1206,346,3320,
- -,SSG,ABV,Lufthansa (LH),Lufthansa,375,01:15,,,,,343,,,"Direct",891,260,3320,
- -,STR,EWR,Lufthansa (LH),Lufthansa,3923,08:20,,,,,752,,,"Codeshare",350,3494,3320,
- -,STR,FRA,Lufthansa (LH),Lufthansa,97,00:41,,,,,733 319 735 320 32A,,,"Direct",350,340,3320,
- -,STR,GRZ,Lufthansa (LH),Lufthansa,311,01:07,,,,,DH4,,,"Codeshare",350,1609,3320,
- -,STR,MUC,Lufthansa (LH),Lufthansa,119,00:44,,,,,CR9 CR7 E95,,,"Codeshare",350,346,3320,
- -,STR,SKG,Lufthansa (LH),Lufthansa,878,02:15,,,,,320,,,"Codeshare",350,1486,3320,
- -,STR,VIE,Lufthansa (LH),Lufthansa,339,01:10,,,,,319 100 F70 320 DH4,,,"Codeshare",350,1613,3320,
- -,STR,ZRH,Lufthansa (LH),Lufthansa,90,00:40,,,,,100 AR1 319,,,"Codeshare",350,1678,3320,
- -,SUF,MUC,Lufthansa (LH),Lufthansa,689,01:52,,,,,319,,,"Codeshare",1508,346,3320,
- -,SVG,FRA,Lufthansa (LH),Lufthansa,621,01:44,,,,,319 733,,,"Direct",666,340,3320,
- -,SZG,FRA,Lufthansa (LH),Lufthansa,253,01:00,,,,,100,,,"Codeshare",1612,340,3320,
- -,TAO,SHE,Lufthansa (LH),Lufthansa,406,01:18,,,,,343,,,"Direct",3390,4144,3320,
- -,TBS,MUC,Lufthansa (LH),Lufthansa,1669,03:50,,,,,319,,,"Direct",3973,346,3320,
- -,TIA,MUC,Lufthansa (LH),Lufthansa,616,01:43,,,,,E95,,,"Codeshare",1190,346,3320,
- -,TLL,FRA,Lufthansa (LH),Lufthansa,911,02:19,,,,,320 321 32A,,,"Direct",415,340,3320,
- -,TLS,FRA,Lufthansa (LH),Lufthansa,557,01:36,,,,,321 319 735 733,,,"Direct",1273,340,3320,
- -,TLS,MUC,Lufthansa (LH),Lufthansa,596,01:41,,,,,E95 319 CR9,,,"Codeshare",1273,346,3320,
- -,TLV,FRA,Lufthansa (LH),Lufthansa,1833,04:09,,,,,321,,,"Direct",1590,340,3320,
- -,TLV,MUC,Lufthansa (LH),Lufthansa,1648,03:47,,,,,321,,,"Direct",1590,346,3320,
- -,TLV,TXL,Lufthansa (LH),Lufthansa,1782,04:03,,,,,320,,,"Direct",1590,351,3320,
- -,TOS,ALF,Lufthansa (LH),Lufthansa,107,00:42,,,,,73G,,,"Codeshare",663,632,3320,
- -,TRN,FRA,Lufthansa (LH),Lufthansa,336,01:10,,,,,E90 735 CR7,,,"Direct",1526,340,3320,
- -,TRN,MUC,Lufthansa (LH),Lufthansa,292,01:05,,,,,E95,,,"Codeshare",1526,346,3320,
- -,TRS,MUC,Lufthansa (LH),Lufthansa,191,00:52,,,,,CR7 CR9,,,"Codeshare",1545,346,3320,
- -,TSE,ALA,Lufthansa (LH),Lufthansa,590,01:40,,,,,333,,,"Direct",2910,2908,3320,
- -,TSE,FRA,Lufthansa (LH),Lufthansa,2675,05:51,,,,,333,,,"Direct",2910,340,3320,
- -,TSR,MUC,Lufthansa (LH),Lufthansa,481,01:27,,,,,CR9 E95,,,"Codeshare",1663,346,3320,
- -,TUN,FRA,Lufthansa (LH),Lufthansa,914,02:19,,,,,319,,,"Direct",287,340,3320,
- -,TXL,ARN,Lufthansa (LH),Lufthansa,520,01:32,,,,,73H 717 73W 736,,,"Codeshare",351,737,3320,
- -,TXL,ATH,Lufthansa (LH),Lufthansa,1132,02:45,,,,,320,,,"Codeshare",351,3941,3320,
- -,TXL,BCN,Lufthansa (LH),Lufthansa,937,02:22,,,,,320,,,"Direct",351,1218,3320,
- -,TXL,BRU,Lufthansa (LH),Lufthansa,393,01:17,,,,,319 AR1 320,,,"Codeshare",351,302,3320,
- -,TXL,CDG,Lufthansa (LH),Lufthansa,528,01:33,,,,,320,,,"Direct",351,1382,3320,
- -,TXL,CPH,Lufthansa (LH),Lufthansa,212,00:55,,,,,320 CR2 321 319 CR9,,,"Codeshare",351,609,3320,
- -,TXL,DUS,Lufthansa (LH),Lufthansa,291,01:04,,,,,320 319 CR9,,,"Direct",351,345,3320,
- -,TXL,EWR,Lufthansa (LH),Lufthansa,3966,08:25,,,,,752,,,"Codeshare",351,3494,3320,
- -,TXL,FRA,Lufthansa (LH),Lufthansa,268,01:02,,,,,32A 321 320,,,"Direct",351,340,3320,
- -,TXL,LUX,Lufthansa (LH),Lufthansa,367,01:14,,,,,DH4 ER4,,,"Codeshare",351,629,3320,
- -,TXL,MUC,Lufthansa (LH),Lufthansa,297,01:05,,,,,321 320 319,,,"Direct",351,346,3320,
- -,TXL,SCN,Lufthansa (LH),Lufthansa,354,01:12,,,,,DH4 ER4,,,"Codeshare",351,349,3320,
- -,TXL,TLV,Lufthansa (LH),Lufthansa,1782,04:03,,,,,320,,,"Direct",351,1590,3320,
- -,TXL,VIE,Lufthansa (LH),Lufthansa,339,01:10,,,,,320 321 319,,,"Codeshare",351,1613,3320,
- -,TXL,VKO,Lufthansa (LH),Lufthansa,988,02:28,,,,,320,,,"Direct",351,2988,3320,
- -,TXL,ZAG,Lufthansa (LH),Lufthansa,487,01:28,,,,,320,,,"Direct",351,1208,3320,
- -,TXL,ZRH,Lufthansa (LH),Lufthansa,409,01:19,,,,,321 320,,,"Codeshare",351,1678,3320,
- -,VCE,FRA,Lufthansa (LH),Lufthansa,358,01:12,,,,,321 32A 319,,,"Direct",1551,340,3320,
- -,VCE,MUC,Lufthansa (LH),Lufthansa,198,00:53,,,,,E95,,,"Codeshare",1551,346,3320,
- -,VIE,CGN,Lufthansa (LH),Lufthansa,463,01:25,,,,,100 F70,,,"Codeshare",1613,344,3320,
- -,VIE,DUS,Lufthansa (LH),Lufthansa,489,01:28,,,,,320 319 CR9,,,"Direct",1613,345,3320,
- -,VIE,FRA,Lufthansa (LH),Lufthansa,385,01:16,,,,,321,,,"Direct",1613,340,3320,
- -,VIE,HAM,Lufthansa (LH),Lufthansa,476,01:27,,,,,320 321,,,"Codeshare",1613,342,3320,
- -,VIE,LEJ,Lufthansa (LH),Lufthansa,299,01:05,,,,,DH4,,,"Codeshare",1613,348,3320,
- -,VIE,MUC,Lufthansa (LH),Lufthansa,220,00:56,,,,,E95 319,,,"Direct",1613,346,3320,
- -,VIE,STR,Lufthansa (LH),Lufthansa,339,01:10,,,,,100 319 F70 320 DH4,,,"Codeshare",1613,350,3320,
- -,VIE,TXL,Lufthansa (LH),Lufthansa,339,01:10,,,,,320 321 319,,,"Codeshare",1613,351,3320,
- -,VIE,YYZ,Lufthansa (LH),Lufthansa,4315,09:07,,,,,767,,,"Codeshare",1613,193,3320,
- -,VKO,DUS,Lufthansa (LH),Lufthansa,1277,03:03,,,,,320,,,"Direct",2988,345,3320,
- -,VKO,FRA,Lufthansa (LH),Lufthansa,1247,02:59,,,,,321 32A,,,"Direct",2988,340,3320,
- -,VKO,TXL,Lufthansa (LH),Lufthansa,988,02:28,,,,,320,,,"Direct",2988,351,3320,
- -,VLC,DUS,Lufthansa (LH),Lufthansa,886,02:16,,,,,319 320,,,"Direct",1246,345,3320,
- -,VLC,FRA,Lufthansa (LH),Lufthansa,851,02:12,,,,,32A 319,,,"Direct",1246,340,3320,
- -,VLC,MUC,Lufthansa (LH),Lufthansa,862,02:13,,,,,319,,,"Direct",1246,346,3320,
- -,VNO,BRU,Lufthansa (LH),Lufthansa,902,02:18,,,,,AR1 319,,,"Codeshare",3959,302,3320,
- -,VNO,FRA,Lufthansa (LH),Lufthansa,771,02:02,,,,,320 321,,,"Direct",3959,340,3320,
- -,VRN,FRA,Lufthansa (LH),Lufthansa,337,01:10,,,,,E95,,,"Codeshare",1550,340,3320,
- -,VRN,MUC,Lufthansa (LH),Lufthansa,208,00:54,,,,,E95,,,"Codeshare",1550,346,3320,
- -,WAW,DUS,Lufthansa (LH),Lufthansa,609,01:43,,,,,E75,,,"Codeshare",679,345,3320,
- -,WAW,FRA,Lufthansa (LH),Lufthansa,556,01:36,,,,,32A 321 320 319,,,"Direct",679,340,3320,
- -,WAW,HAM,Lufthansa (LH),Lufthansa,467,01:26,,,,,E75 E70,,,"Codeshare",679,342,3320,
- -,WAW,MUC,Lufthansa (LH),Lufthansa,482,01:27,,,,,E95,,,"Direct",679,346,3320,
- -,WRO,FRA,Lufthansa (LH),Lufthansa,371,01:14,,,,,CR7 32A,,,"Direct",680,340,3320,
- -,WRO,MUC,Lufthansa (LH),Lufthansa,296,01:05,,,,,CR7 CR9 E95,,,"Codeshare",680,346,3320,
- -,YEG,LHR,Lufthansa (LH),Lufthansa,4228,08:57,,,,,763,,,"Codeshare",49,507,3320,
- -,YHZ,LHR,Lufthansa (LH),Lufthansa,2847,06:11,,,,,763,,,"Codeshare",73,507,3320,
- -,YOW,FRA,Lufthansa (LH),Lufthansa,3716,07:55,,,,,333,,,"Codeshare",100,340,3320,
- -,YOW,LHR,Lufthansa (LH),Lufthansa,3320,07:08,,,,,763,,,"Codeshare",100,507,3320,
- -,YUL,BRU,Lufthansa (LH),Lufthansa,3449,07:23,,,,,333,,,"Codeshare",146,302,3320,
- -,YUL,CDG,Lufthansa (LH),Lufthansa,3430,07:21,,,,,77W,,,"Codeshare",146,1382,3320,
- -,YUL,FRA,Lufthansa (LH),Lufthansa,3635,07:46,,,,,333,,,"Codeshare",146,340,3320,
- -,YUL,GVA,Lufthansa (LH),Lufthansa,3667,07:50,,,,,333,,,"Codeshare",146,1665,3320,
- -,YUL,LHR,Lufthansa (LH),Lufthansa,3238,06:58,,,,,77W,,,"Codeshare",146,507,3320,
- -,YUL,MUC,Lufthansa (LH),Lufthansa,3819,08:08,,,,,333,,,"Direct",146,346,3320,
- -,YUL,YYZ,Lufthansa (LH),Lufthansa,314,01:07,,,,,333,,,"Codeshare",146,193,3320,
- -,YVR,FRA,Lufthansa (LH),Lufthansa,5006,10:30,,,,,744,,,"Direct",156,340,3320,
- -,YVR,LHR,Lufthansa (LH),Lufthansa,4706,09:54,,,,,77W,,,"Codeshare",156,507,3320,
- -,YVR,MUC,Lufthansa (LH),Lufthansa,5179,10:51,,,,,333,,,"Direct",156,346,3320,
- -,YYC,FRA,Lufthansa (LH),Lufthansa,4675,09:51,,,,,77W,,,"Codeshare",178,340,3320,
- -,YYC,LHR,Lufthansa (LH),Lufthansa,4356,09:12,,,,,333,,,"Codeshare",178,507,3320,
- -,YYT,LHR,Lufthansa (LH),Lufthansa,2307,05:06,,,,,319,,,"Codeshare",189,507,3320,
- -,YYZ,CDG,Lufthansa (LH),Lufthansa,3738,07:58,,,,,77W,,,"Codeshare",193,1382,3320,
- -,YYZ,CPH,Lufthansa (LH),Lufthansa,3893,08:17,,,,,763,,,"Codeshare",193,609,3320,
- -,YYZ,FCO,Lufthansa (LH),Lufthansa,4400,09:18,,,,,333,,,"Codeshare",193,1555,3320,
- -,YYZ,FRA,Lufthansa (LH),Lufthansa,3939,08:22,,,,,744,,,"Direct",193,340,3320,
- -,YYZ,LHR,Lufthansa (LH),Lufthansa,3544,07:35,,,,,763 77L 77W 333,,,"Codeshare",193,507,3320,
- -,YYZ,MUC,Lufthansa (LH),Lufthansa,4124,08:44,,,,,77W,,,"Codeshare",193,346,3320,
- -,YYZ,VIE,Lufthansa (LH),Lufthansa,4315,09:07,,,,,767,,,"Codeshare",193,1613,3320,
- -,YYZ,YUL,Lufthansa (LH),Lufthansa,314,01:07,,,,,333,,,"Codeshare",193,146,3320,
- -,ZAD,FRA,Lufthansa (LH),Lufthansa,518,01:32,,,,,319,,,"Codeshare",1209,340,3320,
- -,ZAD,MUC,Lufthansa (LH),Lufthansa,338,01:10,,,,,DH4,,,"Codeshare",1209,346,3320,
- -,ZAG,FRA,Lufthansa (LH),Lufthansa,456,01:24,,,,,733 32A,,,"Direct",1208,340,3320,
- -,ZAG,MUC,Lufthansa (LH),Lufthansa,270,01:02,,,,,E95 CR9,,,"Direct",1208,346,3320,
- -,ZAG,TXL,Lufthansa (LH),Lufthansa,487,01:28,,,,,320,,,"Direct",1208,351,3320,
- -,ZNZ,JRO,Lufthansa (LH),Lufthansa,243,00:59,,,,,763,,,"Codeshare",1186,1180,3320,
- -,ZRH,DUS,Lufthansa (LH),Lufthansa,275,01:03,,,,,320 319 CR9,,,"Direct",1678,345,3320,
- -,ZRH,FRA,Lufthansa (LH),Lufthansa,177,00:51,,,,,733 E90 735 319 320 321,,,"Direct",1678,340,3320,
- -,ZRH,HAJ,Lufthansa (LH),Lufthansa,348,01:11,,,,,AR1 100 320,,,"Codeshare",1678,352,3320,
- -,ZRH,HAM,Lufthansa (LH),Lufthansa,430,01:21,,,,,321 320,,,"Codeshare",1678,342,3320,
- -,ZRH,MUC,Lufthansa (LH),Lufthansa,161,00:49,,,,,E95 319 CR9,,,"Direct",1678,346,3320,
- -,ZRH,NBO,Lufthansa (LH),Lufthansa,3778,08:03,,,,,333,,,"Codeshare",1678,4059,3320,
- -,ZRH,NUE,Lufthansa (LH),Lufthansa,181,00:51,,,,,100 AR1,,,"Codeshare",1678,347,3320,
- -,ZRH,STR,Lufthansa (LH),Lufthansa,90,00:40,,,,,AR1 100 319,,,"Codeshare",1678,350,3320,
- -,ZRH,TXL,Lufthansa (LH),Lufthansa,409,01:19,,,,,320 321,,,"Codeshare",1678,351,3320,