﻿Date,From,To,Flight_Number,Airline,Distance,Duration,Seat,Seat_Type,Class,Reason,Plane,Registration,Trip,Note,From_OID,To_OID,Airline_OID,Plane_OID
- -,MRS,AAE,Air Algerie (AH),Air Algerie,476,01:27,,,,,738,,,"Direct",1353,220,794,
- -,MRS,AAE,Aigle Azur (ZI),Aigle Azur,476,01:27,,,,,319,,,"Direct",1353,220,21,
- -,MRS,AGA,Ryanair (FR),Ryanair,1210,02:55,,,,,738,,,"Direct",1353,1064,4296,
- -,MRS,AGB,Germania (ST),Germania,439,01:22,,,,,FRJ,,,"Direct",1353,374,2547,
- -,MRS,AGP,Ryanair (FR),Ryanair,693,01:53,,,,,738,,,"Direct",1353,1230,4296,
- -,MRS,AJA,Air France (AF),Air France,209,00:55,,,,,320 AT7,,,"Codeshare",1353,1324,137,
- -,MRS,AJA,Alitalia (AZ),Alitalia,209,00:55,,,,,320 AT7,,,"Direct",1353,1324,596,
- -,MRS,AJA,Corse-Mediterranee (XK),Corse-Mediterranee,209,00:55,,,,,320 AT7,,,"Direct",1353,1324,1909,
- -,MRS,ALG,Air France (AF),Air France,477,01:27,,,,,320 319,,,"Direct",1353,210,137,
- -,MRS,ALG,Air Algerie (AH),Air Algerie,477,01:27,,,,,736,,,"Direct",1353,210,794,
- -,MRS,ALG,Aigle Azur (ZI),Aigle Azur,477,01:27,,,,,319,,,"Direct",1353,210,21,
- -,MRS,AMS,Air France (AF),Air France,612,01:43,,,,,319,,,"Direct",1353,580,137,
- -,MRS,AMS,KLM Royal Dutch Airlines (KL),KLM Royal Dutch Airlines,612,01:43,,,,,32S,,,"Codeshare",1353,580,3090,
- -,MRS,ATH,Aegean Airlines (A3),Aegean Airlines,1048,02:35,,,,,320,,,"Direct",1353,3941,96,
- -,MRS,ATH,Air France (AF),Air France,1048,02:35,,,,,319,,,"Direct",1353,3941,137,
- -,MRS,ATH,Olympic Airlines (OA),Olympic Airlines,1048,02:35,,,,,320,,,"Codeshare",1353,3941,3776,
- -,MRS,BCN,Iberia Airlines (IB),Iberia Airlines,218,00:56,,,,,320,,,"Codeshare",1353,1218,2822,
- -,MRS,BCN,Formosa Airlines (VY),Formosa Airlines,218,00:56,,,,,320,,,"Direct",1353,1218,2439,
- -,MRS,BES,Air France (AF),Air France,577,01:39,,,,,319,,,"Direct",1353,1403,137,
- -,MRS,BES,Ryanair (FR),Ryanair,577,01:39,,,,,738,,,"Direct",1353,1403,4296,
- -,MRS,BIA,Air France (AF),Air France,223,00:56,,,,,320,,,"Codeshare",1353,1321,137,
- -,MRS,BIA,Alitalia (AZ),Alitalia,223,00:56,,,,,320,,,"Direct",1353,1321,596,
- -,MRS,BIA,Corse-Mediterranee (XK),Corse-Mediterranee,223,00:56,,,,,320,,,"Direct",1353,1321,1909,
- -,MRS,BIQ,Air France (AF),Air France,338,01:10,,,,,320 319,,,"Direct",1353,1280,137,
- -,MRS,BJA,Air Algerie (AH),Air Algerie,464,01:25,,,,,738,,,"Direct",1353,209,794,
- -,MRS,BJA,Aigle Azur (ZI),Aigle Azur,464,01:25,,,,,320,,,"Direct",1353,209,21,
- -,MRS,BLJ,Air Algerie (AH),Air Algerie,533,01:33,,,,,738,,,"Direct",1353,5552,794,
- -,MRS,BOD,Air France (AF),Air France,309,01:07,,,,,319 320,,,"Direct",1353,1264,137,
- -,MRS,BOD,Ryanair (FR),Ryanair,309,01:07,,,,,738,,,"Direct",1353,1264,4296,
- -,MRS,BRU,Brussels Airlines (SN),Brussels Airlines,516,01:31,,,,,AR1,,,"Direct",1353,302,1531,
- -,MRS,CAG,Ryanair (FR),Ryanair,350,01:12,,,,,738,,,"Direct",1353,1519,4296,
- -,MRS,CDG,Air France (AF),Air France,405,01:18,,,,,319 32A 318 321 320,,,"Direct",1353,1382,137,
- -,MRS,CDG,AeroMéxico (AM),AeroMéxico,405,01:18,,,,,319,,,"Codeshare",1353,1382,321,
- -,MRS,CDG,Finnair (AY),Finnair,405,01:18,,,,,319,,,"Codeshare",1353,1382,2350,
- -,MRS,CDG,Alitalia (AZ),Alitalia,405,01:18,,,,,319,,,"Codeshare",1353,1382,596,
- -,MRS,CDG,Delta Air Lines (DL),Delta Air Lines,405,01:18,,,,,319,,,"Codeshare",1353,1382,2009,
- -,MRS,CDG,Etihad Airways (EY),Etihad Airways,405,01:18,,,,,319,,,"Codeshare",1353,1382,2222,
- -,MRS,CDG,XL Airways France (SE),XL Airways France,405,01:18,,,,,332 333,,,"Direct",1353,1382,5479,
- -,MRS,CDG,Aeroflot Russian Airlines (SU),Aeroflot Russian Airlines,405,01:18,,,,,319 321,,,"Codeshare",1353,1382,130,
- -,MRS,CHQ,Ryanair (FR),Ryanair,1143,02:47,,,,,738,,,"Direct",1353,1474,4296,
- -,MRS,CIA,Ryanair (FR),Ryanair,391,01:16,,,,,738,,,"Direct",1353,1553,4296,
- -,MRS,CLY,Air France (AF),Air France,191,00:52,,,,,AT7,,,"Codeshare",1353,1322,137,
- -,MRS,CLY,Alitalia (AZ),Alitalia,191,00:52,,,,,AT7,,,"Direct",1353,1322,596,
- -,MRS,CLY,Corse-Mediterranee (XK),Corse-Mediterranee,191,00:52,,,,,AT7,,,"Direct",1353,1322,1909,
- -,MRS,CMN,Royal Air Maroc (AT),Royal Air Maroc,979,02:27,,,,,738,,,"Direct",1353,1074,4248,
- -,MRS,CRL,Ryanair (FR),Ryanair,486,01:28,,,,,738,,,"Direct",1353,304,4296,
- -,MRS,CTA,Ryanair (FR),Ryanair,660,01:49,,,,,738,,,"Direct",1353,1509,4296,
- -,MRS,CZL,Air Algerie (AH),Air Algerie,500,01:30,,,,,738,,,"Direct",1353,221,794,
- -,MRS,CZL,Aigle Azur (ZI),Aigle Azur,500,01:30,,,,,319,,,"Direct",1353,221,21,
- -,MRS,DJE,Nouvel Air Tunisie (BJ),Nouvel Air Tunisie,724,01:56,,,,,320,,,"Direct",1353,293,3740,
- -,MRS,DJE,Tunisair (TU),Tunisair,724,01:56,,,,,736,,,"Direct",1353,293,4870,
- -,MRS,DUB,Aer Lingus (EI),Aer Lingus,865,02:13,,,,,320,,,"Direct",1353,599,837,
- -,MRS,DZA,XL Airways France (SE),XL Airways France,4631,09:45,,,,,332,,,"Direct",1353,915,5479,
- -,MRS,EDI,Ryanair (FR),Ryanair,943,02:23,,,,,738,,,"Direct",1353,535,4296,
- -,MRS,EIN,Ryanair (FR),Ryanair,553,01:36,,,,,738,,,"Direct",1353,585,4296,
- -,MRS,ESU,Ryanair (FR),Ryanair,1162,02:49,,,,,738,,,"Direct",1353,5671,4296,
- -,MRS,ETZ,Twin Jet (T7),Twin Jet,385,01:16,,,,,BEH,,,"Direct",1353,1320,4965,
- -,MRS,FCO,Air France (AF),Air France,373,01:14,,,,,319,,,"Direct",1353,1555,137,
- -,MRS,FCO,Alitalia (AZ),Alitalia,373,01:14,,,,,319,,,"Codeshare",1353,1555,596,
- -,MRS,FEZ,Ryanair (FR),Ryanair,855,02:12,,,,,738,,,"Direct",1353,1066,4296,
- -,MRS,FRA,Ethiopian Airlines (ET),Ethiopian Airlines,482,01:27,,,,,320 32A 319,,,"Codeshare",1353,340,2220,
- -,MRS,FRA,Lufthansa (LH),Lufthansa,482,01:27,,,,,E90 320 32A 319,,,"Direct",1353,340,3320,
- -,MRS,FSC,Air France (AF),Air France,238,00:58,,,,,AT7,,,"Codeshare",1353,1323,137,
- -,MRS,FSC,Alitalia (AZ),Alitalia,238,00:58,,,,,AT7,,,"Codeshare",1353,1323,596,
- -,MRS,FSC,Corse-Mediterranee (XK),Corse-Mediterranee,238,00:58,,,,,AT7,,,"Direct",1353,1323,1909,
- -,MRS,GSE,Ryanair (FR),Ryanair,1030,02:33,,,,,738,,,"Direct",1353,691,4296,
- -,MRS,GVA,Twin Jet (T7),Twin Jet,198,00:53,,,,,BEH,,,"Direct",1353,1665,4965,
- -,MRS,HER,Aegean Airlines (A3),Aegean Airlines,1198,02:53,,,,,320,,,"Direct",1353,1452,96,
- -,MRS,IBZ,Ryanair (FR),Ryanair,373,01:14,,,,,738,,,"Direct",1353,1225,4296,
- -,MRS,ISL,Air France (AF),Air France,1214,02:55,,,,,320,,,"Direct",1353,1701,137,
- -,MRS,ISL,Turkish Airlines (TK),Turkish Airlines,1214,02:55,,,,,738 321 319,,,"Direct",1353,1701,4951,
- -,MRS,LGW,easyJet (U2),easyJet,589,01:40,,,,,319 320,,,"Direct",1353,502,2297,
- -,MRS,LHR,American Airlines (AA),American Airlines,614,01:43,,,,,319,,,"Codeshare",1353,507,24,
- -,MRS,LHR,British Airways (BA),British Airways,614,01:43,,,,,319 320,,,"Direct",1353,507,1355,
- -,MRS,LIL,Air France (AF),Air France,502,01:30,,,,,319,,,"Direct",1353,1399,137,
- -,MRS,LIL,Ryanair (FR),Ryanair,502,01:30,,,,,738,,,"Direct",1353,1399,4296,
- -,MRS,LIS,Ryanair (FR),Ryanair,811,02:07,,,,,738,,,"Direct",1353,1638,4296,
- -,MRS,LIS,TAP Portugal (TP),TAP Portugal,811,02:07,,,,,ER4 100,,,"Codeshare",1353,1638,4869,
- -,MRS,LYS,Airlinair (A5),Airlinair,158,00:48,,,,,AT5 CRJ,,,"Direct",1353,1335,1203,
- -,MRS,MAD,Ryanair (FR),Ryanair,495,01:29,,,,,738,,,"Direct",1353,1229,4296,
- -,MRS,MAD,Iberia Airlines (IB),Iberia Airlines,495,01:29,,,,,CRK,,,"Codeshare",1353,1229,2822,
- -,MRS,MIR,Tunisair (TU),Tunisair,606,01:42,,,,,32A 736,,,"Direct",1353,286,4870,
- -,MRS,MLA,Ryanair (FR),Ryanair,717,01:56,,,,,738,,,"Direct",1353,1606,4296,
- -,MRS,MLA,Air Malta (KM),Air Malta,717,01:56,,,,,320,,,"Direct",1353,1606,242,
- -,MRS,MUC,Lufthansa (LH),Lufthansa,463,01:25,,,,,E95 CR9,,,"Codeshare",1353,346,3320,
- -,MRS,MXP,Air France (AF),Air France,229,00:57,,,,,AT7,,,"Codeshare",1353,1524,137,
- -,MRS,MXP,Alitalia (AZ),Alitalia,229,00:57,,,,,AT7,,,"Direct",1353,1524,596,
- -,MRS,MXP,Twin Jet (T7),Twin Jet,229,00:57,,,,,BEH,,,"Direct",1353,1524,4965,
- -,MRS,MXP,Corse-Mediterranee (XK),Corse-Mediterranee,229,00:57,,,,,AT7,,,"Direct",1353,1524,1909,
- -,MRS,NDR,Ryanair (FR),Ryanair,730,01:57,,,,,738,,,"Direct",1353,5673,4296,
- -,MRS,NTE,Air France (AF),Air France,419,01:20,,,,,319,,,"Direct",1353,1418,137,
- -,MRS,NTE,Ryanair (FR),Ryanair,419,01:20,,,,,738,,,"Direct",1353,1418,4296,
- -,MRS,OPO,Ryanair (FR),Ryanair,724,01:56,,,,,738,,,"Direct",1353,1636,4296,
- -,MRS,ORN,Air Algerie (AH),Air Algerie,622,01:44,,,,,736 738,,,"Direct",1353,231,794,
- -,MRS,ORN,Aigle Azur (ZI),Aigle Azur,622,01:44,,,,,319,,,"Direct",1353,231,21,
- -,MRS,ORY,Air France (AF),Air France,389,01:16,,,,,320 321 319,,,"Direct",1353,1386,137,
- -,MRS,ORY,Flybe (BE),Flybe,389,01:16,,,,,32S,,,"Direct",1353,1386,2421,
- -,MRS,OUD,Ryanair (FR),Ryanair,708,01:54,,,,,738,,,"Direct",1353,1070,4296,
- -,MRS,PMI,Ryanair (FR),Ryanair,297,01:05,,,,,738,,,"Direct",1353,3998,4296,
- -,MRS,PMI,Iberia Airlines (IB),Iberia Airlines,297,01:05,,,,,320,,,"Direct",1353,3998,2822,
- -,MRS,PMI,Formosa Airlines (VY),Formosa Airlines,297,01:05,,,,,320,,,"Direct",1353,3998,2439,
- -,MRS,PMO,Ryanair (FR),Ryanair,548,01:35,,,,,738,,,"Direct",1353,1512,4296,
- -,MRS,PRG,Air France (AF),Air France,627,01:45,,,,,320 319,,,"Direct",1353,1587,137,
- -,MRS,PUF,Twin Jet (T7),Twin Jet,282,01:03,,,,,BEH,,,"Direct",1353,1274,4965,
- -,MRS,QSF,Air Algerie (AH),Air Algerie,501,01:30,,,,,738,,,"Direct",1353,6492,794,
- -,MRS,QSF,Aigle Azur (ZI),Aigle Azur,501,01:30,,,,,319,,,"Direct",1353,6492,21,
- -,MRS,RAK,Air France (AF),Air France,1090,02:40,,,,,320,,,"Direct",1353,1075,137,
- -,MRS,RAK,Royal Air Maroc (AT),Royal Air Maroc,1090,02:40,,,,,738,,,"Direct",1353,1075,4248,
- -,MRS,RAK,Ryanair (FR),Ryanair,1090,02:40,,,,,738,,,"Direct",1353,1075,4296,
- -,MRS,RBA,Ryanair (FR),Ryanair,912,02:19,,,,,738,,,"Direct",1353,1072,4296,
- -,MRS,RNS,Air France (AF),Air France,462,01:25,,,,,319,,,"Direct",1353,1415,137,
- -,MRS,RUN,XL Airways France (SE),XL Airways France,5465,11:25,,,,,333,,,"Direct",1353,916,5479,
- -,MRS,SAW,Pegasus Airlines (PC),Pegasus Airlines,1240,02:58,,,,,738,,,"Direct",1353,4317,3926,
- -,MRS,STN,Ryanair (FR),Ryanair,627,01:45,,,,,738,,,"Direct",1353,548,4296,
- -,MRS,SVO,Air France (AF),Air France,1655,03:48,,,,,320,,,"Direct",1353,2985,137,
- -,MRS,SVQ,Ryanair (FR),Ryanair,716,01:55,,,,,738,,,"Direct",1353,1253,4296,
- -,MRS,SXB,Airlinair (A5),Airlinair,370,01:14,,,,,CR7 ER4 E70,,,"Direct",1353,1435,1203,
- -,MRS,TLM,Air Algerie (AH),Air Algerie,681,01:51,,,,,736,,,"Direct",1353,230,794,
- -,MRS,TLM,Aigle Azur (ZI),Aigle Azur,681,01:51,,,,,319,,,"Direct",1353,230,21,
- -,MRS,TLS,Airlinair (A5),Airlinair,193,00:53,,,,,AT5,,,"Direct",1353,1273,1203,
- -,MRS,TLV,Air France (AF),Air France,1789,04:04,,,,,320,,,"Direct",1353,1590,137,
- -,MRS,TLV,El Al Israel Airlines (LY),El Al Israel Airlines,1789,04:04,,,,,763 738,,,"Direct",1353,1590,2150,
- -,MRS,TNG,Ryanair (FR),Ryanair,795,02:05,,,,,738,,,"Direct",1353,1080,4296,
- -,MRS,TNR,Air Madagascar (MD),Air Madagascar,5062,10:37,,,,,343,,,"Direct",1353,918,1066,
- -,MRS,TUF,Ryanair (FR),Ryanair,351,01:12,,,,,738,,,"Direct",1353,1376,4296,
- -,MRS,TUN,Air France (AF),Air France,525,01:33,,,,,319 320,,,"Direct",1353,287,137,
- -,MRS,TUN,Tunisair (TU),Tunisair,525,01:33,,,,,320 319 32A 736,,,"Direct",1353,287,4870,
- -,MRS,TXL,Air France (AF),Air France,730,01:57,,,,,320 319,,,"Direct",1353,351,137,
- -,MRS,VCE,Air France (AF),Air France,379,01:15,,,,,320 319,,,"Direct",1353,1551,137,
- -,MRS,VCE,Alitalia (AZ),Alitalia,379,01:15,,,,,320 319,,,"Codeshare",1353,1551,596,
- -,MRS,VLC,Ryanair (FR),Ryanair,401,01:18,,,,,738,,,"Direct",1353,1246,4296,
- -,MRS,WMI,Ryanair (FR),Ryanair,943,02:23,,,,,738,,,"Direct",1353,8414,4296,
- -,MRS,YUL,Air Transat (TS),Air Transat,3729,07:57,,,,,310 330,,,"Direct",1353,146,1317,
- -,MRS,ZAD,Ryanair (FR),Ryanair,506,01:30,,,,,738,,,"Direct",1353,1209,4296,