﻿Date,From,To,Flight_Number,Airline,Distance,Duration,Seat,Seat_Type,Class,Reason,Plane,Registration,Trip,Note,From_OID,To_OID,Airline_OID,Plane_OID
- -,MUC,ACE,Air Berlin (AB),Air Berlin,1899,04:17,,,,,738,,,"Direct",346,1055,214,
- -,MUC,ACE,Condor Flugdienst (DE),Condor Flugdienst,1899,04:17,,,,,757 32S,,,"Direct",346,1055,1868,
- -,MUC,ADB,Lufthansa (LH),Lufthansa,1035,02:34,,,,,321 319 320,,,"Direct",346,1706,3320,
- -,MUC,ADB,SunExpress (XQ),SunExpress,1035,02:34,,,,,738,,,"Direct",346,1706,4573,
- -,MUC,AGA,Condor Flugdienst (DE),Condor Flugdienst,1671,03:50,,,,,32S,,,"Direct",346,1064,1868,
- -,MUC,AGP,Air Berlin (AB),Air Berlin,1151,02:48,,,,,738 320,,,"Direct",346,1230,214,
- -,MUC,AGP,Norwegian Air Shuttle (DY),Norwegian Air Shuttle,1151,02:48,,,,,73H,,,"Direct",346,1230,3737,
- -,MUC,AGP,Iberia Airlines (IB),Iberia Airlines,1151,02:48,,,,,320,,,"Codeshare",346,1230,2822,
- -,MUC,AGP,Lufthansa (LH),Lufthansa,1151,02:48,,,,,320 321,,,"Direct",346,1230,3320,
- -,MUC,AGP,Formosa Airlines (VY),Formosa Airlines,1151,02:48,,,,,320,,,"Direct",346,1230,2439,
- -,MUC,ALC,Air Berlin (AB),Air Berlin,929,02:21,,,,,320 738,,,"Direct",346,1212,214,
- -,MUC,ALC,Norwegian Air Shuttle (DY),Norwegian Air Shuttle,929,02:21,,,,,73H,,,"Direct",346,1212,3737,
- -,MUC,AMM,Air Berlin (AB),Air Berlin,1706,03:54,,,,,319,,,"Codeshare",346,2170,214,
- -,MUC,AMM,Royal Jordanian (RJ),Royal Jordanian,1706,03:54,,,,,319,,,"Direct",346,2170,4259,
- -,MUC,AMS,KLM Royal Dutch Airlines (KL),KLM Royal Dutch Airlines,412,01:19,,,,,737,,,"Direct",346,580,3090,
- -,MUC,AMS,Lufthansa (LH),Lufthansa,412,01:19,,,,,E95 CR9,,,"Codeshare",346,580,3320,
- -,MUC,AOI,Lufthansa (LH),Lufthansa,335,01:10,,,,,CR9 E95,,,"Codeshare",346,4309,3320,
- -,MUC,AOK,Air Berlin (AB),Air Berlin,1187,02:52,,,,,320,,,"Direct",346,1459,214,
- -,MUC,ARN,Norwegian Air Shuttle (DY),Norwegian Air Shuttle,818,02:08,,,,,73H,,,"Direct",346,737,3737,
- -,MUC,ARN,Lufthansa (LH),Lufthansa,818,02:08,,,,,CR9 320 321 319,,,"Direct",346,737,3320,
- -,MUC,ARN,Scandinavian Airlines System (SK),Scandinavian Airlines System,818,02:08,,,,,CR9 320 321 319,,,"Codeshare",346,737,4319,
- -,MUC,ATH,Aegean Airlines (A3),Aegean Airlines,942,02:23,,,,,320,,,"Direct",346,3941,96,
- -,MUC,ATH,Air China (CA),Air China,942,02:23,,,,,330,,,"Direct",346,3941,751,
- -,MUC,ATH,Lufthansa (LH),Lufthansa,942,02:23,,,,,321,,,"Direct",346,3941,3320,
- -,MUC,ATH,US Airways (US),US Airways,942,02:23,,,,,320,,,"Codeshare",346,3941,5265,
- -,MUC,ATL,Air France (AF),Air France,4783,10:03,,,,,764,,,"Codeshare",346,3682,137,
- -,MUC,ATL,Delta Air Lines (DL),Delta Air Lines,4783,10:03,,,,,764,,,"Direct",346,3682,2009,
- -,MUC,ATL,KLM Royal Dutch Airlines (KL),KLM Royal Dutch Airlines,4783,10:03,,,,,764,,,"Codeshare",346,3682,3090,
- -,MUC,AUH,Air Berlin (AB),Air Berlin,2844,06:11,,,,,346 345 333,,,"Codeshare",346,2179,214,
- -,MUC,AUH,Air Baltic (BT),Air Baltic,2844,06:11,,,,,332 345 333,,,"Direct",346,2179,333,
- -,MUC,AUH,Etihad Airways (EY),Etihad Airways,2844,06:11,,,,,346 345 333,,,"Direct",346,2179,2222,
- -,MUC,AYT,Air Berlin (AB),Air Berlin,1242,02:59,,,,,321,,,"Direct",346,1688,214,
- -,MUC,AYT,Condor Flugdienst (DE),Condor Flugdienst,1242,02:59,,,,,757,,,"Direct",346,1688,1868,
- -,MUC,AYT,TUIfly (X3),TUIfly,1242,02:59,,,,,73H,,,"Direct",346,1688,2681,
- -,MUC,AYT,SunExpress (XQ),SunExpress,1242,02:59,,,,,738,,,"Direct",346,1688,4573,
- -,MUC,BCN,Iberia Airlines (IB),Iberia Airlines,679,01:51,,,,,320,,,"Codeshare",346,1218,2822,
- -,MUC,BCN,Lufthansa (LH),Lufthansa,679,01:51,,,,,319 321 320 E95,,,"Direct",346,1218,3320,
- -,MUC,BCN,Formosa Airlines (VY),Formosa Airlines,679,01:51,,,,,320,,,"Direct",346,1218,2439,
- -,MUC,BDS,Air Berlin (AB),Air Berlin,611,01:43,,,,,73G 738,,,"Direct",346,1506,214,
- -,MUC,BDS,Meridiana (IG),Meridiana,611,01:43,,,,,320,,,"Codeshare",346,1506,3463,
- -,MUC,BEG,Lufthansa (LH),Lufthansa,472,01:26,,,,,E95,,,"Codeshare",346,1739,3320,
- -,MUC,BEG,Scandinavian Airlines System (SK),Scandinavian Airlines System,472,01:26,,,,,E95,,,"Direct",346,1739,4319,
- -,MUC,BHX,Lufthansa (LH),Lufthansa,658,01:48,,,,,E95,,,"Codeshare",346,469,3320,
- -,MUC,BIO,Lufthansa (LH),Lufthansa,786,02:04,,,,,E95 319 320,,,"Direct",346,1216,3320,
- -,MUC,BKK,Lufthansa (LH),Lufthansa,5464,11:25,,,,,747,,,"Codeshare",346,3885,3320,
- -,MUC,BKK,Thai Airways International (TG),Thai Airways International,5464,11:25,,,,,747,,,"Direct",346,3885,4940,
- -,MUC,BLL,British Airways (BA),British Airways,522,01:32,,,,,FRJ,,,"Codeshare",346,608,1355,
- -,MUC,BLQ,Lufthansa (LH),Lufthansa,264,01:01,,,,,E95,,,"Direct",346,1538,3320,
- -,MUC,BOD,VOLOTEA Airways (V7),VOLOTEA Airways,640,01:46,,,,,717,,,"Direct",346,1264,20577,
- -,MUC,BOM,Air India Limited (AI),Air India Limited,3919,08:20,,,,,333,,,"Codeshare",346,2997,218,
- -,MUC,BOM,Lufthansa (LH),Lufthansa,3919,08:20,,,,,333,,,"Direct",346,2997,3320,
- -,MUC,BOS,Lufthansa (LH),Lufthansa,3838,08:10,,,,,333,,,"Direct",346,3448,3320,
- -,MUC,BOS,United Airlines (UA),United Airlines,3838,08:10,,,,,333,,,"Codeshare",346,3448,5209,
- -,MUC,BRE,Lufthansa (LH),Lufthansa,349,01:11,,,,,E95 319 321 320,,,"Direct",346,353,3320,
- -,MUC,BRI,Air Dolomiti (EN),Air Dolomiti,554,01:36,,,,,E95,,,"Direct",346,1501,807,
- -,MUC,BRI,Lufthansa (LH),Lufthansa,554,01:36,,,,,E95,,,"Codeshare",346,1501,3320,
- -,MUC,BRS,Air Sicilia (BM),Air Sicilia,677,01:51,,,,,ER4,,,"Direct",346,490,312,
- -,MUC,BRU,Lufthansa (LH),Lufthansa,370,01:14,,,,,319 E95 320,,,"Direct",346,302,3320,
- -,MUC,BRU,Brussels Airlines (SN),Brussels Airlines,370,01:14,,,,,E95 319 CR9 320,,,"Codeshare",346,302,1531,
- -,MUC,BSL,Lufthansa (LH),Lufthansa,203,00:54,,,,,CR9 CR7,,,"Codeshare",346,1423,3320,
- -,MUC,BSL,Swiss International Air Lines (LX),Swiss International Air Lines,203,00:54,,,,,CR9 CR7,,,"Codeshare",346,1423,4559,
- -,MUC,BSL,Scandinavian Airlines System (SK),Scandinavian Airlines System,203,00:54,,,,,CR9 CR7,,,"Direct",346,1423,4319,
- -,MUC,BUD,Lufthansa (LH),Lufthansa,351,01:12,,,,,320 E95 CR9 319 321,,,"Direct",346,1489,3320,
- -,MUC,BVC,TUIfly (X3),TUIfly,2961,06:25,,,,,73H,,,"Direct",346,1103,2681,
- -,MUC,CAG,Air Berlin (AB),Air Berlin,643,01:47,,,,,320 738,,,"Direct",346,1519,214,
- -,MUC,CAG,Meridiana (IG),Meridiana,643,01:47,,,,,320,,,"Codeshare",346,1519,3463,
- -,MUC,CAG,Lufthansa (LH),Lufthansa,643,01:47,,,,,E95,,,"Direct",346,1519,3320,
- -,MUC,CAI,Lufthansa (LH),Lufthansa,1629,03:45,,,,,738,,,"Codeshare",346,1128,3320,
- -,MUC,CAI,Egyptair (MS),Egyptair,1629,03:45,,,,,738,,,"Direct",346,1128,2143,
- -,MUC,CDG,Air France (AF),Air France,423,01:20,,,,,320 319 318 32A 321,,,"Direct",346,1382,137,
- -,MUC,CDG,Lufthansa (LH),Lufthansa,423,01:20,,,,,E95 320 321 319,,,"Direct",346,1382,3320,
- -,MUC,CFU,Air Berlin (AB),Air Berlin,725,01:57,,,,,321 320,,,"Direct",346,1460,214,
- -,MUC,CFU,Condor Flugdienst (DE),Condor Flugdienst,725,01:57,,,,,32S,,,"Direct",346,1460,1868,
- -,MUC,CFU,TUIfly (X3),TUIfly,725,01:57,,,,,73H,,,"Direct",346,1460,2681,
- -,MUC,CGN,Air Berlin (AB),Air Berlin,270,01:02,,,,,73G,,,"Direct",346,344,214,
- -,MUC,CGN,Lufthansa (LH),Lufthansa,270,01:02,,,,,319 321 320 E95,,,"Direct",346,344,3320,
- -,MUC,CHQ,Condor Flugdienst (DE),Condor Flugdienst,1086,02:40,,,,,32S,,,"Direct",346,1474,1868,
- -,MUC,CLJ,Lufthansa (LH),Lufthansa,564,01:37,,,,,E95,,,"Codeshare",346,1652,3320,
- -,MUC,CLT,Lufthansa (LH),Lufthansa,4564,09:37,,,,,346,,,"Direct",346,3876,3320,
- -,MUC,CMN,Royal Air Maroc (AT),Royal Air Maroc,1439,03:22,,,,,73G,,,"Direct",346,1074,4248,
- -,MUC,CPH,Lufthansa (LH),Lufthansa,502,01:30,,,,,CR9 E95 320 321 319,,,"Codeshare",346,609,3320,
- -,MUC,CPH,Scandinavian Airlines System (SK),Scandinavian Airlines System,502,01:30,,,,,CR9 320 321 319,,,"Direct",346,609,4319,
- -,MUC,CTA,Air Berlin (AB),Air Berlin,769,02:02,,,,,320 321 738,,,"Direct",346,1509,214,
- -,MUC,CTA,Finnair (AY),Finnair,769,02:02,,,,,321 320,,,"Codeshare",346,1509,2350,
- -,MUC,CTA,Meridiana (IG),Meridiana,769,02:02,,,,,320,,,"Codeshare",346,1509,3463,
- -,MUC,CTA,Air Malta (KM),Air Malta,769,02:02,,,,,319,,,"Direct",346,1509,242,
- -,MUC,CTA,Lufthansa (LH),Lufthansa,769,02:02,,,,,E95 321,,,"Direct",346,1509,3320,
- -,MUC,DBV,Lufthansa (LH),Lufthansa,508,01:30,,,,,319 E95 320,,,"Direct",346,1200,3320,
- -,MUC,DBV,Croatia Airlines (OU),Croatia Airlines,508,01:30,,,,,319 E95 320,,,"Codeshare",346,1200,1925,
- -,MUC,DEL,Air India Limited (AI),Air India Limited,3663,07:49,,,,,346,,,"Codeshare",346,3093,218,
- -,MUC,DEL,Lufthansa (LH),Lufthansa,3663,07:49,,,,,346 333,,,"Direct",346,3093,3320,
- -,MUC,DJE,Nouvel Air Tunisie (BJ),Nouvel Air Tunisie,1001,02:30,,,,,321,,,"Direct",346,293,3740,
- -,MUC,DJE,Condor Flugdienst (DE),Condor Flugdienst,1001,02:30,,,,,757,,,"Direct",346,293,1868,
- -,MUC,DJE,Tunisair (TU),Tunisair,1001,02:30,,,,,736,,,"Direct",346,293,4870,
- -,MUC,DLM,Condor Flugdienst (DE),Condor Flugdienst,1176,02:51,,,,,757,,,"Direct",346,1715,1868,
- -,MUC,DLM,TUIfly (X3),TUIfly,1176,02:51,,,,,73H,,,"Direct",346,1715,2681,
- -,MUC,DME,Air Berlin (AB),Air Berlin,1206,02:54,,,,,738,,,"Direct",346,4029,214,
- -,MUC,DME,Lufthansa (LH),Lufthansa,1206,02:54,,,,,320 321 319,,,"Direct",346,4029,3320,
- -,MUC,DME,S7 Airlines (S7),S7 Airlines,1206,02:54,,,,,320 321 763,,,"Direct",346,4029,4329,
- -,MUC,DOH,Qatar Airways (QR),Qatar Airways,2671,05:50,,,,,788,,,"Direct",346,11051,4091,
- -,MUC,DOH,US Airways (US),US Airways,2671,05:50,,,,,788,,,"Direct",346,11051,5265,
- -,MUC,DOK,Lufthansa (LH),Lufthansa,1188,02:52,,,,,CR7 CR9,,,"Codeshare",346,2940,3320,
- -,MUC,DRS,Lufthansa (LH),Lufthansa,211,00:55,,,,,E95,,,"Direct",346,338,3320,
- -,MUC,DTM,Germanwings (4U),Germanwings,286,01:04,,,,,319,,,"Direct",346,373,2548,
- -,MUC,DTM,Lufthansa (LH),Lufthansa,286,01:04,,,,,319,,,"Direct",346,373,3320,
- -,MUC,DUB,Aer Lingus (EI),Aer Lingus,857,02:12,,,,,320,,,"Direct",346,599,837,
- -,MUC,DUB,Lufthansa (LH),Lufthansa,857,02:12,,,,,320 319,,,"Direct",346,599,3320,
- -,MUC,DUS,Air Berlin (AB),Air Berlin,301,01:06,,,,,738 320 319 321 DH4,,,"Direct",346,345,214,
- -,MUC,DUS,Lufthansa (LH),Lufthansa,301,01:06,,,,,320 321 319,,,"Direct",346,345,3320,
- -,MUC,DUS,TUIfly (X3),TUIfly,301,01:06,,,,,73H,,,"Direct",346,345,2681,
- -,MUC,DXB,Emirates (EK),Emirates,2834,06:10,,,,,388,,,"Direct",346,2188,2183,
- -,MUC,DXB,Lufthansa (LH),Lufthansa,2834,06:10,,,,,333,,,"Direct",346,2188,3320,
- -,MUC,DXB,Qantas (QF),Qantas,2834,06:10,,,,,388,,,"Codeshare",346,2188,4089,
- -,MUC,EBL,Germania (ST),Germania,1825,04:09,,,,,73G,,,"Direct",346,3989,2547,
- -,MUC,EDI,easyJet (U2),easyJet,826,02:09,,,,,319,,,"Direct",346,535,2297,
- -,MUC,ESB,Lufthansa (LH),Lufthansa,1187,02:52,,,,,321 320,,,"Direct",346,1682,3320,
- -,MUC,EWR,Lufthansa (LH),Lufthansa,4038,08:34,,,,,346,,,"Direct",346,3494,3320,
- -,MUC,EWR,United Airlines (UA),United Airlines,4038,08:34,,,,,764,,,"Direct",346,3494,5209,
- -,MUC,FAO,Air Berlin (AB),Air Berlin,1265,03:01,,,,,738,,,"Direct",346,1626,214,
- -,MUC,FAO,Lufthansa (LH),Lufthansa,1265,03:01,,,,,321,,,"Direct",346,1626,3320,
- -,MUC,FAO,TAP Portugal (TP),TAP Portugal,1265,03:01,,,,,321,,,"Codeshare",346,1626,4869,
- -,MUC,FAO,TUIfly (X3),TUIfly,1265,03:01,,,,,73H,,,"Direct",346,1626,2681,
- -,MUC,FCO,Alitalia (AZ),Alitalia,453,01:24,,,,,319 32S,,,"Direct",346,1555,596,
- -,MUC,FCO,Lufthansa (LH),Lufthansa,453,01:24,,,,,320 321 319,,,"Direct",346,1555,3320,
- -,MUC,FLR,Air Dolomiti (EN),Air Dolomiti,314,01:07,,,,,E95,,,"Direct",346,1563,807,
- -,MUC,FLR,Lufthansa (LH),Lufthansa,314,01:07,,,,,E95,,,"Direct",346,1563,3320,
- -,MUC,FMO,Lufthansa (LH),Lufthansa,317,01:08,,,,,E95 CR9,,,"Codeshare",346,341,3320,
- -,MUC,FNC,Air Berlin (AB),Air Berlin,1830,04:09,,,,,738,,,"Direct",346,4091,214,
- -,MUC,FNC,Condor Flugdienst (DE),Condor Flugdienst,1830,04:09,,,,,32S,,,"Direct",346,4091,1868,
- -,MUC,FRA,Cyprus Airways (CY),Cyprus Airways,185,00:52,,,,,320,,,"Direct",346,340,1942,
- -,MUC,FRA,Ethiopian Airlines (ET),Ethiopian Airlines,185,00:52,,,,,320 319,,,"Codeshare",346,340,2220,
- -,MUC,FRA,Lufthansa (LH),Lufthansa,185,00:52,,,,,321 320 32A 319,,,"Direct",346,340,3320,
- -,MUC,FUE,Air Berlin (AB),Air Berlin,1935,04:22,,,,,738,,,"Direct",346,1051,214,
- -,MUC,FUE,Condor Flugdienst (DE),Condor Flugdienst,1935,04:22,,,,,32S,,,"Direct",346,1051,1868,
- -,MUC,FUE,TUIfly (X3),TUIfly,1935,04:22,,,,,73H,,,"Direct",346,1051,2681,
- -,MUC,GDN,Lufthansa (LH),Lufthansa,505,01:30,,,,,E95,,,"Direct",346,668,3320,
- -,MUC,GDN,LOT Polish Airlines (LO),LOT Polish Airlines,505,01:30,,,,,E95,,,"Codeshare",346,668,3210,
- -,MUC,GOA,Lufthansa (LH),Lufthansa,306,01:06,,,,,CR9 CR7,,,"Direct",346,1528,3320,
- -,MUC,GOT,Lufthansa (LH),Lufthansa,643,01:47,,,,,E95 CR9,,,"Codeshare",346,687,3320,
- -,MUC,GOT,Scandinavian Airlines System (SK),Scandinavian Airlines System,643,01:47,,,,,E95 CR9,,,"Codeshare",346,687,4319,
- -,MUC,GRU,TAM Brazilian Airlines (JJ),TAM Brazilian Airlines,6121,12:44,,,,,346,,,"Codeshare",346,2564,4867,
- -,MUC,GRU,Lufthansa (LH),Lufthansa,6121,12:44,,,,,346,,,"Direct",346,2564,3320,
- -,MUC,GRZ,Lufthansa (LH),Lufthansa,194,00:53,,,,,CR9 CR7,,,"Codeshare",346,1609,3320,
- -,MUC,GRZ,Austrian Airlines (OS),Austrian Airlines,194,00:53,,,,,CR9 CR7,,,"Codeshare",346,1609,491,
- -,MUC,GVA,Lufthansa (LH),Lufthansa,303,01:06,,,,,E95 CR9,,,"Direct",346,1665,3320,
- -,MUC,GVA,Swiss International Air Lines (LX),Swiss International Air Lines,303,01:06,,,,,E95 CR9,,,"Codeshare",346,1665,4559,
- -,MUC,GWT,Air Berlin (AB),Air Berlin,476,01:27,,,,,DH4 73G,,,"Direct",346,410,214,
- -,MUC,GWT,Lufthansa (LH),Lufthansa,476,01:27,,,,,E95,,,"Codeshare",346,410,3320,
- -,MUC,HAJ,Lufthansa (LH),Lufthansa,298,01:05,,,,,320 321 319 E95,,,"Direct",346,352,3320,
- -,MUC,HAM,Air Berlin (AB),Air Berlin,372,01:14,,,,,320 738 73G,,,"Direct",346,342,214,
- -,MUC,HAM,Lufthansa (LH),Lufthansa,372,01:14,,,,,320 321 319,,,"Direct",346,342,3320,
- -,MUC,HEL,Air Berlin (AB),Air Berlin,977,02:27,,,,,319 320 E90,,,"Codeshare",346,421,214,
- -,MUC,HEL,Finnair (AY),Finnair,977,02:27,,,,,319 320,,,"Direct",346,421,2350,
- -,MUC,HEL,Lufthansa (LH),Lufthansa,977,02:27,,,,,319 320,,,"Direct",346,421,3320,
- -,MUC,HEL,Scandinavian Airlines System (SK),Scandinavian Airlines System,977,02:27,,,,,319 320,,,"Codeshare",346,421,4319,
- -,MUC,HER,Aegean Airlines (A3),Aegean Airlines,1128,02:45,,,,,320,,,"Direct",346,1452,96,
- -,MUC,HER,Air Berlin (AB),Air Berlin,1128,02:45,,,,,738 320,,,"Direct",346,1452,214,
- -,MUC,HER,Condor Flugdienst (DE),Condor Flugdienst,1128,02:45,,,,,32S,,,"Direct",346,1452,1868,
- -,MUC,HER,Lufthansa (LH),Lufthansa,1128,02:45,,,,,320,,,"Codeshare",346,1452,3320,
- -,MUC,HER,TUIfly (X3),TUIfly,1128,02:45,,,,,73H,,,"Direct",346,1452,2681,
- -,MUC,HKG,Lufthansa (LH),Lufthansa,5601,11:42,,,,,346,,,"Direct",346,3077,3320,
- -,MUC,HND,Lufthansa (LH),Lufthansa,5811,12:07,,,,,346,,,"Direct",346,2359,3320,
- -,MUC,HND,All Nippon Airways (NH),All Nippon Airways,5811,12:07,,,,,346 788,,,"Direct",346,2359,324,
- -,MUC,HRG,Condor Flugdienst (DE),Condor Flugdienst,1878,04:15,,,,,757,,,"Direct",346,1130,1868,
- -,MUC,IAD,Lufthansa (LH),Lufthansa,4249,08:59,,,,,333,,,"Direct",346,3714,3320,
- -,MUC,IAD,United Airlines (UA),United Airlines,4249,08:59,,,,,764,,,"Direct",346,3714,5209,
- -,MUC,IAH,United Airlines (UA),United Airlines,5402,11:18,,,,,764,,,"Direct",346,3550,5209,
- -,MUC,IBZ,Air Berlin (AB),Air Berlin,834,02:10,,,,,738 320,,,"Direct",346,1225,214,
- -,MUC,IBZ,Condor Flugdienst (DE),Condor Flugdienst,834,02:10,,,,,32S,,,"Direct",346,1225,1868,
- -,MUC,ICN,Lufthansa (LH),Lufthansa,5278,11:03,,,,,346,,,"Direct",346,3930,3320,
- -,MUC,ISL,Lufthansa (LH),Lufthansa,976,02:27,,,,,321 320,,,"Direct",346,1701,3320,
- -,MUC,ISL,Asiana Airlines (OZ),Asiana Airlines,976,02:27,,,,,321,,,"Direct",346,1701,28,
- -,MUC,ISL,Turkish Airlines (TK),Turkish Airlines,976,02:27,,,,,320 321 738,,,"Direct",346,1701,4951,
- -,MUC,ISL,US Airways (US),US Airways,976,02:27,,,,,320 321 738,,,"Codeshare",346,1701,5265,
- -,MUC,ISU,Germania (ST),Germania,1914,04:19,,,,,73G,,,"Direct",346,5952,2547,
- -,MUC,JFK,Lufthansa (LH),Lufthansa,4024,08:32,,,,,333,,,"Direct",346,3797,3320,
- -,MUC,JFK,United Airlines (UA),United Airlines,4024,08:32,,,,,333,,,"Codeshare",346,3797,5209,
- -,MUC,JNB,Lufthansa (LH),Lufthansa,5244,10:59,,,,,346 343 332,,,"Codeshare",346,813,3320,
- -,MUC,JNB,South African Airways (SA),South African Airways,5244,10:59,,,,,346 343 332,,,"Direct",346,813,4305,
- -,MUC,JNB,US Airways (US),US Airways,5244,10:59,,,,,346 343 332,,,"Direct",346,813,5265,
- -,MUC,KBP,Lufthansa (LH),Lufthansa,868,02:14,,,,,319 320 321,,,"Direct",346,2939,3320,
- -,MUC,KBP,Ukraine International Airlines (PS),Ukraine International Airlines,868,02:14,,,,,734,,,"Direct",346,2939,5282,
- -,MUC,KEF,Icelandair (FI),Icelandair,1671,03:50,,,,,75W,,,"Direct",346,16,2835,
- -,MUC,KGS,Air Berlin (AB),Air Berlin,1110,02:43,,,,,738,,,"Direct",346,1458,214,
- -,MUC,KGS,Condor Flugdienst (DE),Condor Flugdienst,1110,02:43,,,,,32S,,,"Direct",346,1458,1868,
- -,MUC,KGS,TUIfly (X3),TUIfly,1110,02:43,,,,,73H,,,"Direct",346,1458,2681,
- -,MUC,KIV,Lufthansa (LH),Lufthansa,802,02:06,,,,,E95,,,"Codeshare",346,1735,3320,
- -,MUC,KLX,Aegean Airlines (A3),Aegean Airlines,934,02:22,,,,,319,,,"Direct",346,1456,96,
- -,MUC,KLX,Lufthansa (LH),Lufthansa,934,02:22,,,,,319,,,"Codeshare",346,1456,3320,
- -,MUC,KRK,Lufthansa (LH),Lufthansa,379,01:15,,,,,319 320 E95,,,"Codeshare",346,669,3320,
- -,MUC,KRK,LOT Polish Airlines (LO),LOT Polish Airlines,379,01:15,,,,,319 320 E95,,,"Codeshare",346,669,3210,
- -,MUC,KRR,Ural Airlines (U6),Ural Airlines,1309,03:07,,,,,320,,,"Direct",346,2960,5234,
- -,MUC,KVA,Air Berlin (AB),Air Berlin,811,02:07,,,,,738,,,"Direct",346,1462,214,
- -,MUC,LAX,Lufthansa (LH),Lufthansa,5971,12:26,,,,,346,,,"Direct",346,3484,3320,
- -,MUC,LAX,United Airlines (UA),United Airlines,5971,12:26,,,,,346,,,"Codeshare",346,3484,5209,
- -,MUC,LCA,Cyprus Airways (CY),Cyprus Airways,1452,03:24,,,,,320,,,"Direct",346,1197,1942,
- -,MUC,LCA,Lufthansa (LH),Lufthansa,1452,03:24,,,,,321,,,"Direct",346,1197,3320,
- -,MUC,LED,Lufthansa (LH),Lufthansa,1081,02:39,,,,,321 320,,,"Direct",346,2948,3320,
- -,MUC,LED,Aeroflot Russian Airlines (SU),Aeroflot Russian Airlines,1081,02:39,,,,,319,,,"Direct",346,2948,130,
- -,MUC,LEJ,Lufthansa (LH),Lufthansa,212,00:55,,,,,CR9 E95 CR7,,,"Codeshare",346,348,3320,
- -,MUC,LGW,easyJet (U2),easyJet,567,01:38,,,,,319 320,,,"Direct",346,502,2297,
- -,MUC,LHR,American Airlines (AA),American Airlines,584,01:40,,,,,321 320 319,,,"Codeshare",346,507,24,
- -,MUC,LHR,Air Berlin (AB),Air Berlin,584,01:40,,,,,321 320 319,,,"Codeshare",346,507,214,
- -,MUC,LHR,British Airways (BA),British Airways,584,01:40,,,,,321 320 319,,,"Direct",346,507,1355,
- -,MUC,LHR,Lufthansa (LH),Lufthansa,584,01:40,,,,,320 321 319,,,"Direct",346,507,3320,
- -,MUC,LIS,Lufthansa (LH),Lufthansa,1231,02:57,,,,,321,,,"Direct",346,1638,3320,
- -,MUC,LIS,TAP Portugal (TP),TAP Portugal,1231,02:57,,,,,319 320,,,"Direct",346,1638,4869,
- -,MUC,LIS,US Airways (US),US Airways,1231,02:57,,,,,320,,,"Codeshare",346,1638,5265,
- -,MUC,LJU,Adria Airways (JP),Adria Airways,193,00:53,,,,,CR9 CR2,,,"Direct",346,1569,83,
- -,MUC,LJU,Lufthansa (LH),Lufthansa,193,00:53,,,,,CR9 CR2,,,"Codeshare",346,1569,3320,
- -,MUC,LPA,Air Berlin (AB),Air Berlin,2021,04:32,,,,,738,,,"Direct",346,1054,214,
- -,MUC,LPA,Condor Flugdienst (DE),Condor Flugdienst,2021,04:32,,,,,757,,,"Direct",346,1054,1868,
- -,MUC,LPA,Norwegian Air Shuttle (DY),Norwegian Air Shuttle,2021,04:32,,,,,73H,,,"Direct",346,1054,3737,
- -,MUC,LPA,TUIfly (X3),TUIfly,2021,04:32,,,,,73H,,,"Direct",346,1054,2681,
- -,MUC,LUX,Luxair (LG),Luxair,267,01:02,,,,,DH4 ER4,,,"Direct",346,629,3329,
- -,MUC,LUX,Lufthansa (LH),Lufthansa,267,01:02,,,,,CR9 CR7,,,"Codeshare",346,629,3320,
- -,MUC,LWO,Lufthansa (LH),Lufthansa,558,01:36,,,,,CR7 CR9,,,"Codeshare",346,2945,3320,
- -,MUC,LYS,Lufthansa (LH),Lufthansa,363,01:13,,,,,E95 CR9,,,"Codeshare",346,1335,3320,
- -,MUC,MAD,Air Berlin (AB),Air Berlin,929,02:21,,,,,319 320 321,,,"Codeshare",346,1229,214,
- -,MUC,MAD,Iberia Airlines (IB),Iberia Airlines,929,02:21,,,,,319 320 321,,,"Direct",346,1229,2822,
- -,MUC,MAD,Lufthansa (LH),Lufthansa,929,02:21,,,,,321 320 319,,,"Direct",346,1229,3320,
- -,MUC,MAD,El Al Israel Airlines (LY),El Al Israel Airlines,929,02:21,,,,,738,,,"Direct",346,1229,2150,
- -,MUC,MAD,Scandinavian Airlines System (SK),Scandinavian Airlines System,929,02:21,,,,,321,,,"Direct",346,1229,4319,
- -,MUC,MAD,Air Europa (UX),Air Europa,929,02:21,,,,,E90,,,"Direct",346,1229,90,
- -,MUC,MAH,Air Berlin (AB),Air Berlin,695,01:53,,,,,738,,,"Direct",346,1231,214,
- -,MUC,MAN,Lufthansa (LH),Lufthansa,701,01:54,,,,,319 320,,,"Direct",346,478,3320,
- -,MUC,MAN,South African Airways (SA),South African Airways,701,01:54,,,,,319,,,"Codeshare",346,478,4305,
- -,MUC,MAN,Singapore Airlines (SQ),Singapore Airlines,701,01:54,,,,,77W,,,"Direct",346,478,4435,
- -,MUC,MAN,easyJet (U2),easyJet,701,01:54,,,,,319 320,,,"Direct",346,478,2297,
- -,MUC,MAN,Virgin Australia (VA),Virgin Australia,701,01:54,,,,,77W,,,"Codeshare",346,478,5360,
- -,MUC,MAN,Virgin Atlantic Airways (VS),Virgin Atlantic Airways,701,01:54,,,,,77W,,,"Codeshare",346,478,5347,
- -,MUC,MCT,Oman Air (WY),Oman Air,3044,06:35,,,,,333 332,,,"Direct",346,2194,3778,
- -,MUC,MEX,Lufthansa (LH),Lufthansa,6113,12:43,,,,,346,,,"Direct",346,1824,3320,
- -,MUC,MJT,Air Berlin (AB),Air Berlin,976,02:27,,,,,320,,,"Direct",346,1469,214,
- -,MUC,MLA,Air Malta (KM),Air Malta,873,02:14,,,,,319 320,,,"Direct",346,1606,242,
- -,MUC,MLA,Lufthansa (LH),Lufthansa,873,02:14,,,,,319 320,,,"Direct",346,1606,3320,
- -,MUC,MRS,Lufthansa (LH),Lufthansa,463,01:25,,,,,CR9 E95,,,"Codeshare",346,1353,3320,
- -,MUC,MXP,Lufthansa (LH),Lufthansa,236,00:58,,,,,E95,,,"Direct",346,1524,3320,
- -,MUC,NAP,Air Berlin (AB),Air Berlin,530,01:33,,,,,320 738,,,"Direct",346,1561,214,
- -,MUC,NAP,Meridiana (IG),Meridiana,530,01:33,,,,,320,,,"Codeshare",346,1561,3463,
- -,MUC,NAP,Lufthansa (LH),Lufthansa,530,01:33,,,,,321,,,"Direct",346,1561,3320,
- -,MUC,NBE,Air Berlin (AB),Air Berlin,850,02:12,,,,,320,,,"Direct",346,7447,214,
- -,MUC,NBE,Nouvel Air Tunisie (BJ),Nouvel Air Tunisie,850,02:12,,,,,320,,,"Direct",346,7447,3740,
- -,MUC,NBE,Tunisair (TU),Tunisair,850,02:12,,,,,736,,,"Direct",346,7447,4870,
- -,MUC,NCE,Lufthansa (LH),Lufthansa,391,01:16,,,,,E95,,,"Direct",346,1354,3320,
- -,MUC,NTE,VOLOTEA Airways (V7),VOLOTEA Airways,626,01:45,,,,,717,,,"Direct",346,1418,20577,
- -,MUC,NUE,Lufthansa (LH),Lufthansa,85,00:40,,,,,CR7 CR9,,,"Codeshare",346,347,3320,
- -,MUC,ODS,Lufthansa (LH),Lufthansa,890,02:16,,,,,CR9 CR7,,,"Codeshare",346,2947,3320,
- -,MUC,OLB,Air Berlin (AB),Air Berlin,526,01:33,,,,,73G 738 320,,,"Direct",346,1520,214,
- -,MUC,OLB,Meridiana (IG),Meridiana,526,01:33,,,,,320,,,"Codeshare",346,1520,3463,
- -,MUC,OLB,Lufthansa (LH),Lufthansa,526,01:33,,,,,E95,,,"Codeshare",346,1520,3320,
- -,MUC,OPO,SATA International (S4),SATA International,1111,02:43,,,,,320,,,"Direct",346,1636,4304,
- -,MUC,ORD,Lufthansa (LH),Lufthansa,4514,09:31,,,,,346,,,"Direct",346,3830,3320,
- -,MUC,ORD,United Airlines (UA),United Airlines,4514,09:31,,,,,763 777,,,"Direct",346,3830,5209,
- -,MUC,ORK,Aer Lingus (EI),Aer Lingus,926,02:21,,,,,320,,,"Direct",346,596,837,
- -,MUC,OSL,Norwegian Air Shuttle (DY),Norwegian Air Shuttle,813,02:07,,,,,73H,,,"Direct",346,644,3737,
- -,MUC,OSL,Lufthansa (LH),Lufthansa,813,02:07,,,,,319 E95 320 321,,,"Direct",346,644,3320,
- -,MUC,OSL,Scandinavian Airlines System (SK),Scandinavian Airlines System,813,02:07,,,,,73H 73G 73W,,,"Direct",346,644,4319,
- -,MUC,OTP,Lufthansa (LH),Lufthansa,727,01:57,,,,,320 321,,,"Direct",346,1657,3320,
- -,MUC,OTP,Tarom (RO),Tarom,727,01:57,,,,,733,,,"Direct",346,1657,5179,
- -,MUC,OVB,S7 Airlines (S7),S7 Airlines,2935,06:22,,,,,738,,,"Codeshare",346,4078,4329,
- -,MUC,PAD,Lufthansa (LH),Lufthansa,265,01:01,,,,,CR9 CR7,,,"Codeshare",346,371,3320,
- -,MUC,PEK,Air China (CA),Air China,4794,10:05,,,,,330,,,"Direct",346,3364,751,
- -,MUC,PEK,Lufthansa (LH),Lufthansa,4794,10:05,,,,,346,,,"Direct",346,3364,3320,
- -,MUC,PHL,American Airlines (AA),American Airlines,4118,08:44,,,,,333,,,"Direct",346,3752,24,
- -,MUC,PHL,US Airways (US),US Airways,4118,08:44,,,,,333,,,"Direct",346,3752,5265,
- -,MUC,PMI,Air Berlin (AB),Air Berlin,755,02:00,,,,,738 321 320,,,"Direct",346,3998,214,
- -,MUC,PMI,Condor Flugdienst (DE),Condor Flugdienst,755,02:00,,,,,32S 757,,,"Direct",346,3998,1868,
- -,MUC,PMI,Lufthansa (LH),Lufthansa,755,02:00,,,,,320 319 321,,,"Direct",346,3998,3320,
- -,MUC,PMI,TUIfly (X3),TUIfly,755,02:00,,,,,73H,,,"Direct",346,3998,2681,
- -,MUC,PMO,Lufthansa (LH),Lufthansa,705,01:54,,,,,E95 319,,,"Codeshare",346,1512,3320,
- -,MUC,POZ,Lufthansa (LH),Lufthansa,357,01:12,,,,,CR7 CR9,,,"Direct",346,674,3320,
- -,MUC,POZ,LOT Polish Airlines (LO),LOT Polish Airlines,357,01:12,,,,,CR9 CR7,,,"Codeshare",346,674,3210,
- -,MUC,PRG,Lufthansa (LH),Lufthansa,164,00:49,,,,,E95 CR9,,,"Direct",346,1587,3320,
- -,MUC,PRN,Adria Airways (JP),Adria Airways,599,01:41,,,,,319,,,"Direct",346,1742,83,
- -,MUC,PRN,Lufthansa (LH),Lufthansa,599,01:41,,,,,319,,,"Codeshare",346,1742,3320,
- -,MUC,PSA,Lufthansa (LH),Lufthansa,329,01:09,,,,,CR9 E95,,,"Direct",346,1562,3320,
- -,MUC,PUJ,Air Berlin (AB),Air Berlin,4818,10:08,,,,,332,,,"Direct",346,1760,214,
- -,MUC,PUJ,Condor Flugdienst (DE),Condor Flugdienst,4818,10:08,,,,,767,,,"Direct",346,1760,1868,
- -,MUC,PVG,Air China (CA),Air China,5451,11:24,,,,,346,,,"Codeshare",346,3406,751,
- -,MUC,PVG,Lufthansa (LH),Lufthansa,5451,11:24,,,,,346,,,"Direct",346,3406,3320,
- -,MUC,PVK,Air Berlin (AB),Air Berlin,789,02:04,,,,,320,,,"Direct",346,1470,214,
- -,MUC,RAK,Royal Air Maroc (AT),Royal Air Maroc,1551,03:36,,,,,738,,,"Direct",346,1075,4248,
- -,MUC,RHO,Air Berlin (AB),Air Berlin,1166,02:49,,,,,738,,,"Direct",346,1472,214,
- -,MUC,RHO,Condor Flugdienst (DE),Condor Flugdienst,1166,02:49,,,,,32S,,,"Direct",346,1472,1868,
- -,MUC,RHO,TUIfly (X3),TUIfly,1166,02:49,,,,,73H,,,"Direct",346,1472,2681,
- -,MUC,RIX,Air Berlin (AB),Air Berlin,779,02:03,,,,,73C DH4 735,,,"Codeshare",346,3953,214,
- -,MUC,RIX,Air Baltic (BT),Air Baltic,779,02:03,,,,,73C DH4 735 733,,,"Direct",346,3953,333,
- -,MUC,RLG,Lufthansa (LH),Lufthansa,384,01:16,,,,,CR9 E95,,,"Codeshare",346,772,3320,
- -,MUC,RTM,Lufthansa (LH),Lufthansa,409,01:19,,,,,CR7 CR9,,,"Codeshare",346,591,3320,
- -,MUC,RUH,Lufthansa (LH),Lufthansa,2483,05:27,,,,,333,,,"Direct",346,2082,3320,
- -,MUC,SAW,Air Berlin (AB),Air Berlin,999,02:29,,,,,738 320,,,"Direct",346,4317,214,
- -,MUC,SAW,Pegasus Airlines (PC),Pegasus Airlines,999,02:29,,,,,738 320,,,"Direct",346,4317,3926,
- -,MUC,SAW,Turkish Airlines (TK),Turkish Airlines,999,02:29,,,,,738,,,"Direct",346,4317,4951,
- -,MUC,SBZ,Lufthansa (LH),Lufthansa,604,01:42,,,,,CR9,,,"Codeshare",346,1658,3320,
- -,MUC,SBZ,Tarom (RO),Tarom,604,01:42,,,,,73W,,,"Direct",346,1658,5179,
- -,MUC,SFO,Lufthansa (LH),Lufthansa,5860,12:13,,,,,346,,,"Direct",346,3469,3320,
- -,MUC,SFO,United Airlines (UA),United Airlines,5860,12:13,,,,,346,,,"Codeshare",346,3469,5209,
- -,MUC,SIN,Singapore Airlines (SQ),Singapore Airlines,6246,12:59,,,,,77W,,,"Direct",346,3316,4435,
- -,MUC,SIN,US Airways (US),US Airways,6246,12:59,,,,,77W,,,"Direct",346,3316,5265,
- -,MUC,SIN,Virgin Australia (VA),Virgin Australia,6246,12:59,,,,,77W,,,"Codeshare",346,3316,5360,
- -,MUC,SIN,Virgin Atlantic Airways (VS),Virgin Atlantic Airways,6246,12:59,,,,,77W,,,"Codeshare",346,3316,5347,
- -,MUC,SJJ,Lufthansa (LH),Lufthansa,442,01:23,,,,,319 E95,,,"Direct",346,1646,3320,
- -,MUC,SKG,Aegean Airlines (A3),Aegean Airlines,771,02:02,,,,,320,,,"Direct",346,1486,96,
- -,MUC,SKG,Air Berlin (AB),Air Berlin,771,02:02,,,,,738,,,"Direct",346,1486,214,
- -,MUC,SKG,Lufthansa (LH),Lufthansa,771,02:02,,,,,320,,,"Codeshare",346,1486,3320,
- -,MUC,SKG,US Airways (US),US Airways,771,02:02,,,,,320,,,"Codeshare",346,1486,5265,
- -,MUC,SMI,Air Berlin (AB),Air Berlin,1057,02:36,,,,,320,,,"Direct",346,1476,214,
- -,MUC,SOF,Air Canada (AC),Air Canada,683,01:51,,,,,E95,,,"Codeshare",346,1194,330,
- -,MUC,SOF,Lufthansa (LH),Lufthansa,683,01:51,,,,,321 320,,,"Direct",346,1194,3320,
- -,MUC,SPC,Condor Flugdienst (DE),Condor Flugdienst,2075,04:39,,,,,32S,,,"Direct",346,1053,1868,
- -,MUC,SPU,Lufthansa (LH),Lufthansa,396,01:17,,,,,DH4 CR9,,,"Codeshare",346,1206,3320,
- -,MUC,SPU,Croatia Airlines (OU),Croatia Airlines,396,01:17,,,,,DH4,,,"Direct",346,1206,1925,
- -,MUC,STN,easyJet (U2),easyJet,565,01:37,,,,,319,,,"Direct",346,548,2297,
- -,MUC,STR,Lufthansa (LH),Lufthansa,119,00:44,,,,,CR9 CR7 E95,,,"Codeshare",346,350,3320,
- -,MUC,SUF,Lufthansa (LH),Lufthansa,689,01:52,,,,,319,,,"Codeshare",346,1508,3320,
- -,MUC,SVO,Aeroflot Russian Airlines (SU),Aeroflot Russian Airlines,1196,02:53,,,,,320,,,"Direct",346,2985,130,
- -,MUC,SVX,Ural Airlines (U6),Ural Airlines,2088,04:40,,,,,320,,,"Direct",346,2975,5234,
- -,MUC,TBS,Lufthansa (LH),Lufthansa,1669,03:50,,,,,319,,,"Direct",346,3973,3320,
- -,MUC,TFS,Air Berlin (AB),Air Berlin,2060,04:37,,,,,738,,,"Direct",346,1056,214,
- -,MUC,TFS,Condor Flugdienst (DE),Condor Flugdienst,2060,04:37,,,,,32S 757,,,"Direct",346,1056,1868,
- -,MUC,TFS,Norwegian Air Shuttle (DY),Norwegian Air Shuttle,2060,04:37,,,,,73H,,,"Direct",346,1056,3737,
- -,MUC,TFS,TUIfly (X3),TUIfly,2060,04:37,,,,,73H,,,"Direct",346,1056,2681,
- -,MUC,TIA,Lufthansa (LH),Lufthansa,616,01:43,,,,,E95,,,"Codeshare",346,1190,3320,
- -,MUC,TLS,Lufthansa (LH),Lufthansa,596,01:41,,,,,E95 319 CR9,,,"Codeshare",346,1273,3320,
- -,MUC,TLV,Air Berlin (AB),Air Berlin,1648,03:47,,,,,320,,,"Direct",346,1590,214,
- -,MUC,TLV,Lufthansa (LH),Lufthansa,1648,03:47,,,,,321,,,"Direct",346,1590,3320,
- -,MUC,TLV,El Al Israel Airlines (LY),El Al Israel Airlines,1648,03:47,,,,,738 73G 763,,,"Direct",346,1590,2150,
- -,MUC,TRN,Lufthansa (LH),Lufthansa,292,01:05,,,,,E95,,,"Codeshare",346,1526,3320,
- -,MUC,TRS,Lufthansa (LH),Lufthansa,191,00:52,,,,,CR9 CR7,,,"Codeshare",346,1545,3320,
- -,MUC,TSR,Lufthansa (LH),Lufthansa,481,01:27,,,,,CR9 E95,,,"Codeshare",346,1663,3320,
- -,MUC,TUN,Tunisair (TU),Tunisair,798,02:05,,,,,736,,,"Direct",346,287,4870,
- -,MUC,TXL,Air Berlin (AB),Air Berlin,297,01:05,,,,,738 321 320 319 73G,,,"Direct",346,351,214,
- -,MUC,TXL,Hainan Airlines (HU),Hainan Airlines,297,01:05,,,,,738 321 320 73G,,,"Direct",346,351,2660,
- -,MUC,TXL,Lufthansa (LH),Lufthansa,297,01:05,,,,,320 321 319,,,"Direct",346,351,3320,
- -,MUC,VCE,Air Dolomiti (EN),Air Dolomiti,198,00:53,,,,,E95,,,"Direct",346,1551,807,
- -,MUC,VCE,Lufthansa (LH),Lufthansa,198,00:53,,,,,E95,,,"Codeshare",346,1551,3320,
- -,MUC,VIE,Air Berlin (AB),Air Berlin,220,00:56,,,,,E90,,,"Codeshare",346,1613,214,
- -,MUC,VIE,Niki (HG),Niki,220,00:56,,,,,E90,,,"Direct",346,1613,3661,
- -,MUC,VIE,Lufthansa (LH),Lufthansa,220,00:56,,,,,E95 319 CR9,,,"Direct",346,1613,3320,
- -,MUC,VIE,Austrian Airlines (OS),Austrian Airlines,220,00:56,,,,,E95 320 319 100 CR9 F70,,,"Codeshare",346,1613,491,
- -,MUC,VIE,Royal Jordanian (RJ),Royal Jordanian,220,00:56,,,,,E90,,,"Codeshare",346,1613,4259,
- -,MUC,VLC,Lufthansa (LH),Lufthansa,862,02:13,,,,,319,,,"Direct",346,1246,3320,
- -,MUC,VNO,Air Lituanica (LT),Air Lituanica,722,01:56,,,,,E75 CR2,,,"Direct",346,3959,19610,
- -,MUC,VOZ,Polet Airlines (Priv) (YQ),Polet Airlines (Priv),1231,02:57,,,,,S20,,,"Direct",346,2987,16882,
- -,MUC,VRN,Air Dolomiti (EN),Air Dolomiti,208,00:54,,,,,E95,,,"Direct",346,1550,807,
- -,MUC,VRN,Lufthansa (LH),Lufthansa,208,00:54,,,,,E95,,,"Codeshare",346,1550,3320,
- -,MUC,WAW,Lufthansa (LH),Lufthansa,482,01:27,,,,,E95,,,"Direct",346,679,3320,
- -,MUC,WAW,LOT Polish Airlines (LO),LOT Polish Airlines,482,01:27,,,,,E75,,,"Direct",346,679,3210,
- -,MUC,WRO,Lufthansa (LH),Lufthansa,296,01:05,,,,,CR9 E95 CR7,,,"Codeshare",346,680,3320,
- -,MUC,WRO,LOT Polish Airlines (LO),LOT Polish Airlines,296,01:05,,,,,CR9 E95 CR7,,,"Codeshare",346,680,3210,
- -,MUC,XRY,Condor Flugdienst (DE),Condor Flugdienst,1205,02:54,,,,,32S,,,"Direct",346,1226,1868,
- -,MUC,XRY,TUIfly (X3),TUIfly,1205,02:54,,,,,73H,,,"Direct",346,1226,2681,
- -,MUC,YUL,Air Canada (AC),Air Canada,3819,08:08,,,,,333,,,"Codeshare",346,146,330,
- -,MUC,YUL,Lufthansa (LH),Lufthansa,3819,08:08,,,,,333,,,"Direct",346,146,3320,
- -,MUC,YVR,Air Canada (AC),Air Canada,5179,10:51,,,,,333,,,"Codeshare",346,156,330,
- -,MUC,YVR,Lufthansa (LH),Lufthansa,5179,10:51,,,,,333,,,"Direct",346,156,3320,
- -,MUC,YYZ,Air Canada (AC),Air Canada,4124,08:44,,,,,77W,,,"Direct",346,193,330,
- -,MUC,YYZ,Lufthansa (LH),Lufthansa,4124,08:44,,,,,77W,,,"Codeshare",346,193,3320,
- -,MUC,ZAD,Lufthansa (LH),Lufthansa,338,01:10,,,,,DH4,,,"Codeshare",346,1209,3320,
- -,MUC,ZAD,Croatia Airlines (OU),Croatia Airlines,338,01:10,,,,,DH4,,,"Direct",346,1209,1925,
- -,MUC,ZAG,Lufthansa (LH),Lufthansa,270,01:02,,,,,E95 CR9,,,"Direct",346,1208,3320,
- -,MUC,ZAG,Croatia Airlines (OU),Croatia Airlines,270,01:02,,,,,DH4,,,"Direct",346,1208,1925,
- -,MUC,ZRH,Lufthansa (LH),Lufthansa,161,00:49,,,,,E95 319 CR9,,,"Direct",346,1678,3320,
- -,MUC,ZRH,Swiss International Air Lines (LX),Swiss International Air Lines,161,00:49,,,,,AR1,,,"Direct",346,1678,4559,
- -,MUC,ZTH,Air Berlin (AB),Air Berlin,862,02:13,,,,,738,,,"Direct",346,1488,214,