﻿Date,From,To,Flight_Number,Airline,Distance,Duration,Seat,Seat_Type,Class,Reason,Plane,Registration,Trip,Note,From_OID,To_OID,Airline_OID,Plane_OID
- -,SZG,ACE,Air Berlin (AB),Air Berlin,1923,04:20,,,,,320,,,"Direct",1612,1055,214,
- -,SZG,ACE,Niki (HG),Niki,1923,04:20,,,,,320,,,"Direct",1612,1055,3661,
- -,SZG,AYT,Niki (HG),Niki,1174,02:50,,,,,321,,,"Direct",1612,1688,3661,
- -,SZG,AYT,SunExpress (XQ),SunExpress,1174,02:50,,,,,738,,,"Direct",1612,1688,4573,
- -,SZG,CGN,Germanwings (4U),Germanwings,338,01:10,,,,,319,,,"Direct",1612,344,2548,
- -,SZG,CGN,Austrian Airlines (OS),Austrian Airlines,338,01:10,,,,,319,,,"Codeshare",1612,344,491,
- -,SZG,CLY,Air Berlin (AB),Air Berlin,417,01:20,,,,,320,,,"Direct",1612,1322,214,
- -,SZG,CLY,Niki (HG),Niki,417,01:20,,,,,320,,,"Direct",1612,1322,3661,
- -,SZG,DUS,Air Berlin (AB),Air Berlin,369,01:14,,,,,DH4,,,"Direct",1612,345,214,
- -,SZG,DUS,Finnair (AY),Finnair,369,01:14,,,,,DH4,,,"Codeshare",1612,345,2350,
- -,SZG,FRA,Lufthansa (LH),Lufthansa,253,01:00,,,,,100,,,"Codeshare",1612,340,3320,
- -,SZG,FRA,Austrian Airlines (OS),Austrian Airlines,253,01:00,,,,,100,,,"Codeshare",1612,340,491,
- -,SZG,HAM,Air Berlin (AB),Air Berlin,424,01:20,,,,,320 319,,,"Direct",1612,342,214,
- -,SZG,HAM,Finnair (AY),Finnair,424,01:20,,,,,320 319,,,"Codeshare",1612,342,2350,
- -,SZG,HER,Air Berlin (AB),Air Berlin,1062,02:37,,,,,321,,,"Direct",1612,1452,214,
- -,SZG,HER,Niki (HG),Niki,1062,02:37,,,,,321,,,"Direct",1612,1452,3661,
- -,SZG,HRG,Niki (HG),Niki,1811,04:07,,,,,320 321,,,"Direct",1612,1130,3661,
- -,SZG,ISL,Turkish Airlines (TK),Turkish Airlines,908,02:18,,,,,320,,,"Direct",1612,1701,4951,
- -,SZG,LGW,Air Berlin (AB),Air Berlin,634,01:46,,,,,734,,,"Codeshare",1612,502,214,
- -,SZG,LGW,British Airways (BA),British Airways,634,01:46,,,,,734,,,"Direct",1612,502,1355,
- -,SZG,LPA,Air Berlin (AB),Air Berlin,2046,04:35,,,,,320,,,"Direct",1612,1054,214,
- -,SZG,LPA,Niki (HG),Niki,2046,04:35,,,,,320,,,"Direct",1612,1054,3661,
- -,SZG,PMI,Air Berlin (AB),Air Berlin,764,02:01,,,,,320,,,"Codeshare",1612,3998,214,
- -,SZG,PMI,Niki (HG),Niki,764,02:01,,,,,320,,,"Direct",1612,3998,3661,
- -,SZG,STN,Ryanair (FR),Ryanair,633,01:45,,,,,738,,,"Direct",1612,548,4296,
- -,SZG,SXF,easyJet (U2),easyJet,317,01:08,,,,,319,,,"Direct",1612,337,2297,
- -,SZG,TFS,Air Berlin (AB),Air Berlin,2088,04:40,,,,,320,,,"Direct",1612,1056,214,
- -,SZG,TFS,Niki (HG),Niki,2088,04:40,,,,,320,,,"Direct",1612,1056,3661,
- -,SZG,TXL,Air Berlin (AB),Air Berlin,329,01:09,,,,,319,,,"Direct",1612,351,214,
- -,SZG,TXL,Finnair (AY),Finnair,329,01:09,,,,,319,,,"Codeshare",1612,351,2350,
- -,SZG,VIE,Air Berlin (AB),Air Berlin,166,00:49,,,,,320,,,"Direct",1612,1613,214,
- -,SZG,VIE,Niki (HG),Niki,166,00:49,,,,,320,,,"Direct",1612,1613,3661,
- -,SZG,VIE,Austrian Airlines (OS),Austrian Airlines,166,00:49,,,,,DH4 100,,,"Codeshare",1612,1613,491,