﻿Date,From,To,Flight_Number,Airline,Distance,Duration,Seat,Seat_Type,Class,Reason,Plane,Registration,Trip,Note,From_OID,To_OID,Airline_OID,Plane_OID
- -,STR,ACE,Condor Flugdienst (DE),Condor Flugdienst,1820,04:08,,,,,32S,,,"Direct",350,1055,1868,
- -,STR,ACE,TUIfly (X3),TUIfly,1820,04:08,,,,,73H,,,"Direct",350,1055,2681,
- -,STR,ADB,Pegasus Airlines (PC),Pegasus Airlines,1145,02:47,,,,,738,,,"Direct",350,1706,3926,
- -,STR,ADB,SunExpress (XQ),SunExpress,1145,02:47,,,,,738,,,"Direct",350,1706,4573,
- -,STR,AGP,Germanwings (4U),Germanwings,1079,02:39,,,,,320 319,,,"Direct",350,1230,2548,
- -,STR,AGP,Air Berlin (AB),Air Berlin,1079,02:39,,,,,320 738,,,"Direct",350,1230,214,
- -,STR,ALC,Air Berlin (AB),Air Berlin,868,02:14,,,,,320 738,,,"Direct",350,1212,214,
- -,STR,AMS,KLM Royal Dutch Airlines (KL),KLM Royal Dutch Airlines,317,01:08,,,,,EMJ F70,,,"Codeshare",350,580,3090,
- -,STR,ATH,Germanwings (4U),Germanwings,1044,02:35,,,,,319,,,"Direct",350,3941,2548,
- -,STR,ATL,Air France (AF),Air France,4667,09:50,,,,,76W,,,"Codeshare",350,3682,137,
- -,STR,ATL,Delta Air Lines (DL),Delta Air Lines,4667,09:50,,,,,76W,,,"Direct",350,3682,2009,
- -,STR,ATL,KLM Royal Dutch Airlines (KL),KLM Royal Dutch Airlines,4667,09:50,,,,,76W,,,"Codeshare",350,3682,3090,
- -,STR,AYT,Air Berlin (AB),Air Berlin,1355,03:12,,,,,738 320,,,"Direct",350,1688,214,
- -,STR,AYT,Condor Flugdienst (DE),Condor Flugdienst,1355,03:12,,,,,757,,,"Direct",350,1688,1868,
- -,STR,AYT,TUIfly (X3),TUIfly,1355,03:12,,,,,73H,,,"Direct",350,1688,2681,
- -,STR,AYT,SunExpress (XQ),SunExpress,1355,03:12,,,,,738,,,"Direct",350,1688,4573,
- -,STR,BCN,Germanwings (4U),Germanwings,617,01:44,,,,,319 320,,,"Direct",350,1218,2548,
- -,STR,BCN,Iberia Airlines (IB),Iberia Airlines,617,01:44,,,,,320,,,"Codeshare",350,1218,2822,
- -,STR,BCN,Formosa Airlines (VY),Formosa Airlines,617,01:44,,,,,320,,,"Direct",350,1218,2439,
- -,STR,BDS,Germanwings (4U),Germanwings,699,01:53,,,,,319,,,"Direct",350,1506,2548,
- -,STR,BEG,Germanwings (4U),Germanwings,587,01:40,,,,,319,,,"Direct",350,1739,2548,
- -,STR,BEG,Air Berlin (AB),Air Berlin,587,01:40,,,,,733 319,,,"Direct",350,1739,214,
- -,STR,BEG,Air Serbia (JU),Air Serbia,587,01:40,,,,,319,,,"Direct",350,1739,19582,
- -,STR,BHX,Flybe (BE),Flybe,546,01:35,,,,,E75 DH4,,,"Direct",350,469,2421,
- -,STR,BIA,Germanwings (4U),Germanwings,423,01:20,,,,,319,,,"Direct",350,1321,2548,
- -,STR,BIO,Germanwings (4U),Germanwings,689,01:52,,,,,CRJ 319,,,"Direct",350,1216,2548,
- -,STR,BRE,Germanwings (4U),Germanwings,301,01:06,,,,,319 CRJ,,,"Direct",350,353,2548,
- -,STR,BRI,Germanwings (4U),Germanwings,637,01:46,,,,,319,,,"Direct",350,1501,2548,
- -,STR,BRU,Germanwings (4U),Germanwings,260,01:01,,,,,319 CRJ,,,"Direct",350,302,2548,
- -,STR,BUD,Germanwings (4U),Germanwings,471,01:26,,,,,319 CRJ,,,"Direct",350,1489,2548,
- -,STR,BVC,TUIfly (X3),TUIfly,2884,06:16,,,,,73H,,,"Direct",350,1103,2681,
- -,STR,CAG,Germanwings (4U),Germanwings,651,01:48,,,,,319,,,"Direct",350,1519,2548,
- -,STR,CDG,Air France (AF),Air France,303,01:06,,,,,AR8,,,"Direct",350,1382,137,
- -,STR,CDG,Alitalia (AZ),Alitalia,303,01:06,,,,,AR8,,,"Codeshare",350,1382,596,
- -,STR,CFU,Germanwings (4U),Germanwings,819,02:08,,,,,319,,,"Direct",350,1460,2548,
- -,STR,CFU,TUIfly (X3),TUIfly,819,02:08,,,,,73H,,,"Direct",350,1460,2681,
- -,STR,CPH,Scandinavian Airlines System (SK),Scandinavian Airlines System,499,01:29,,,,,CR9 CR2,,,"Direct",350,609,4319,
- -,STR,CTA,Germanwings (4U),Germanwings,828,02:09,,,,,319,,,"Direct",350,1509,2548,
- -,STR,CTA,Air Berlin (AB),Air Berlin,828,02:09,,,,,738 320,,,"Direct",350,1509,214,
- -,STR,CTA,Air One (AP),Air One,828,02:09,,,,,320,,,"Direct",350,1509,240,
- -,STR,CTA,Alitalia (AZ),Alitalia,828,02:09,,,,,320,,,"Direct",350,1509,596,
- -,STR,CTA,Meridiana (IG),Meridiana,828,02:09,,,,,320,,,"Codeshare",350,1509,3463,
- -,STR,DBV,Germanwings (4U),Germanwings,607,01:42,,,,,319,,,"Direct",350,1200,2548,
- -,STR,DLM,Condor Flugdienst (DE),Condor Flugdienst,1285,03:04,,,,,32S,,,"Direct",350,1715,1868,
- -,STR,DLM,TUIfly (X3),TUIfly,1285,03:04,,,,,73H,,,"Direct",350,1715,2681,
- -,STR,DRS,Germanwings (4U),Germanwings,263,01:01,,,,,319 CRJ,,,"Direct",350,338,2548,
- -,STR,DUB,Aer Lingus (EI),Aer Lingus,745,01:59,,,,,320,,,"Direct",350,599,837,
- -,STR,DUS,Air Berlin (AB),Air Berlin,209,00:55,,,,,DH4,,,"Direct",350,345,214,
- -,STR,ESB,Pegasus Airlines (PC),Pegasus Airlines,1305,03:06,,,,,738,,,"Direct",350,1682,3926,
- -,STR,EWR,Lufthansa (LH),Lufthansa,3923,08:20,,,,,752,,,"Codeshare",350,3494,3320,
- -,STR,EWR,United Airlines (UA),United Airlines,3923,08:20,,,,,752,,,"Direct",350,3494,5209,
- -,STR,FAO,Germanwings (4U),Germanwings,1181,02:51,,,,,319 320,,,"Direct",350,1626,2548,
- -,STR,FAO,TUIfly (X3),TUIfly,1181,02:51,,,,,73H,,,"Direct",350,1626,2681,
- -,STR,FCO,Germanwings (4U),Germanwings,497,01:29,,,,,319,,,"Direct",350,1555,2548,
- -,STR,FLR,Air Berlin (AB),Air Berlin,349,01:11,,,,,DH4,,,"Direct",350,1563,214,
- -,STR,FLR,Meridiana (IG),Meridiana,349,01:11,,,,,320,,,"Codeshare",350,1563,3463,
- -,STR,FMO,Maastricht Airlines (W2),Maastricht Airlines,247,00:59,,,,,J32,,,"Direct",350,341,18553,
- -,STR,FNC,Condor Flugdienst (DE),Condor Flugdienst,1737,03:58,,,,,32S,,,"Direct",350,4091,1868,
- -,STR,FNC,TUIfly (X3),TUIfly,1737,03:58,,,,,73H,,,"Direct",350,4091,2681,
- -,STR,FRA,Lufthansa (LH),Lufthansa,97,00:41,,,,,733 319 735 320 32A,,,"Direct",350,340,3320,
- -,STR,FUE,Condor Flugdienst (DE),Condor Flugdienst,1857,04:12,,,,,32S,,,"Direct",350,1051,1868,
- -,STR,FUE,TUIfly (X3),TUIfly,1857,04:12,,,,,73H,,,"Direct",350,1051,2681,
- -,STR,GRZ,Lufthansa (LH),Lufthansa,311,01:07,,,,,DH4,,,"Codeshare",350,1609,3320,
- -,STR,GRZ,Austrian Airlines (OS),Austrian Airlines,311,01:07,,,,,DH4,,,"Codeshare",350,1609,491,
- -,STR,GVA,Flybaboo (F7),Flybaboo,223,00:56,,,,,S20,,,"Direct",350,1665,2420,
- -,STR,GWT,Air Berlin (AB),Air Berlin,431,01:21,,,,,DH4 73G,,,"Direct",350,410,214,
- -,STR,HAJ,Germanwings (4U),Germanwings,261,01:01,,,,,319,,,"Direct",350,352,2548,
- -,STR,HAJ,Air Berlin (AB),Air Berlin,261,01:01,,,,,DH4,,,"Direct",350,352,214,
- -,STR,HAM,Germanwings (4U),Germanwings,342,01:11,,,,,319 CRJ,,,"Direct",350,342,2548,
- -,STR,HAM,Air Berlin (AB),Air Berlin,342,01:11,,,,,320 738,,,"Direct",350,342,214,
- -,STR,HDF,Germanwings (4U),Germanwings,416,01:19,,,,,CRJ,,,"Direct",350,5557,2548,
- -,STR,HER,Germanwings (4U),Germanwings,1227,02:57,,,,,319,,,"Direct",350,1452,2548,
- -,STR,HER,Condor Flugdienst (DE),Condor Flugdienst,1227,02:57,,,,,32S,,,"Direct",350,1452,1868,
- -,STR,HER,TUIfly (X3),TUIfly,1227,02:57,,,,,73H,,,"Direct",350,1452,2681,
- -,STR,IBZ,Germanwings (4U),Germanwings,781,02:03,,,,,319,,,"Direct",350,1225,2548,
- -,STR,IBZ,Air Berlin (AB),Air Berlin,781,02:03,,,,,738 320,,,"Direct",350,1225,214,
- -,STR,ISL,Turkish Airlines (TK),Turkish Airlines,1092,02:41,,,,,320 321,,,"Direct",350,1701,4951,
- -,STR,JER,Air Berlin (AB),Air Berlin,518,01:32,,,,,DH4,,,"Direct",350,499,214,
- -,STR,KGS,Condor Flugdienst (DE),Condor Flugdienst,1217,02:56,,,,,32S,,,"Direct",350,1458,1868,
- -,STR,KGS,TUIfly (X3),TUIfly,1217,02:56,,,,,73H,,,"Direct",350,1458,2681,
- -,STR,KRK,Germanwings (4U),Germanwings,483,01:27,,,,,CRJ,,,"Direct",350,669,2548,
- -,STR,KVA,Germanwings (4U),Germanwings,923,02:20,,,,,319,,,"Direct",350,1462,2548,
- -,STR,LEJ,Germanwings (4U),Germanwings,231,00:57,,,,,319 CRJ,,,"Direct",350,348,2548,
- -,STR,LHR,Germanwings (4U),Germanwings,469,01:26,,,,,319 320,,,"Direct",350,507,2548,
- -,STR,LHR,American Airlines (AA),American Airlines,469,01:26,,,,,319 320,,,"Codeshare",350,507,24,
- -,STR,LHR,Air Berlin (AB),Air Berlin,469,01:26,,,,,319 321 320,,,"Codeshare",350,507,214,
- -,STR,LHR,British Airways (BA),British Airways,469,01:26,,,,,319 321 320,,,"Direct",350,507,1355,
- -,STR,LIS,Germanwings (4U),Germanwings,1138,02:46,,,,,319,,,"Direct",350,1638,2548,
- -,STR,LPA,Condor Flugdienst (DE),Condor Flugdienst,1940,04:22,,,,,32S,,,"Direct",350,1054,1868,
- -,STR,LPA,TUIfly (X3),TUIfly,1940,04:22,,,,,73H,,,"Direct",350,1054,2681,
- -,STR,MAH,TUIfly (X3),TUIfly,657,01:48,,,,,73H,,,"Direct",350,1231,2681,
- -,STR,MUC,Lufthansa (LH),Lufthansa,119,00:44,,,,,CR9 CR7 E95,,,"Codeshare",350,346,3320,
- -,STR,MUC,TUIfly (X3),TUIfly,119,00:44,,,,,73H,,,"Direct",350,346,2681,
- -,STR,MXP,Germanwings (4U),Germanwings,212,00:55,,,,,CRJ 319,,,"Direct",350,1524,2548,
- -,STR,NAP,Germanwings (4U),Germanwings,593,01:41,,,,,319,,,"Direct",350,1561,2548,
- -,STR,NAP,Air Berlin (AB),Air Berlin,593,01:41,,,,,320 738,,,"Direct",350,1561,214,
- -,STR,NAP,Meridiana (IG),Meridiana,593,01:41,,,,,320,,,"Codeshare",350,1561,3463,
- -,STR,OLB,Germanwings (4U),Germanwings,538,01:34,,,,,319,,,"Direct",350,1520,2548,
- -,STR,OLB,Air Berlin (AB),Air Berlin,538,01:34,,,,,320 738 73G,,,"Direct",350,1520,214,
- -,STR,OLB,Meridiana (IG),Meridiana,538,01:34,,,,,320,,,"Codeshare",350,1520,3463,
- -,STR,PMI,Germanwings (4U),Germanwings,707,01:54,,,,,319 320,,,"Direct",350,3998,2548,
- -,STR,PMI,Air Berlin (AB),Air Berlin,707,01:54,,,,,321 332 738 320,,,"Direct",350,3998,214,
- -,STR,PMI,Condor Flugdienst (DE),Condor Flugdienst,707,01:54,,,,,32S,,,"Direct",350,3998,1868,
- -,STR,PMI,TUIfly (X3),TUIfly,707,01:54,,,,,73H,,,"Direct",350,3998,2681,
- -,STR,PRN,Germanwings (4U),Germanwings,708,01:54,,,,,319,,,"Direct",350,1742,2548,
- -,STR,RHO,Condor Flugdienst (DE),Condor Flugdienst,1274,03:02,,,,,32S,,,"Direct",350,1472,1868,
- -,STR,RHO,TUIfly (X3),TUIfly,1274,03:02,,,,,73H,,,"Direct",350,1472,2681,
- -,STR,RJK,Germanwings (4U),Germanwings,347,01:11,,,,,319,,,"Direct",350,1205,2548,
- -,STR,RLG,Germanwings (4U),Germanwings,384,01:16,,,,,319,,,"Direct",350,772,2548,
- -,STR,SAW,Germanwings (4U),Germanwings,1116,02:43,,,,,319,,,"Direct",350,4317,2548,
- -,STR,SAW,Air Berlin (AB),Air Berlin,1116,02:43,,,,,320,,,"Direct",350,4317,214,
- -,STR,SAW,Pegasus Airlines (PC),Pegasus Airlines,1116,02:43,,,,,738 320,,,"Direct",350,4317,3926,
- -,STR,SJJ,Germanwings (4U),Germanwings,548,01:35,,,,,319,,,"Direct",350,1646,2548,
- -,STR,SKG,Germanwings (4U),Germanwings,878,02:15,,,,,319 320,,,"Direct",350,1486,2548,
- -,STR,SKG,Aegean Airlines (A3),Aegean Airlines,878,02:15,,,,,320,,,"Direct",350,1486,96,
- -,STR,SKG,Air Berlin (AB),Air Berlin,878,02:15,,,,,738,,,"Direct",350,1486,214,
- -,STR,SKG,Lufthansa (LH),Lufthansa,878,02:15,,,,,320,,,"Codeshare",350,1486,3320,
- -,STR,SPU,Germanwings (4U),Germanwings,490,01:28,,,,,319 320,,,"Direct",350,1206,2548,
- -,STR,STN,Germanwings (4U),Germanwings,453,01:24,,,,,319,,,"Direct",350,548,2548,
- -,STR,SUF,Germanwings (4U),Germanwings,760,02:01,,,,,319,,,"Direct",350,1508,2548,
- -,STR,SVO,Aeroflot Russian Airlines (SU),Aeroflot Russian Airlines,1280,03:03,,,,,320,,,"Direct",350,2985,130,
- -,STR,TFS,Condor Flugdienst (DE),Condor Flugdienst,1977,04:27,,,,,32S,,,"Direct",350,1056,1868,
- -,STR,TFS,TUIfly (X3),TUIfly,1977,04:27,,,,,73H,,,"Direct",350,1056,2681,
- -,STR,TXL,Germanwings (4U),Germanwings,321,01:08,,,,,320 319 CRJ,,,"Direct",350,351,2548,
- -,STR,TXL,Air Berlin (AB),Air Berlin,321,01:08,,,,,738 320 73G 321 DH4 319,,,"Direct",350,351,214,
- -,STR,TXL,Hainan Airlines (HU),Hainan Airlines,321,01:08,,,,,738 320 73G DH4 319,,,"Direct",350,351,2660,
- -,STR,VCE,Air Berlin (AB),Air Berlin,264,01:01,,,,,320 73G,,,"Direct",350,1551,214,
- -,STR,VCE,Meridiana (IG),Meridiana,264,01:01,,,,,320,,,"Codeshare",350,1551,3463,
- -,STR,VIE,Germanwings (4U),Germanwings,339,01:10,,,,,319 320 CRJ,,,"Direct",350,1613,2548,
- -,STR,VIE,Lufthansa (LH),Lufthansa,339,01:10,,,,,319 100 F70 320 DH4,,,"Codeshare",350,1613,3320,
- -,STR,VIE,Austrian Airlines (OS),Austrian Airlines,339,01:10,,,,,319 100 F70 320 DH4 CRJ,,,"Codeshare",350,1613,491,
- -,STR,XRY,Condor Flugdienst (DE),Condor Flugdienst,1127,02:45,,,,,32S,,,"Direct",350,1226,1868,
- -,STR,XRY,TUIfly (X3),TUIfly,1127,02:45,,,,,73H,,,"Direct",350,1226,2681,
- -,STR,ZAD,Germanwings (4U),Germanwings,430,01:21,,,,,319,,,"Direct",350,1209,2548,
- -,STR,ZAG,Germanwings (4U),Germanwings,379,01:15,,,,,319,,,"Direct",350,1208,2548,
- -,STR,ZRH,Lufthansa (LH),Lufthansa,90,00:40,,,,,100 AR1 319,,,"Codeshare",350,1678,3320,
- -,STR,ZRH,Swiss International Air Lines (LX),Swiss International Air Lines,90,00:40,,,,,AR1,,,"Direct",350,1678,4559,