﻿Date,From,To,Flight_Number,Airline,Distance,Duration,Seat,Seat_Type,Class,Reason,Plane,Registration,Trip,Note,From_OID,To_OID,Airline_OID,Plane_OID
- -,TIA,ATH,Aegean Airlines (A3),Aegean Airlines,328,01:09,,,,,DH4,,,"Direct",1190,3941,96,
- -,TIA,ATH,Olympic Airlines (OA),Olympic Airlines,328,01:09,,,,,DH4,,,"Direct",1190,3941,3776,
- -,TIA,BGY,Blue Panorama Airlines (BV),Blue Panorama Airlines,580,01:39,,,,,737,,,"Direct",1190,1525,1463,
- -,TIA,BLQ,Air One (AP),Air One,477,01:27,,,,,320,,,"Direct",1190,1538,240,
- -,TIA,BLQ,Alitalia (AZ),Alitalia,477,01:27,,,,,320,,,"Codeshare",1190,1538,596,
- -,TIA,BLQ,Blue Panorama Airlines (BV),Blue Panorama Airlines,477,01:27,,,,,737,,,"Direct",1190,1538,1463,
- -,TIA,BLQ,Excel Airways (JN),Excel Airways,477,01:27,,,,,320,,,"Direct",1190,1538,2264,
- -,TIA,BRI,Alitalia (AZ),Alitalia,154,00:48,,,,,32S 319,,,"Direct",1190,1501,596,
- -,TIA,FCO,Alitalia (AZ),Alitalia,387,01:16,,,,,32S 319 E90 E75,,,"Direct",1190,1555,596,
- -,TIA,FCO,Blue Panorama Airlines (BV),Blue Panorama Airlines,387,01:16,,,,,737,,,"Direct",1190,1555,1463,
- -,TIA,FRA,Adria Airways (JP),Adria Airways,800,02:06,,,,,319,,,"Direct",1190,340,83,
- -,TIA,GOA,Air One (AP),Air One,587,01:40,,,,,320,,,"Direct",1190,1528,240,
- -,TIA,GOA,Alitalia (AZ),Alitalia,587,01:40,,,,,320,,,"Codeshare",1190,1528,596,
- -,TIA,ISL,Turkish Airlines (TK),Turkish Airlines,473,01:26,,,,,319,,,"Direct",1190,1701,4951,
- -,TIA,LGW,British Airways (BA),British Airways,1157,02:48,,,,,734,,,"Direct",1190,502,1355,
- -,TIA,LJU,Adria Airways (JP),Adria Airways,422,01:20,,,,,CR9 CR2,,,"Direct",1190,1569,83,
- -,TIA,MUC,Lufthansa (LH),Lufthansa,616,01:43,,,,,E95,,,"Codeshare",1190,346,3320,
- -,TIA,MXP,Air One (AP),Air One,621,01:44,,,,,320,,,"Direct",1190,1524,240,
- -,TIA,MXP,Alitalia (AZ),Alitalia,621,01:44,,,,,320,,,"Codeshare",1190,1524,596,
- -,TIA,MXP,Blue Panorama Airlines (BV),Blue Panorama Airlines,621,01:44,,,,,737,,,"Direct",1190,1524,1463,
- -,TIA,MXP,Meridiana (IG),Meridiana,621,01:44,,,,,320,,,"Direct",1190,1524,3463,
- -,TIA,MXP,Excel Airways (JN),Excel Airways,621,01:44,,,,,320,,,"Direct",1190,1524,2264,
- -,TIA,PSA,Air One (AP),Air One,499,01:29,,,,,320,,,"Direct",1190,1562,240,
- -,TIA,PSA,Alitalia (AZ),Alitalia,499,01:29,,,,,320,,,"Codeshare",1190,1562,596,
- -,TIA,PSA,Blue Panorama Airlines (BV),Blue Panorama Airlines,499,01:29,,,,,737,,,"Direct",1190,1562,1463,
- -,TIA,SAW,Pegasus Airlines (PC),Pegasus Airlines,499,01:29,,,,,320 738,,,"Direct",1190,4317,3926,
- -,TIA,TRN,Alitalia (AZ),Alitalia,659,01:49,,,,,319 320 32S,,,"Direct",1190,1526,596,
- -,TIA,VCE,Air One (AP),Air One,464,01:25,,,,,320,,,"Direct",1190,1551,240,
- -,TIA,VCE,Alitalia (AZ),Alitalia,464,01:25,,,,,320,,,"Codeshare",1190,1551,596,
- -,TIA,VCE,Blue Panorama Airlines (BV),Blue Panorama Airlines,464,01:25,,,,,737,,,"Direct",1190,1551,1463,
- -,TIA,VIE,Austrian Airlines (OS),Austrian Airlines,487,01:28,,,,,100 320,,,"Codeshare",1190,1613,491,
- -,TIA,VRN,Air One (AP),Air One,520,01:32,,,,,320,,,"Direct",1190,1550,240,
- -,TIA,VRN,Alitalia (AZ),Alitalia,520,01:32,,,,,320,,,"Codeshare",1190,1550,596,
- -,TIA,VRN,Blue Panorama Airlines (BV),Blue Panorama Airlines,520,01:32,,,,,737,,,"Direct",1190,1550,1463,
- -,TIA,VRN,Meridiana (IG),Meridiana,520,01:32,,,,,320,,,"Direct",1190,1550,3463,
- -,TIA,VRN,Excel Airways (JN),Excel Airways,520,01:32,,,,,320,,,"Direct",1190,1550,2264,