﻿Date,From,To,Flight_Number,Airline,Distance,Duration,Seat,Seat_Type,Class,Reason,Plane,Registration,Trip,Note,From_OID,To_OID,Airline_OID,Plane_OID
- -,ACE,AMS,Transavia Holland (HV),Transavia Holland,1866,04:13,,,,,73H,,,"Direct",1055,580,5039,
- -,ADB,AMS,Transavia Holland (HV),Transavia Holland,1445,03:23,,,,,73H 73W,,,"Direct",1706,580,5039,
- -,AGA,AMS,Transavia Holland (HV),Transavia Holland,1679,03:51,,,,,73H,,,"Direct",1064,580,5039,
- -,AGP,AMS,Transavia Holland (HV),Transavia Holland,1169,02:50,,,,,73H 73W,,,"Direct",1230,580,5039,
- -,AGP,EIN,Transavia Holland (HV),Transavia Holland,1129,02:45,,,,,73H 73W,,,"Direct",1230,585,5039,
- -,AGP,RTM,Transavia Holland (HV),Transavia Holland,1141,02:46,,,,,73H 73W,,,"Direct",1230,591,5039,
- -,AJA,OLB,Transavia Holland (HV),Transavia Holland,79,00:39,,,,,73H,,,"Direct",1324,1520,5039,
- -,ALC,AMS,Transavia Holland (HV),Transavia Holland,1001,02:30,,,,,73H 73W,,,"Direct",1212,580,5039,
- -,ALC,EIN,Transavia Holland (HV),Transavia Holland,953,02:24,,,,,73W 73H,,,"Direct",1212,585,5039,
- -,ALC,RTM,Transavia Holland (HV),Transavia Holland,974,02:26,,,,,73H 73W,,,"Direct",1212,591,5039,
- -,AMS,ACE,Transavia Holland (HV),Transavia Holland,1866,04:13,,,,,73H,,,"Direct",580,1055,5039,
- -,AMS,ADB,Transavia Holland (HV),Transavia Holland,1445,03:23,,,,,73W,,,"Direct",580,1706,5039,
- -,AMS,AGP,Transavia Holland (HV),Transavia Holland,1169,02:50,,,,,73H 73W,,,"Direct",580,1230,5039,
- -,AMS,AJA,Transavia Holland (HV),Transavia Holland,741,01:58,,,,,73H,,,"Direct",580,1324,5039,
- -,AMS,ALC,Transavia Holland (HV),Transavia Holland,1001,02:30,,,,,73H 73W,,,"Direct",580,1212,5039,
- -,AMS,ATH,Transavia Holland (HV),Transavia Holland,1354,03:12,,,,,73H 73W,,,"Direct",580,3941,5039,
- -,AMS,AYT,Transavia Holland (HV),Transavia Holland,1648,03:47,,,,,73H 73W,,,"Direct",580,1688,5039,
- -,AMS,BCN,Transavia Holland (HV),Transavia Holland,770,02:02,,,,,73H 73W,,,"Direct",580,1218,5039,
- -,AMS,BJV,Transavia Holland (HV),Transavia Holland,1517,03:32,,,,,73H,,,"Direct",580,4315,5039,
- -,AMS,BRI,Transavia Holland (HV),Transavia Holland,955,02:24,,,,,73H 73W,,,"Direct",580,1501,5039,
- -,AMS,CFU,Transavia Holland (HV),Transavia Holland,1134,02:46,,,,,73H,,,"Direct",580,1460,5039,
- -,AMS,CHQ,Transavia Holland (HV),Transavia Holland,1497,03:29,,,,,73H,,,"Direct",580,1474,5039,
- -,AMS,CMN,Transavia Holland (HV),Transavia Holland,1445,03:23,,,,,73W 73H,,,"Direct",580,1074,5039,
- -,AMS,CTA,Transavia Holland (HV),Transavia Holland,1139,02:46,,,,,73H 73W,,,"Direct",580,1509,5039,
- -,AMS,DLM,Transavia Holland (HV),Transavia Holland,1586,03:40,,,,,73H,,,"Direct",580,1715,5039,
- -,AMS,EBL,Transavia Holland (HV),Transavia Holland,2195,04:53,,,,,73H,,,"Direct",580,3989,5039,
- -,AMS,FAO,Transavia Holland (HV),Transavia Holland,1223,02:56,,,,,73H,,,"Direct",580,1626,5039,
- -,AMS,FNC,Transavia Holland (HV),Transavia Holland,1728,03:57,,,,,73H,,,"Direct",580,4091,5039,
- -,AMS,FUE,Transavia Holland (HV),Transavia Holland,1904,04:18,,,,,73H,,,"Direct",580,1051,5039,
- -,AMS,GRO,Transavia Holland (HV),Transavia Holland,724,01:56,,,,,73H,,,"Direct",580,1222,5039,
- -,AMS,HER,Transavia Holland (HV),Transavia Holland,1540,03:34,,,,,73H,,,"Direct",580,1452,5039,
- -,AMS,IBZ,Transavia Holland (HV),Transavia Holland,941,02:22,,,,,73H 73W,,,"Direct",580,1225,5039,
- -,AMS,INN,Transavia Holland (HV),Transavia Holland,455,01:24,,,,,73H,,,"Direct",580,1610,5039,
- -,AMS,JKH,Transavia Holland (HV),Transavia Holland,1406,03:18,,,,,73W,,,"Direct",580,1450,5039,
- -,AMS,JMK,Transavia Holland (HV),Transavia Holland,1428,03:21,,,,,73H,,,"Direct",580,1468,5039,
- -,AMS,JTR,Transavia Holland (HV),Transavia Holland,1490,03:28,,,,,73H,,,"Direct",580,1479,5039,
- -,AMS,KGS,Transavia Holland (HV),Transavia Holland,1522,03:32,,,,,73H,,,"Direct",580,1458,5039,
- -,AMS,KIT,Transavia Holland (HV),Transavia Holland,1419,03:20,,,,,73W,,,"Direct",580,1454,5039,
- -,AMS,LIS,Transavia Holland (HV),Transavia Holland,1146,02:47,,,,,73H 73W,,,"Direct",580,1638,5039,
- -,AMS,LPA,Transavia Holland (HV),Transavia Holland,1976,04:27,,,,,73H,,,"Direct",580,1054,5039,
- -,AMS,MLA,Transavia Holland (HV),Transavia Holland,1231,02:57,,,,,73H,,,"Direct",580,1606,5039,
- -,AMS,NAP,Transavia Holland (HV),Transavia Holland,907,02:18,,,,,73H 73W,,,"Direct",580,1561,5039,
- -,AMS,NCE,Transavia Holland (HV),Transavia Holland,607,01:42,,,,,73H 73W,,,"Direct",580,1354,5039,
- -,AMS,OPO,Transavia Holland (HV),Transavia Holland,990,02:28,,,,,73W 73H,,,"Direct",580,1636,5039,
- -,AMS,PFO,Transavia Holland (HV),Transavia Holland,1824,04:08,,,,,73H,,,"Direct",580,1198,5039,
- -,AMS,PMI,Transavia Holland (HV),Transavia Holland,886,02:16,,,,,73H 73W,,,"Direct",580,3998,5039,
- -,AMS,PMO,Transavia Holland (HV),Transavia Holland,1054,02:36,,,,,73H,,,"Direct",580,1512,5039,
- -,AMS,PSA,Transavia Holland (HV),Transavia Holland,649,01:47,,,,,73H,,,"Direct",580,1562,5039,
- -,AMS,PVK,Transavia Holland (HV),Transavia Holland,1199,02:53,,,,,73H,,,"Direct",580,1470,5039,
- -,AMS,RAK,Transavia Holland (HV),Transavia Holland,1567,03:38,,,,,73H,,,"Direct",580,1075,5039,
- -,AMS,RHO,Transavia Holland (HV),Transavia Holland,1577,03:39,,,,,73H,,,"Direct",580,1472,5039,
- -,AMS,SAW,Transavia Holland (HV),Transavia Holland,1395,03:17,,,,,73H 73W,,,"Direct",580,4317,5039,
- -,AMS,SKG,Transavia Holland (HV),Transavia Holland,1182,02:51,,,,,73H,,,"Direct",580,1486,5039,
- -,AMS,SMI,Transavia Holland (HV),Transavia Holland,1468,03:26,,,,,73H,,,"Direct",580,1476,5039,
- -,AMS,SPC,Transavia Holland (HV),Transavia Holland,2000,04:30,,,,,73H,,,"Direct",580,1053,5039,
- -,AMS,SUF,Transavia Holland (HV),Transavia Holland,1076,02:39,,,,,73H,,,"Direct",580,1508,5039,
- -,AMS,SVQ,Transavia Holland (HV),Transavia Holland,1150,02:48,,,,,73H,,,"Direct",580,1253,5039,
- -,AMS,TFS,Transavia Holland (HV),Transavia Holland,2002,04:30,,,,,73W 73H,,,"Direct",580,1056,5039,
- -,AMS,TLV,Transavia Holland (HV),Transavia Holland,2056,04:36,,,,,73H,,,"Direct",580,1590,5039,
- -,AMS,TRN,Transavia Holland (HV),Transavia Holland,507,01:30,,,,,73H 73W,,,"Direct",580,1526,5039,
- -,AMS,VCE,Transavia Holland (HV),Transavia Holland,581,01:39,,,,,73H 73W,,,"Direct",580,1551,5039,
- -,AMS,VLC,Transavia Holland (HV),Transavia Holland,919,02:20,,,,,73H 73W,,,"Direct",580,1246,5039,
- -,AMS,VRN,Transavia Holland (HV),Transavia Holland,552,01:36,,,,,73H,,,"Direct",580,1550,5039,
- -,AMS,ZTH,Transavia Holland (HV),Transavia Holland,1270,03:02,,,,,73H,,,"Direct",580,1488,5039,
- -,ATH,AMS,Transavia Holland (HV),Transavia Holland,1354,03:12,,,,,73H 73W,,,"Direct",3941,580,5039,
- -,ATH,EIN,Transavia Holland (HV),Transavia Holland,1297,03:05,,,,,73H 73W,,,"Direct",3941,585,5039,
- -,AYT,AMS,Transavia Holland (HV),Transavia Holland,1648,03:47,,,,,73H,,,"Direct",1688,580,5039,
- -,AYT,EIN,Transavia Holland (HV),Transavia Holland,1596,03:41,,,,,73H 73W,,,"Direct",1688,585,5039,
- -,AYT,GRQ,Transavia Holland (HV),Transavia Holland,1613,03:43,,,,,73H,,,"Direct",1688,586,5039,
- -,AYT,RTM,Transavia Holland (HV),Transavia Holland,1648,03:47,,,,,73W 73H,,,"Direct",1688,591,5039,
- -,BCN,AMS,Transavia Holland (HV),Transavia Holland,770,02:02,,,,,73H 73W,,,"Direct",1218,580,5039,
- -,BCN,EIN,Transavia Holland (HV),Transavia Holland,718,01:56,,,,,73W 73H,,,"Direct",1218,585,5039,
- -,BCN,RTM,Transavia Holland (HV),Transavia Holland,744,01:59,,,,,73H 73W,,,"Direct",1218,591,5039,
- -,BJV,ADB,Transavia Holland (HV),Transavia Holland,77,00:39,,,,,73H,,,"Direct",4315,1706,5039,
- -,BJV,AMS,Transavia Holland (HV),Transavia Holland,1517,03:32,,,,,73H,,,"Direct",4315,580,5039,
- -,BJV,EIN,Transavia Holland (HV),Transavia Holland,1463,03:25,,,,,73H,,,"Direct",4315,585,5039,
- -,BJV,RTM,Transavia Holland (HV),Transavia Holland,1516,03:31,,,,,73H,,,"Direct",4315,591,5039,
- -,BLQ,EIN,Transavia Holland (HV),Transavia Holland,549,01:35,,,,,73W,,,"Direct",1538,585,5039,
- -,BRI,AMS,Transavia Holland (HV),Transavia Holland,955,02:24,,,,,73H 73W,,,"Direct",1501,580,5039,
- -,BUD,RTM,Transavia Holland (HV),Transavia Holland,730,01:57,,,,,73W 73H,,,"Direct",1489,591,5039,
- -,CFU,AMS,Transavia Holland (HV),Transavia Holland,1134,02:46,,,,,73H,,,"Direct",1460,580,5039,
- -,CFU,EFL,Transavia Holland (HV),Transavia Holland,107,00:42,,,,,73H,,,"Direct",1460,1455,5039,
- -,CHQ,AMS,Transavia Holland (HV),Transavia Holland,1497,03:29,,,,,73H,,,"Direct",1474,580,5039,
- -,CHQ,ZTH,Transavia Holland (HV),Transavia Holland,237,00:58,,,,,73H,,,"Direct",1474,1488,5039,
- -,CMN,AMS,Transavia Holland (HV),Transavia Holland,1445,03:23,,,,,73W 73H,,,"Direct",1074,580,5039,
- -,CPH,EIN,Transavia Holland (HV),Transavia Holland,414,01:19,,,,,73W,,,"Direct",609,585,5039,
- -,CTA,AMS,Transavia Holland (HV),Transavia Holland,1139,02:46,,,,,73H 73W,,,"Direct",1509,580,5039,
- -,DLM,AMS,Transavia Holland (HV),Transavia Holland,1586,03:40,,,,,73H,,,"Direct",1715,580,5039,
- -,DLM,RTM,Transavia Holland (HV),Transavia Holland,1584,03:40,,,,,73H,,,"Direct",1715,591,5039,
- -,EBL,AMS,Transavia Holland (HV),Transavia Holland,2195,04:53,,,,,73H,,,"Direct",3989,580,5039,
- -,EFL,AMS,Transavia Holland (HV),Transavia Holland,1237,02:58,,,,,73H,,,"Direct",1455,580,5039,
- -,EGC,RTM,Transavia Holland (HV),Transavia Holland,524,01:32,,,,,73H 73W,,,"Direct",1265,591,5039,
- -,EIN,AGP,Transavia Holland (HV),Transavia Holland,1129,02:45,,,,,73H 73W,,,"Direct",585,1230,5039,
- -,EIN,ALC,Transavia Holland (HV),Transavia Holland,953,02:24,,,,,73W 73H,,,"Direct",585,1212,5039,
- -,EIN,ATH,Transavia Holland (HV),Transavia Holland,1297,03:05,,,,,73H 73W,,,"Direct",585,3941,5039,
- -,EIN,AYT,Transavia Holland (HV),Transavia Holland,1596,03:41,,,,,73W,,,"Direct",585,1688,5039,
- -,EIN,BCN,Transavia Holland (HV),Transavia Holland,718,01:56,,,,,73W 73H,,,"Direct",585,1218,5039,
- -,EIN,BJV,Transavia Holland (HV),Transavia Holland,1463,03:25,,,,,73H,,,"Direct",585,4315,5039,
- -,EIN,BLQ,Transavia Holland (HV),Transavia Holland,549,01:35,,,,,73W,,,"Direct",585,1538,5039,
- -,EIN,CPH,Transavia Holland (HV),Transavia Holland,414,01:19,,,,,73W,,,"Direct",585,609,5039,
- -,EIN,DLM,Transavia Holland (HV),Transavia Holland,1532,03:33,,,,,73H,,,"Direct",585,1715,5039,
- -,EIN,FAO,Transavia Holland (HV),Transavia Holland,1191,02:52,,,,,73H 73W,,,"Direct",585,1626,5039,
- -,EIN,GRQ,Transavia Holland (HV),Transavia Holland,126,00:45,,,,,73H,,,"Direct",585,586,5039,
- -,EIN,IBZ,Transavia Holland (HV),Transavia Holland,889,02:16,,,,,73W 73H,,,"Direct",585,1225,5039,
- -,EIN,INN,Transavia Holland (HV),Transavia Holland,394,01:17,,,,,73W,,,"Direct",585,1610,5039,
- -,EIN,LIS,Transavia Holland (HV),Transavia Holland,1120,02:44,,,,,73H 73W,,,"Direct",585,1638,5039,
- -,EIN,LPA,Transavia Holland (HV),Transavia Holland,1948,04:23,,,,,73W,,,"Direct",585,1054,5039,
- -,EIN,MAD,Transavia Holland (HV),Transavia Holland,869,02:14,,,,,73W,,,"Direct",585,1229,5039,
- -,EIN,NAP,Transavia Holland (HV),Transavia Holland,843,02:11,,,,,73W,,,"Direct",585,1561,5039,
- -,EIN,NCE,Transavia Holland (HV),Transavia Holland,544,01:35,,,,,73W 73H,,,"Direct",585,1354,5039,
- -,EIN,PMI,Transavia Holland (HV),Transavia Holland,831,02:09,,,,,73W 73H,,,"Direct",585,3998,5039,
- -,EIN,RTM,Transavia Holland (HV),Transavia Holland,53,00:36,,,,,73H,,,"Direct",585,591,5039,
- -,EIN,SAW,Transavia Holland (HV),Transavia Holland,1347,03:11,,,,,73H 73W,,,"Direct",585,4317,5039,
- -,EIN,TXL,Transavia Holland (HV),Transavia Holland,344,01:11,,,,,73W,,,"Direct",585,351,5039,
- -,EIN,VCE,Transavia Holland (HV),Transavia Holland,519,01:32,,,,,73W,,,"Direct",585,1551,5039,
- -,EIN,VLC,Transavia Holland (HV),Transavia Holland,872,02:14,,,,,73H 73W,,,"Direct",585,1246,5039,
- -,FAO,AMS,Transavia Holland (HV),Transavia Holland,1223,02:56,,,,,73H,,,"Direct",1626,580,5039,
- -,FAO,EIN,Transavia Holland (HV),Transavia Holland,1191,02:52,,,,,73H 73W,,,"Direct",1626,585,5039,
- -,FAO,GRQ,Transavia Holland (HV),Transavia Holland,1313,03:07,,,,,73H,,,"Direct",1626,586,5039,
- -,FAO,RTM,Transavia Holland (HV),Transavia Holland,1195,02:53,,,,,73H 73W,,,"Direct",1626,591,5039,
- -,FAO,SID,Transavia Holland (HV),Transavia Holland,1671,03:50,,,,,73H,,,"Direct",1626,1102,5039,
- -,FCO,RTM,Transavia Holland (HV),Transavia Holland,791,02:04,,,,,73W 73H,,,"Direct",1555,591,5039,
- -,FNC,AMS,Transavia Holland (HV),Transavia Holland,1728,03:57,,,,,73H,,,"Direct",4091,580,5039,
- -,FUE,ACE,Transavia Holland (HV),Transavia Holland,37,00:34,,,,,73H,,,"Direct",1051,1055,5039,
- -,FUE,AMS,Transavia Holland (HV),Transavia Holland,1904,04:18,,,,,73H,,,"Direct",1051,580,5039,
- -,GRO,AMS,Transavia Holland (HV),Transavia Holland,724,01:56,,,,,73H,,,"Direct",1222,580,5039,
- -,GRO,RTM,Transavia Holland (HV),Transavia Holland,698,01:53,,,,,73H 73W,,,"Direct",1222,591,5039,
- -,GRQ,FAO,Transavia Holland (HV),Transavia Holland,1313,03:07,,,,,73H,,,"Direct",586,1626,5039,
- -,GRQ,LPA,Transavia Holland (HV),Transavia Holland,2068,04:38,,,,,73H,,,"Direct",586,1054,5039,
- -,GRQ,MST,Transavia Holland (HV),Transavia Holland,156,00:48,,,,,73H,,,"Direct",586,582,5039,
- -,GRQ,PMI,Transavia Holland (HV),Transavia Holland,954,02:24,,,,,73H,,,"Direct",586,3998,5039,
- -,HER,AMS,Transavia Holland (HV),Transavia Holland,1540,03:34,,,,,73H,,,"Direct",1452,580,5039,
- -,HER,GRQ,Transavia Holland (HV),Transavia Holland,1524,03:32,,,,,73H,,,"Direct",1452,586,5039,
- -,HER,RTM,Transavia Holland (HV),Transavia Holland,1535,03:34,,,,,73H,,,"Direct",1452,591,5039,
- -,IBZ,AMS,Transavia Holland (HV),Transavia Holland,941,02:22,,,,,73H 73W,,,"Direct",1225,580,5039,
- -,IBZ,EIN,Transavia Holland (HV),Transavia Holland,889,02:16,,,,,73W 73H,,,"Direct",1225,585,5039,
- -,IBZ,RTM,Transavia Holland (HV),Transavia Holland,915,02:19,,,,,73H 73W,,,"Direct",1225,591,5039,
- -,INN,AMS,Transavia Holland (HV),Transavia Holland,455,01:24,,,,,73H,,,"Direct",1610,580,5039,
- -,INN,EIN,Transavia Holland (HV),Transavia Holland,394,01:17,,,,,73W,,,"Direct",1610,585,5039,
- -,JKH,MJT,Transavia Holland (HV),Transavia Holland,55,00:36,,,,,73W,,,"Direct",1450,1469,5039,
- -,JMK,JTR,Transavia Holland (HV),Transavia Holland,71,00:38,,,,,73H,,,"Direct",1468,1479,5039,
- -,JTR,AMS,Transavia Holland (HV),Transavia Holland,1490,03:28,,,,,73H,,,"Direct",1479,580,5039,
- -,JTR,VOL,Transavia Holland (HV),Transavia Holland,243,00:59,,,,,73H,,,"Direct",1479,1448,5039,
- -,KGS,AMS,Transavia Holland (HV),Transavia Holland,1522,03:32,,,,,73H,,,"Direct",1458,580,5039,
- -,KIT,KLX,Transavia Holland (HV),Transavia Holland,77,00:39,,,,,73W,,,"Direct",1454,1456,5039,
- -,KLX,AMS,Transavia Holland (HV),Transavia Holland,1343,03:11,,,,,73W,,,"Direct",1456,580,5039,
- -,LEI,AMS,Transavia Holland (HV),Transavia Holland,1122,02:44,,,,,73H,,,"Direct",1213,580,5039,
- -,LIS,AMS,Transavia Holland (HV),Transavia Holland,1146,02:47,,,,,73H 73W,,,"Direct",1638,580,5039,
- -,LIS,EIN,Transavia Holland (HV),Transavia Holland,1120,02:44,,,,,73H 73W,,,"Direct",1638,585,5039,
- -,LPA,ACE,Transavia Holland (HV),Transavia Holland,128,00:45,,,,,73H,,,"Direct",1054,1055,5039,
- -,LPA,AMS,Transavia Holland (HV),Transavia Holland,1976,04:27,,,,,73H,,,"Direct",1054,580,5039,
- -,LPA,EIN,Transavia Holland (HV),Transavia Holland,1948,04:23,,,,,73H 73W,,,"Direct",1054,585,5039,
- -,MAD,EIN,Transavia Holland (HV),Transavia Holland,869,02:14,,,,,73W,,,"Direct",1229,585,5039,
- -,MAD,RTM,Transavia Holland (HV),Transavia Holland,879,02:15,,,,,73H 73W,,,"Direct",1229,591,5039,
- -,MJT,AMS,Transavia Holland (HV),Transavia Holland,1385,03:16,,,,,73W,,,"Direct",1469,580,5039,
- -,MLA,AMS,Transavia Holland (HV),Transavia Holland,1231,02:57,,,,,73H,,,"Direct",1606,580,5039,
- -,MLA,NBE,Transavia Holland (HV),Transavia Holland,226,00:57,,,,,73H,,,"Direct",1606,7447,5039,
- -,MPL,RTM,Transavia Holland (HV),Transavia Holland,579,01:39,,,,,73W 73H,,,"Direct",1359,591,5039,
- -,MST,AYT,Transavia Holland (HV),Transavia Holland,1563,03:37,,,,,73H,,,"Direct",582,1688,5039,
- -,MST,HER,Transavia Holland (HV),Transavia Holland,1444,03:23,,,,,73H,,,"Direct",582,1452,5039,
- -,NAP,AMS,Transavia Holland (HV),Transavia Holland,907,02:18,,,,,73H 73W,,,"Direct",1561,580,5039,
- -,NAP,EIN,Transavia Holland (HV),Transavia Holland,843,02:11,,,,,73W,,,"Direct",1561,585,5039,
- -,NBE,AMS,Transavia Holland (HV),Transavia Holland,1154,02:48,,,,,73H,,,"Direct",7447,580,5039,
- -,NCE,AMS,Transavia Holland (HV),Transavia Holland,607,01:42,,,,,73H 73W,,,"Direct",1354,580,5039,
- -,NCE,EIN,Transavia Holland (HV),Transavia Holland,544,01:35,,,,,73W 73H,,,"Direct",1354,585,5039,
- -,NCE,RTM,Transavia Holland (HV),Transavia Holland,587,01:40,,,,,73W 73H,,,"Direct",1354,591,5039,
- -,OLB,AMS,Transavia Holland (HV),Transavia Holland,819,02:08,,,,,73H,,,"Direct",1520,580,5039,
- -,OPO,AMS,Transavia Holland (HV),Transavia Holland,990,02:28,,,,,73W 73H,,,"Direct",1636,580,5039,
- -,PFO,AMS,Transavia Holland (HV),Transavia Holland,1824,04:08,,,,,73H,,,"Direct",1198,580,5039,
- -,PMI,AMS,Transavia Holland (HV),Transavia Holland,886,02:16,,,,,73H 73W,,,"Direct",3998,580,5039,
- -,PMI,EIN,Transavia Holland (HV),Transavia Holland,831,02:09,,,,,73W 73H,,,"Direct",3998,585,5039,
- -,PMI,GRQ,Transavia Holland (HV),Transavia Holland,954,02:24,,,,,73H,,,"Direct",3998,586,5039,
- -,PMI,RTM,Transavia Holland (HV),Transavia Holland,860,02:13,,,,,73H,,,"Direct",3998,591,5039,
- -,PMO,CTA,Transavia Holland (HV),Transavia Holland,118,00:44,,,,,73H,,,"Direct",1512,1509,5039,
- -,PRG,RTM,Transavia Holland (HV),Transavia Holland,445,01:23,,,,,73W 73H,,,"Direct",1587,591,5039,
- -,PSA,AMS,Transavia Holland (HV),Transavia Holland,649,01:47,,,,,73H,,,"Direct",1562,580,5039,
- -,PVK,AMS,Transavia Holland (HV),Transavia Holland,1199,02:53,,,,,73H,,,"Direct",1470,580,5039,
- -,RAK,AGA,Transavia Holland (HV),Transavia Holland,120,00:44,,,,,73H,,,"Direct",1075,1064,5039,
- -,RAK,AMS,Transavia Holland (HV),Transavia Holland,1567,03:38,,,,,73H,,,"Direct",1075,580,5039,
- -,RAK,RTM,Transavia Holland (HV),Transavia Holland,1540,03:34,,,,,73W,,,"Direct",1075,591,5039,
- -,RHO,AMS,Transavia Holland (HV),Transavia Holland,1577,03:39,,,,,73H,,,"Direct",1472,580,5039,
- -,RHO,EIN,Transavia Holland (HV),Transavia Holland,1522,03:32,,,,,73H,,,"Direct",1472,585,5039,
- -,RTM,AGP,Transavia Holland (HV),Transavia Holland,1141,02:46,,,,,73H 73W,,,"Direct",591,1230,5039,
- -,RTM,ALC,Transavia Holland (HV),Transavia Holland,974,02:26,,,,,73H 73W,,,"Direct",591,1212,5039,
- -,RTM,AYT,Transavia Holland (HV),Transavia Holland,1648,03:47,,,,,73W 73H,,,"Direct",591,1688,5039,
- -,RTM,BCN,Transavia Holland (HV),Transavia Holland,744,01:59,,,,,73H 73W,,,"Direct",591,1218,5039,
- -,RTM,BJV,Transavia Holland (HV),Transavia Holland,1516,03:31,,,,,73H,,,"Direct",591,4315,5039,
- -,RTM,BUD,Transavia Holland (HV),Transavia Holland,730,01:57,,,,,73W 73H,,,"Direct",591,1489,5039,
- -,RTM,EGC,Transavia Holland (HV),Transavia Holland,524,01:32,,,,,73H 73W,,,"Direct",591,1265,5039,
- -,RTM,EIN,Transavia Holland (HV),Transavia Holland,53,00:36,,,,,73H,,,"Direct",591,585,5039,
- -,RTM,FAO,Transavia Holland (HV),Transavia Holland,1195,02:53,,,,,73H 73W,,,"Direct",591,1626,5039,
- -,RTM,FCO,Transavia Holland (HV),Transavia Holland,791,02:04,,,,,73W 73H,,,"Direct",591,1555,5039,
- -,RTM,GRO,Transavia Holland (HV),Transavia Holland,698,01:53,,,,,73H 73W,,,"Direct",591,1222,5039,
- -,RTM,HER,Transavia Holland (HV),Transavia Holland,1535,03:34,,,,,73H,,,"Direct",591,1452,5039,
- -,RTM,IBZ,Transavia Holland (HV),Transavia Holland,915,02:19,,,,,73H 73W,,,"Direct",591,1225,5039,
- -,RTM,MAD,Transavia Holland (HV),Transavia Holland,879,02:15,,,,,73H 73W,,,"Direct",591,1229,5039,
- -,RTM,MPL,Transavia Holland (HV),Transavia Holland,579,01:39,,,,,73W 73H,,,"Direct",591,1359,5039,
- -,RTM,NCE,Transavia Holland (HV),Transavia Holland,587,01:40,,,,,73W 73H,,,"Direct",591,1354,5039,
- -,RTM,PMI,Transavia Holland (HV),Transavia Holland,860,02:13,,,,,73H,,,"Direct",591,3998,5039,
- -,RTM,PRG,Transavia Holland (HV),Transavia Holland,445,01:23,,,,,73W 73H,,,"Direct",591,1587,5039,
- -,RTM,RAK,Transavia Holland (HV),Transavia Holland,1540,03:34,,,,,73W,,,"Direct",591,1075,5039,
- -,RTM,RHO,Transavia Holland (HV),Transavia Holland,1575,03:39,,,,,73H,,,"Direct",591,1472,5039,
- -,RTM,SAW,Transavia Holland (HV),Transavia Holland,1397,03:17,,,,,73H 73W,,,"Direct",591,4317,5039,
- -,RTM,SPU,Transavia Holland (HV),Transavia Holland,798,02:05,,,,,73W,,,"Direct",591,1206,5039,
- -,RTM,TLN,Transavia Holland (HV),Transavia Holland,616,01:43,,,,,73W 73H,,,"Direct",591,1438,5039,
- -,RTM,VIE,Transavia Holland (HV),Transavia Holland,599,01:41,,,,,73W,,,"Direct",591,1613,5039,
- -,RTM,VLC,Transavia Holland (HV),Transavia Holland,892,02:17,,,,,73W 73H,,,"Direct",591,1246,5039,
- -,SAW,AMS,Transavia Holland (HV),Transavia Holland,1395,03:17,,,,,73H 73W,,,"Direct",4317,580,5039,
- -,SAW,EIN,Transavia Holland (HV),Transavia Holland,1347,03:11,,,,,73H 73W,,,"Direct",4317,585,5039,
- -,SAW,RTM,Transavia Holland (HV),Transavia Holland,1397,03:17,,,,,73H 73W,,,"Direct",4317,591,5039,
- -,SID,AMS,Transavia Holland (HV),Transavia Holland,2881,06:15,,,,,73H,,,"Direct",1102,580,5039,
- -,SKG,AMS,Transavia Holland (HV),Transavia Holland,1182,02:51,,,,,73H,,,"Direct",1486,580,5039,
- -,SMI,RHO,Transavia Holland (HV),Transavia Holland,109,00:43,,,,,73H,,,"Direct",1476,1472,5039,
- -,SPC,AMS,Transavia Holland (HV),Transavia Holland,2000,04:30,,,,,73H,,,"Direct",1053,580,5039,
- -,SPU,RTM,Transavia Holland (HV),Transavia Holland,798,02:05,,,,,73W,,,"Direct",1206,591,5039,
- -,SUF,CTA,Transavia Holland (HV),Transavia Holland,118,00:44,,,,,73H,,,"Direct",1508,1509,5039,
- -,SVQ,AMS,Transavia Holland (HV),Transavia Holland,1150,02:48,,,,,73H,,,"Direct",1253,580,5039,
- -,SVQ,LEI,Transavia Holland (HV),Transavia Holland,197,00:53,,,,,73H,,,"Direct",1253,1213,5039,
- -,TFS,AMS,Transavia Holland (HV),Transavia Holland,2002,04:30,,,,,73W 73H,,,"Direct",1056,580,5039,
- -,TFS,LPA,Transavia Holland (HV),Transavia Holland,72,00:38,,,,,73H,,,"Direct",1056,1054,5039,
- -,TLN,RTM,Transavia Holland (HV),Transavia Holland,616,01:43,,,,,73W 73H,,,"Direct",1438,591,5039,
- -,TLV,AMS,Transavia Holland (HV),Transavia Holland,2056,04:36,,,,,73H,,,"Direct",1590,580,5039,
- -,TRN,AMS,Transavia Holland (HV),Transavia Holland,507,01:30,,,,,73H 73W,,,"Direct",1526,580,5039,
- -,TXL,EIN,Transavia Holland (HV),Transavia Holland,344,01:11,,,,,73W,,,"Direct",351,585,5039,
- -,VCE,AMS,Transavia Holland (HV),Transavia Holland,581,01:39,,,,,73H 73W,,,"Direct",1551,580,5039,
- -,VCE,EIN,Transavia Holland (HV),Transavia Holland,519,01:32,,,,,73W,,,"Direct",1551,585,5039,
- -,VIE,RTM,Transavia Holland (HV),Transavia Holland,599,01:41,,,,,73W,,,"Direct",1613,591,5039,
- -,VLC,AMS,Transavia Holland (HV),Transavia Holland,919,02:20,,,,,73H 73W,,,"Direct",1246,580,5039,
- -,VLC,EIN,Transavia Holland (HV),Transavia Holland,872,02:14,,,,,73H 73W,,,"Direct",1246,585,5039,
- -,VLC,RTM,Transavia Holland (HV),Transavia Holland,892,02:17,,,,,73H 73W,,,"Direct",1246,591,5039,
- -,VOL,AMS,Transavia Holland (HV),Transavia Holland,1246,02:59,,,,,73H,,,"Direct",1448,580,5039,
- -,VRN,AMS,Transavia Holland (HV),Transavia Holland,552,01:36,,,,,73H,,,"Direct",1550,580,5039,
- -,ZTH,AMS,Transavia Holland (HV),Transavia Holland,1270,03:02,,,,,73H,,,"Direct",1488,580,5039,