﻿Date,From,To,Flight_Number,Airline,Distance,Duration,Seat,Seat_Type,Class,Reason,Plane,Registration,Trip,Note,From_OID,To_OID,Airline_OID,Plane_OID
- -,ZRH,ACE,Air Berlin (AB),Air Berlin,1742,03:59,,,,,320,,,"Direct",1678,1055,214,
- -,ZRH,ACE,Swiss International Air Lines (LX),Swiss International Air Lines,1742,03:59,,,,,320,,,"Codeshare",1678,1055,4559,
- -,ZRH,ADB,SunExpress (XQ),SunExpress,1130,02:45,,,,,738,,,"Direct",1678,1706,4573,
- -,ZRH,AGP,Swiss International Air Lines (LX),Swiss International Air Lines,998,02:29,,,,,321 320,,,"Direct",1678,1230,4559,
- -,ZRH,ALC,Air Berlin (AB),Air Berlin,782,02:03,,,,,320 321,,,"Direct",1678,1212,214,
- -,ZRH,AMM,Royal Jordanian (RJ),Royal Jordanian,1804,04:06,,,,,320 319,,,"Direct",1678,2170,4259,
- -,ZRH,AMS,KLM Royal Dutch Airlines (KL),KLM Royal Dutch Airlines,374,01:14,,,,,EMJ 737,,,"Direct",1678,580,3090,
- -,ZRH,AMS,Swiss International Air Lines (LX),Swiss International Air Lines,374,01:14,,,,,320 AR1,,,"Direct",1678,580,4559,
- -,ZRH,ARN,Swiss International Air Lines (LX),Swiss International Air Lines,923,02:20,,,,,320 321,,,"Direct",1678,737,4559,
- -,ZRH,ARN,Scandinavian Airlines System (SK),Scandinavian Airlines System,923,02:20,,,,,717 73G 736 73W 73H,,,"Direct",1678,737,4319,
- -,ZRH,ATH,Swiss International Air Lines (LX),Swiss International Air Lines,1018,02:32,,,,,321,,,"Direct",1678,3941,4559,
- -,ZRH,ATL,Delta Air Lines (DL),Delta Air Lines,4677,09:51,,,,,76W,,,"Direct",1678,3682,2009,
- -,ZRH,AYT,Belair Airlines (4T),Belair Airlines,1344,03:11,,,,,320,,,"Direct",1678,1688,1401,
- -,ZRH,AYT,Swiss International Air Lines (LX),Swiss International Air Lines,1344,03:11,,,,,320,,,"Codeshare",1678,1688,4559,
- -,ZRH,AYT,SunExpress (XQ),SunExpress,1344,03:11,,,,,738,,,"Direct",1678,1688,4573,
- -,ZRH,BCN,Iberia Airlines (IB),Iberia Airlines,531,01:33,,,,,320,,,"Codeshare",1678,1218,2822,
- -,ZRH,BCN,Swiss International Air Lines (LX),Swiss International Air Lines,531,01:33,,,,,321 320,,,"Direct",1678,1218,4559,
- -,ZRH,BCN,Formosa Airlines (VY),Formosa Airlines,531,01:33,,,,,319 320,,,"Direct",1678,1218,2439,
- -,ZRH,BDS,Helvetic Airways (2L),Helvetic Airways,661,01:49,,,,,100,,,"Direct",1678,1506,2750,
- -,ZRH,BDS,Air Berlin (AB),Air Berlin,661,01:49,,,,,320,,,"Direct",1678,1506,214,
- -,ZRH,BDS,Meridiana (IG),Meridiana,661,01:49,,,,,320,,,"Codeshare",1678,1506,3463,
- -,ZRH,BEG,Air Serbia (JU),Air Serbia,590,01:40,,,,,319,,,"Direct",1678,1739,19582,
- -,ZRH,BEG,Swiss International Air Lines (LX),Swiss International Air Lines,590,01:40,,,,,320 100,,,"Direct",1678,1739,4559,
- -,ZRH,BHX,Swiss International Air Lines (LX),Swiss International Air Lines,571,01:38,,,,,100 AR1,,,"Direct",1678,469,4559,
- -,ZRH,BKK,Swiss International Air Lines (LX),Swiss International Air Lines,5622,11:44,,,,,343,,,"Direct",1678,3885,4559,
- -,ZRH,BKK,Thai Airways International (TG),Thai Airways International,5622,11:44,,,,,346,,,"Direct",1678,3885,4940,
- -,ZRH,BLL,British Airways (BA),British Airways,572,01:38,,,,,FRJ,,,"Codeshare",1678,608,1355,
- -,ZRH,BNX,Air Bosna (JA),Air Bosna,452,01:24,,,,,AT7,,,"Direct",1678,5794,132,
- -,ZRH,BOD,Helvetic Airways (2L),Helvetic Airways,478,01:27,,,,,100,,,"Direct",1678,1264,2750,
- -,ZRH,BOM,Air India Limited (AI),Air India Limited,4061,08:37,,,,,333,,,"Codeshare",1678,2997,218,
- -,ZRH,BOM,Swiss International Air Lines (LX),Swiss International Air Lines,4061,08:37,,,,,333,,,"Direct",1678,2997,4559,
- -,ZRH,BOS,Swiss International Air Lines (LX),Swiss International Air Lines,3732,07:57,,,,,333,,,"Direct",1678,3448,4559,
- -,ZRH,BOS,United Airlines (UA),United Airlines,3732,07:57,,,,,333,,,"Codeshare",1678,3448,5209,
- -,ZRH,BRE,Maastricht Airlines (W2),Maastricht Airlines,385,01:16,,,,,J32,,,"Direct",1678,353,18553,
- -,ZRH,BRS,Helvetic Airways (2L),Helvetic Airways,573,01:38,,,,,100,,,"Direct",1678,490,2750,
- -,ZRH,BRU,Swiss International Air Lines (LX),Swiss International Air Lines,299,01:05,,,,,320 AR1,,,"Direct",1678,302,4559,
- -,ZRH,BRU,Brussels Airlines (SN),Brussels Airlines,299,01:05,,,,,320 AR1,,,"Codeshare",1678,302,1531,
- -,ZRH,BUD,Swiss International Air Lines (LX),Swiss International Air Lines,499,01:29,,,,,AR1 100 320 319,,,"Direct",1678,1489,4559,
- -,ZRH,CAI,Swiss International Air Lines (LX),Swiss International Air Lines,1704,03:54,,,,,333 343,,,"Direct",1678,1128,4559,
- -,ZRH,CAI,Egyptair (MS),Egyptair,1704,03:54,,,,,333 343,,,"Codeshare",1678,1128,2143,
- -,ZRH,CDG,Air France (AF),Air France,295,01:05,,,,,318,,,"Direct",1678,1382,137,
- -,ZRH,CDG,Swiss International Air Lines (LX),Swiss International Air Lines,295,01:05,,,,,320 AR1 32A 319,,,"Direct",1678,1382,4559,
- -,ZRH,CGN,Germanwings (4U),Germanwings,243,00:59,,,,,320 319,,,"Direct",1678,344,2548,
- -,ZRH,CGN,Swiss International Air Lines (LX),Swiss International Air Lines,243,00:59,,,,,320 319,,,"Direct",1678,344,4559,
- -,ZRH,CMN,Royal Air Maroc (AT),Royal Air Maroc,1286,03:04,,,,,738 73G,,,"Direct",1678,1074,4248,
- -,ZRH,CPH,Swiss International Air Lines (LX),Swiss International Air Lines,589,01:40,,,,,321 320,,,"Direct",1678,609,4559,
- -,ZRH,CPH,Scandinavian Airlines System (SK),Scandinavian Airlines System,589,01:40,,,,,321 320 319 CR9,,,"Direct",1678,609,4319,
- -,ZRH,CTA,Air Berlin (AB),Air Berlin,765,02:01,,,,,320 319,,,"Direct",1678,1509,214,
- -,ZRH,CTA,Meridiana (IG),Meridiana,765,02:01,,,,,320,,,"Codeshare",1678,1509,3463,
- -,ZRH,CTA,Swiss International Air Lines (LX),Swiss International Air Lines,765,02:01,,,,,320,,,"Codeshare",1678,1509,4559,
- -,ZRH,DBV,Swiss International Air Lines (LX),Swiss International Air Lines,582,01:39,,,,,DH4,,,"Codeshare",1678,1200,4559,
- -,ZRH,DBV,Croatia Airlines (OU),Croatia Airlines,582,01:39,,,,,DH4,,,"Direct",1678,1200,1925,
- -,ZRH,DEL,Air India Limited (AI),Air India Limited,3817,08:08,,,,,333,,,"Codeshare",1678,3093,218,
- -,ZRH,DEL,Swiss International Air Lines (LX),Swiss International Air Lines,3817,08:08,,,,,333,,,"Direct",1678,3093,4559,
- -,ZRH,DJE,Tunisair (TU),Tunisair,945,02:23,,,,,736 32A,,,"Direct",1678,293,4870,
- -,ZRH,DME,Swiss International Air Lines (LX),Swiss International Air Lines,1364,03:13,,,,,321 320,,,"Direct",1678,4029,4559,
- -,ZRH,DOH,Qatar Airways (QR),Qatar Airways,2791,06:04,,,,,788,,,"Direct",1678,11051,4091,
- -,ZRH,DUB,Aer Lingus (EI),Aer Lingus,768,02:02,,,,,320,,,"Direct",1678,599,837,
- -,ZRH,DUB,Swiss International Air Lines (LX),Swiss International Air Lines,768,02:02,,,,,321,,,"Direct",1678,599,4559,
- -,ZRH,DUS,Air Berlin (AB),Air Berlin,275,01:03,,,,,319 738 320 73G,,,"Direct",1678,345,214,
- -,ZRH,DUS,Lufthansa (LH),Lufthansa,275,01:03,,,,,320 319 CR9,,,"Direct",1678,345,3320,
- -,ZRH,DUS,Swiss International Air Lines (LX),Swiss International Air Lines,275,01:03,,,,,320 AR1 100 321,,,"Direct",1678,345,4559,
- -,ZRH,DXB,Emirates (EK),Emirates,2960,06:25,,,,,388 77W,,,"Direct",1678,2188,2183,
- -,ZRH,DXB,Swiss International Air Lines (LX),Swiss International Air Lines,2960,06:25,,,,,333,,,"Direct",1678,2188,4559,
- -,ZRH,DXB,Qantas (QF),Qantas,2960,06:25,,,,,388 77W,,,"Codeshare",1678,2188,4089,
- -,ZRH,EWR,Swiss International Air Lines (LX),Swiss International Air Lines,3932,08:21,,,,,333,,,"Direct",1678,3494,4559,
- -,ZRH,EWR,United Airlines (UA),United Airlines,3932,08:21,,,,,764,,,"Direct",1678,3494,5209,
- -,ZRH,FCO,Alitalia (AZ),Alitalia,431,01:21,,,,,E75 E90 32S,,,"Direct",1678,1555,596,
- -,ZRH,FCO,Etihad Airways (EY),Etihad Airways,431,01:21,,,,,EMJ,,,"Codeshare",1678,1555,2222,
- -,ZRH,FCO,Swiss International Air Lines (LX),Swiss International Air Lines,431,01:21,,,,,321 320 319 32A,,,"Direct",1678,1555,4559,
- -,ZRH,FLR,Flybaboo (F7),Flybaboo,283,01:03,,,,,S20,,,"Direct",1678,1563,2420,
- -,ZRH,FLR,Swiss International Air Lines (LX),Swiss International Air Lines,283,01:03,,,,,AR1,,,"Codeshare",1678,1563,4559,
- -,ZRH,FMO,Maastricht Airlines (W2),Maastricht Airlines,324,01:08,,,,,J32,,,"Direct",1678,341,18553,
- -,ZRH,FNC,Air Berlin (AB),Air Berlin,1669,03:50,,,,,320,,,"Direct",1678,4091,214,
- -,ZRH,FNC,Swiss International Air Lines (LX),Swiss International Air Lines,1669,03:50,,,,,320,,,"Codeshare",1678,4091,4559,
- -,ZRH,FRA,Ethiopian Airlines (ET),Ethiopian Airlines,177,00:51,,,,,319,,,"Codeshare",1678,340,2220,
- -,ZRH,FRA,Lufthansa (LH),Lufthansa,177,00:51,,,,,733 E90 735 319 320 321,,,"Direct",1678,340,3320,
- -,ZRH,FRA,Swiss International Air Lines (LX),Swiss International Air Lines,177,00:51,,,,,320 AR1,,,"Direct",1678,340,4559,
- -,ZRH,FUE,Air Berlin (AB),Air Berlin,1779,04:03,,,,,320,,,"Direct",1678,1051,214,
- -,ZRH,FUE,Swiss International Air Lines (LX),Swiss International Air Lines,1779,04:03,,,,,320,,,"Codeshare",1678,1051,4559,
- -,ZRH,GDN,Eurolot (K2),Eurolot,642,01:47,,,,,DH4,,,"Direct",1678,668,2245,
- -,ZRH,GRU,Swiss International Air Lines (LX),Swiss International Air Lines,5967,12:26,,,,,343,,,"Direct",1678,2564,4559,
- -,ZRH,GVA,Flybaboo (F7),Flybaboo,143,00:47,,,,,S20,,,"Direct",1678,1665,2420,
- -,ZRH,GVA,Swiss International Air Lines (LX),Swiss International Air Lines,143,00:47,,,,,319 320 AR1 321 32A,,,"Direct",1678,1665,4559,
- -,ZRH,GVA,Royal Jordanian (RJ),Royal Jordanian,143,00:47,,,,,319,,,"Direct",1678,1665,4259,
- -,ZRH,GWT,Air Berlin (AB),Air Berlin,514,01:31,,,,,73G DH4,,,"Direct",1678,410,214,
- -,ZRH,HAJ,Lufthansa (LH),Lufthansa,348,01:11,,,,,AR1 100 320,,,"Codeshare",1678,352,3320,
- -,ZRH,HAJ,Swiss International Air Lines (LX),Swiss International Air Lines,348,01:11,,,,,AR1 100 320,,,"Direct",1678,352,4559,
- -,ZRH,HAM,Germanwings (4U),Germanwings,430,01:21,,,,,319 CRJ,,,"Direct",1678,342,2548,
- -,ZRH,HAM,Lufthansa (LH),Lufthansa,430,01:21,,,,,321 320,,,"Codeshare",1678,342,3320,
- -,ZRH,HAM,Swiss International Air Lines (LX),Swiss International Air Lines,430,01:21,,,,,321 319 320 CRJ,,,"Direct",1678,342,4559,
- -,ZRH,HAV,Swiss International Air Lines (LX),Swiss International Air Lines,5102,10:42,,,,,333,,,"Codeshare",1678,1909,4559,
- -,ZRH,HEL,Air Berlin (AB),Air Berlin,1104,02:42,,,,,319,,,"Direct",1678,421,214,
- -,ZRH,HEL,Finnair (AY),Finnair,1104,02:42,,,,,319 320,,,"Direct",1678,421,2350,
- -,ZRH,HER,Air Berlin (AB),Air Berlin,1196,02:53,,,,,320 319,,,"Direct",1678,1452,214,
- -,ZRH,HER,Swiss International Air Lines (LX),Swiss International Air Lines,1196,02:53,,,,,320 333,,,"Codeshare",1678,1452,4559,
- -,ZRH,HKG,Swiss International Air Lines (LX),Swiss International Air Lines,5762,12:01,,,,,343,,,"Direct",1678,3077,4559,
- -,ZRH,HRG,Belair Airlines (4T),Belair Airlines,1953,04:24,,,,,320,,,"Direct",1678,1130,1401,
- -,ZRH,HRG,Swiss International Air Lines (LX),Swiss International Air Lines,1953,04:24,,,,,320,,,"Codeshare",1678,1130,4559,
- -,ZRH,IAD,Swiss International Air Lines (LX),Swiss International Air Lines,4144,08:47,,,,,763 764,,,"Codeshare",1678,3714,4559,
- -,ZRH,IAD,United Airlines (UA),United Airlines,4144,08:47,,,,,763 764,,,"Direct",1678,3714,5209,
- -,ZRH,IBZ,Air Berlin (AB),Air Berlin,694,01:53,,,,,320,,,"Direct",1678,1225,214,
- -,ZRH,ICN,Korean Air (KE),Korean Air,5429,11:21,,,,,77W,,,"Direct",1678,3930,3163,
- -,ZRH,ISL,Swiss International Air Lines (LX),Swiss International Air Lines,1094,02:41,,,,,320 32A,,,"Direct",1678,1701,4559,
- -,ZRH,ISL,Asiana Airlines (OZ),Asiana Airlines,1094,02:41,,,,,320,,,"Direct",1678,1701,28,
- -,ZRH,ISL,Turkish Airlines (TK),Turkish Airlines,1094,02:41,,,,,320 321 738,,,"Direct",1678,1701,4951,
- -,ZRH,ISL,US Airways (US),US Airways,1094,02:41,,,,,320,,,"Codeshare",1678,1701,5265,
- -,ZRH,JER,Skynet Airlines (SI),Skynet Airlines,507,01:30,,,,,AT5 AT4,,,"Direct",1678,499,4438,
- -,ZRH,JFK,American Airlines (AA),American Airlines,3918,08:20,,,,,763,,,"Direct",1678,3797,24,
- -,ZRH,JFK,Swiss International Air Lines (LX),Swiss International Air Lines,3918,08:20,,,,,333,,,"Direct",1678,3797,4559,
- -,ZRH,JFK,United Airlines (UA),United Airlines,3918,08:20,,,,,333,,,"Codeshare",1678,3797,5209,
- -,ZRH,JFK,US Airways (US),US Airways,3918,08:20,,,,,763,,,"Direct",1678,3797,5265,
- -,ZRH,JNB,Swiss International Air Lines (LX),Swiss International Air Lines,5228,10:57,,,,,343 333,,,"Direct",1678,813,4559,
- -,ZRH,JNB,South African Airways (SA),South African Airways,5228,10:57,,,,,343 333,,,"Codeshare",1678,813,4305,
- -,ZRH,KBP,Swiss International Air Lines (LX),Swiss International Air Lines,1029,02:33,,,,,320 32A 100 319,,,"Direct",1678,2939,4559,
- -,ZRH,KBP,Ukraine International Airlines (PS),Ukraine International Airlines,1029,02:33,,,,,320 73N 735,,,"Direct",1678,2939,5282,
- -,ZRH,KEF,Icelandair (FI),Icelandair,1633,03:45,,,,,75W,,,"Direct",1678,16,2835,
- -,ZRH,KRK,Eurolot (K2),Eurolot,541,01:34,,,,,DH4,,,"Direct",1678,669,2245,
- -,ZRH,LAS,Swiss International Air Lines (LX),Swiss International Air Lines,5695,11:53,,,,,333,,,"Direct",1678,3877,4559,
- -,ZRH,LAX,Swiss International Air Lines (LX),Swiss International Air Lines,5920,12:20,,,,,343,,,"Direct",1678,3484,4559,
- -,ZRH,LAX,United Airlines (UA),United Airlines,5920,12:20,,,,,343,,,"Codeshare",1678,3484,5209,
- -,ZRH,LCA,Helvetic Airways (2L),Helvetic Airways,1555,03:36,,,,,319,,,"Direct",1678,1197,2750,
- -,ZRH,LCA,Cyprus Airways (CY),Cyprus Airways,1555,03:36,,,,,320,,,"Direct",1678,1197,1942,
- -,ZRH,LCA,Swiss International Air Lines (LX),Swiss International Air Lines,1555,03:36,,,,,320,,,"Codeshare",1678,1197,4559,
- -,ZRH,LCY,Air Berlin (AB),Air Berlin,471,01:26,,,,,E90 E70,,,"Codeshare",1678,503,214,
- -,ZRH,LCY,British Airways (BA),British Airways,471,01:26,,,,,E90 E70,,,"Codeshare",1678,503,1355,
- -,ZRH,LCY,Swiss International Air Lines (LX),Swiss International Air Lines,471,01:26,,,,,AR1,,,"Codeshare",1678,503,4559,
- -,ZRH,LED,Swiss International Air Lines (LX),Swiss International Air Lines,1220,02:56,,,,,320 32A,,,"Direct",1678,2948,4559,
- -,ZRH,LEJ,Flybaboo (F7),Flybaboo,319,01:08,,,,,S20,,,"Direct",1678,348,2420,
- -,ZRH,LGW,easyJet (U2),easyJet,468,01:26,,,,,319 320,,,"Direct",1678,502,2297,
- -,ZRH,LHR,American Airlines (AA),American Airlines,489,01:28,,,,,320 319,,,"Codeshare",1678,507,24,
- -,ZRH,LHR,Air Berlin (AB),Air Berlin,489,01:28,,,,,320 319 321,,,"Codeshare",1678,507,214,
- -,ZRH,LHR,British Airways (BA),British Airways,489,01:28,,,,,320 319 321,,,"Direct",1678,507,1355,
- -,ZRH,LHR,Swiss International Air Lines (LX),Swiss International Air Lines,489,01:28,,,,,320 321 32A,,,"Direct",1678,507,4559,
- -,ZRH,LIS,Aegean Airlines (A3),Aegean Airlines,1070,02:38,,,,,320,,,"Direct",1678,1638,96,
- -,ZRH,LIS,Finnair (AY),Finnair,1070,02:38,,,,,320 319,,,"Codeshare",1678,1638,2350,
- -,ZRH,LIS,Swiss International Air Lines (LX),Swiss International Air Lines,1070,02:38,,,,,32A 320,,,"Direct",1678,1638,4559,
- -,ZRH,LIS,SATA International (S4),SATA International,1070,02:38,,,,,319 321,,,"Codeshare",1678,1638,4304,
- -,ZRH,LIS,TAP Portugal (TP),TAP Portugal,1070,02:38,,,,,320 321 319,,,"Direct",1678,1638,4869,
- -,ZRH,LIS,US Airways (US),US Airways,1070,02:38,,,,,320 319,,,"Codeshare",1678,1638,5265,
- -,ZRH,LJU,Adria Airways (JP),Adria Airways,291,01:04,,,,,CR9 CR2 319,,,"Direct",1678,1569,83,
- -,ZRH,LJU,Swiss International Air Lines (LX),Swiss International Air Lines,291,01:04,,,,,CR9 CR2 319,,,"Codeshare",1678,1569,4559,
- -,ZRH,LPA,Helvetic Airways (2L),Helvetic Airways,1863,04:13,,,,,319,,,"Direct",1678,1054,2750,
- -,ZRH,LPA,Air Berlin (AB),Air Berlin,1863,04:13,,,,,320,,,"Direct",1678,1054,214,
- -,ZRH,LPA,Swiss International Air Lines (LX),Swiss International Air Lines,1863,04:13,,,,,320,,,"Codeshare",1678,1054,4559,
- -,ZRH,LTN,easyJet (U2),easyJet,500,01:30,,,,,319 320,,,"Direct",1678,492,2297,
- -,ZRH,LUG,Swiss International Air Lines (LX),Swiss International Air Lines,102,00:42,,,,,S20,,,"Codeshare",1678,1675,4559,
- -,ZRH,LUX,Swiss International Air Lines (LX),Swiss International Air Lines,183,00:51,,,,,AR1 320,,,"Direct",1678,629,4559,
- -,ZRH,LYS,Swiss International Air Lines (LX),Swiss International Air Lines,203,00:54,,,,,AR1,,,"Direct",1678,1335,4559,
- -,ZRH,MAD,Air Berlin (AB),Air Berlin,770,02:02,,,,,319,,,"Codeshare",1678,1229,214,
- -,ZRH,MAD,Iberia Airlines (IB),Iberia Airlines,770,02:02,,,,,319,,,"Direct",1678,1229,2822,
- -,ZRH,MAD,Swiss International Air Lines (LX),Swiss International Air Lines,770,02:02,,,,,320 32A,,,"Direct",1678,1229,4559,
- -,ZRH,MAN,Swiss International Air Lines (LX),Swiss International Air Lines,625,01:45,,,,,100 320 AR1,,,"Direct",1678,478,4559,
- -,ZRH,MCT,SriLankan Airlines (UL),SriLankan Airlines,3172,06:50,,,,,332,,,"Direct",1678,2194,4349,
- -,ZRH,MCT,Oman Air (WY),Oman Air,3172,06:50,,,,,332,,,"Direct",1678,2194,3778,
- -,ZRH,MIA,Swiss International Air Lines (LX),Swiss International Air Lines,4871,10:14,,,,,333,,,"Direct",1678,3576,4559,
- -,ZRH,MIA,United Airlines (UA),United Airlines,4871,10:14,,,,,333,,,"Codeshare",1678,3576,5209,
- -,ZRH,MLA,Air Malta (KM),Air Malta,857,02:12,,,,,319,,,"Direct",1678,1606,242,
- -,ZRH,MLA,Swiss International Air Lines (LX),Swiss International Air Lines,857,02:12,,,,,319,,,"Codeshare",1678,1606,4559,
- -,ZRH,MUC,Lufthansa (LH),Lufthansa,161,00:49,,,,,E95 319 CR9,,,"Direct",1678,346,3320,
- -,ZRH,MUC,Swiss International Air Lines (LX),Swiss International Air Lines,161,00:49,,,,,AR1,,,"Direct",1678,346,4559,
- -,ZRH,MXP,Swiss International Air Lines (LX),Swiss International Air Lines,126,00:45,,,,,AR1 100 320,,,"Direct",1678,1524,4559,
- -,ZRH,NAP,Air Berlin (AB),Air Berlin,535,01:34,,,,,320,,,"Direct",1678,1561,214,
- -,ZRH,NAP,Meridiana (IG),Meridiana,535,01:34,,,,,320,,,"Direct",1678,1561,3463,
- -,ZRH,NBE,Tunisair (TU),Tunisair,792,02:05,,,,,319,,,"Direct",1678,7447,4870,
- -,ZRH,NBO,Lufthansa (LH),Lufthansa,3778,08:03,,,,,333,,,"Codeshare",1678,4059,3320,
- -,ZRH,NBO,Swiss International Air Lines (LX),Swiss International Air Lines,3778,08:03,,,,,333,,,"Direct",1678,4059,4559,
- -,ZRH,NBO,United Airlines (UA),United Airlines,3778,08:03,,,,,333,,,"Codeshare",1678,4059,5209,
- -,ZRH,NCE,Swiss International Air Lines (LX),Swiss International Air Lines,270,01:02,,,,,320 319,,,"Direct",1678,1354,4559,
- -,ZRH,NRT,Swiss International Air Lines (LX),Swiss International Air Lines,5958,12:24,,,,,343,,,"Direct",1678,2279,4559,
- -,ZRH,NRT,All Nippon Airways (NH),All Nippon Airways,5958,12:24,,,,,343,,,"Codeshare",1678,2279,324,
- -,ZRH,NUE,Lufthansa (LH),Lufthansa,181,00:51,,,,,100 AR1,,,"Codeshare",1678,347,3320,
- -,ZRH,NUE,Swiss International Air Lines (LX),Swiss International Air Lines,181,00:51,,,,,100 AR1,,,"Direct",1678,347,4559,
- -,ZRH,OLB,Air Berlin (AB),Air Berlin,455,01:24,,,,,320 738,,,"Direct",1678,1520,214,
- -,ZRH,OLB,Meridiana (IG),Meridiana,455,01:24,,,,,320,,,"Codeshare",1678,1520,3463,
- -,ZRH,OPO,Swiss International Air Lines (LX),Swiss International Air Lines,950,02:24,,,,,320 319,,,"Codeshare",1678,1636,4559,
- -,ZRH,OPO,TAP Portugal (TP),TAP Portugal,950,02:24,,,,,320 319,,,"Direct",1678,1636,4869,
- -,ZRH,ORD,Swiss International Air Lines (LX),Swiss International Air Lines,4428,09:21,,,,,333,,,"Direct",1678,3830,4559,
- -,ZRH,ORD,United Airlines (UA),United Airlines,4428,09:21,,,,,333,,,"Codeshare",1678,3830,5209,
- -,ZRH,OSL,Swiss International Air Lines (LX),Swiss International Air Lines,879,02:15,,,,,319 320,,,"Direct",1678,644,4559,
- -,ZRH,OSL,Scandinavian Airlines System (SK),Scandinavian Airlines System,879,02:15,,,,,73G 738 736,,,"Direct",1678,644,4319,
- -,ZRH,OTP,Swiss International Air Lines (LX),Swiss International Air Lines,862,02:13,,,,,320,,,"Codeshare",1678,1657,4559,
- -,ZRH,PEK,Swiss International Air Lines (LX),Swiss International Air Lines,4949,10:23,,,,,333,,,"Direct",1678,3364,4559,
- -,ZRH,PHL,American Airlines (AA),American Airlines,4011,08:31,,,,,767,,,"Direct",1678,3752,24,
- -,ZRH,PHL,US Airways (US),US Airways,4011,08:31,,,,,762,,,"Direct",1678,3752,5265,
- -,ZRH,PMI,Air Berlin (AB),Air Berlin,618,01:44,,,,,738 320 332 321,,,"Direct",1678,3998,214,
- -,ZRH,PMI,Swiss International Air Lines (LX),Swiss International Air Lines,618,01:44,,,,,321 320,,,"Direct",1678,3998,4559,
- -,ZRH,PRG,Swiss International Air Lines (LX),Swiss International Air Lines,317,01:08,,,,,AR1,,,"Direct",1678,1587,4559,
- -,ZRH,PRG,Czech Airlines (OK),Czech Airlines,317,01:08,,,,,AT7 AT4,,,"Direct",1678,1587,1946,
- -,ZRH,PRN,Belair Airlines (4T),Belair Airlines,695,01:53,,,,,320,,,"Direct",1678,1742,1401,
- -,ZRH,PRN,Swiss International Air Lines (LX),Swiss International Air Lines,695,01:53,,,,,320,,,"Codeshare",1678,1742,4559,
- -,ZRH,PUJ,Swiss International Air Lines (LX),Swiss International Air Lines,4673,09:50,,,,,333,,,"Codeshare",1678,1760,4559,
- -,ZRH,PVG,Swiss International Air Lines (LX),Swiss International Air Lines,5608,11:42,,,,,343,,,"Direct",1678,3406,4559,
- -,ZRH,RAK,Swiss International Air Lines (LX),Swiss International Air Lines,1400,03:18,,,,,320,,,"Codeshare",1678,1075,4559,
- -,ZRH,RIX,Air Baltic (BT),Air Baltic,919,02:20,,,,,735,,,"Direct",1678,3953,333,
- -,ZRH,RMF,Helvetic Airways (2L),Helvetic Airways,2072,04:38,,,,,319,,,"Direct",1678,4197,2750,
- -,ZRH,RMF,Belair Airlines (4T),Belair Airlines,2072,04:38,,,,,320,,,"Direct",1678,4197,1401,
- -,ZRH,RMF,Swiss International Air Lines (LX),Swiss International Air Lines,2072,04:38,,,,,320,,,"Codeshare",1678,4197,4559,
- -,ZRH,SAW,Pegasus Airlines (PC),Pegasus Airlines,1119,02:44,,,,,738 320,,,"Direct",1678,4317,3926,
- -,ZRH,SFO,Swiss International Air Lines (LX),Swiss International Air Lines,5822,12:08,,,,,343,,,"Direct",1678,3469,4559,
- -,ZRH,SFO,United Airlines (UA),United Airlines,5822,12:08,,,,,343,,,"Codeshare",1678,3469,5209,
- -,ZRH,SIN,Swiss International Air Lines (LX),Swiss International Air Lines,6399,13:17,,,,,343,,,"Direct",1678,3316,4559,
- -,ZRH,SIN,Singapore Airlines (SQ),Singapore Airlines,6399,13:17,,,,,388,,,"Direct",1678,3316,4435,
- -,ZRH,SIN,US Airways (US),US Airways,6399,13:17,,,,,388,,,"Direct",1678,3316,5265,
- -,ZRH,SKP,Belair Airlines (4T),Belair Airlines,744,01:59,,,,,320,,,"Direct",1678,1737,1401,
- -,ZRH,SKP,Swiss International Air Lines (LX),Swiss International Air Lines,744,01:59,,,,,320,,,"Codeshare",1678,1737,4559,
- -,ZRH,SOF,Bulgaria Air (FB),Bulgaria Air,794,02:05,,,,,E90,,,"Direct",1678,1194,1548,
- -,ZRH,SPU,Swiss International Air Lines (LX),Swiss International Air Lines,462,01:25,,,,,DH4,,,"Codeshare",1678,1206,4559,
- -,ZRH,SPU,Croatia Airlines (OU),Croatia Airlines,462,01:25,,,,,DH4,,,"Direct",1678,1206,1925,
- -,ZRH,STR,Lufthansa (LH),Lufthansa,90,00:40,,,,,AR1 100 319,,,"Codeshare",1678,350,3320,
- -,ZRH,STR,Swiss International Air Lines (LX),Swiss International Air Lines,90,00:40,,,,,AR1,,,"Direct",1678,350,4559,
- -,ZRH,SUF,Air Berlin (AB),Air Berlin,705,01:54,,,,,320,,,"Direct",1678,1508,214,
- -,ZRH,SUF,Meridiana (IG),Meridiana,705,01:54,,,,,320,,,"Codeshare",1678,1508,3463,
- -,ZRH,SVO,Aeroflot Russian Airlines (SU),Aeroflot Russian Airlines,1354,03:12,,,,,320,,,"Direct",1678,2985,130,
- -,ZRH,TFS,Air Berlin (AB),Air Berlin,1901,04:18,,,,,320,,,"Direct",1678,1056,214,
- -,ZRH,TFS,Swiss International Air Lines (LX),Swiss International Air Lines,1901,04:18,,,,,320,,,"Codeshare",1678,1056,4559,
- -,ZRH,TGD,Montenegro Airlines (YM),Montenegro Airlines,630,01:45,,,,,100,,,"Direct",1678,1741,3539,
- -,ZRH,TLV,Swiss International Air Lines (LX),Swiss International Air Lines,1744,03:59,,,,,343 32A 333,,,"Direct",1678,1590,4559,
- -,ZRH,TLV,El Al Israel Airlines (LY),El Al Israel Airlines,1744,03:59,,,,,738 73G,,,"Direct",1678,1590,2150,
- -,ZRH,TPA,Swiss International Air Lines (LX),Swiss International Air Lines,4865,10:13,,,,,333,,,"Codeshare",1678,3646,4559,
- -,ZRH,TRN,Flybaboo (F7),Flybaboo,162,00:49,,,,,S20,,,"Direct",1678,1526,2420,
- -,ZRH,TUN,Tunisair (TU),Tunisair,737,01:58,,,,,736 320,,,"Direct",1678,287,4870,
- -,ZRH,TXL,Air Berlin (AB),Air Berlin,409,01:19,,,,,319 738 321 320 73G,,,"Direct",1678,351,214,
- -,ZRH,TXL,Hainan Airlines (HU),Hainan Airlines,409,01:19,,,,,319 738 320,,,"Direct",1678,351,2660,
- -,ZRH,TXL,Lufthansa (LH),Lufthansa,409,01:19,,,,,320 321,,,"Codeshare",1678,351,3320,
- -,ZRH,TXL,Swiss International Air Lines (LX),Swiss International Air Lines,409,01:19,,,,,320 321,,,"Direct",1678,351,4559,
- -,ZRH,VCE,Swiss International Air Lines (LX),Swiss International Air Lines,225,00:57,,,,,AR1 320,,,"Direct",1678,1551,4559,
- -,ZRH,VIE,Air Berlin (AB),Air Berlin,374,01:14,,,,,321 E90 320,,,"Codeshare",1678,1613,214,
- -,ZRH,VIE,Niki (HG),Niki,374,01:14,,,,,321 E90 320,,,"Direct",1678,1613,3661,
- -,ZRH,VIE,Swiss International Air Lines (LX),Swiss International Air Lines,374,01:14,,,,,32A 319 321 320 AR1,,,"Direct",1678,1613,4559,
- -,ZRH,VIE,Austrian Airlines (OS),Austrian Airlines,374,01:14,,,,,32A 320 319 321 AR1,,,"Codeshare",1678,1613,491,
- -,ZRH,VIE,Royal Jordanian (RJ),Royal Jordanian,374,01:14,,,,,321 E90,,,"Direct",1678,1613,4259,
- -,ZRH,VLC,Swiss International Air Lines (LX),Swiss International Air Lines,711,01:55,,,,,321 320,,,"Direct",1678,1246,4559,
- -,ZRH,WAW,LOT Polish Airlines (LO),LOT Polish Airlines,640,01:46,,,,,E70 E75,,,"Direct",1678,679,3210,
- -,ZRH,WAW,Swiss International Air Lines (LX),Swiss International Air Lines,640,01:46,,,,,100,,,"Direct",1678,679,4559,
- -,ZRH,WRO,Eurolot (K2),Eurolot,451,01:24,,,,,DH4,,,"Direct",1678,680,2245,
- -,ZRH,YUL,Air Canada (AC),Air Canada,3723,07:56,,,,,330,,,"Direct",1678,146,330,
- -,ZRH,YUL,Swiss International Air Lines (LX),Swiss International Air Lines,3723,07:56,,,,,333,,,"Direct",1678,146,4559,
- -,ZRH,YYZ,Air Canada (AC),Air Canada,4030,08:33,,,,,333,,,"Direct",1678,193,330,
- -,ZRH,YYZ,Swiss International Air Lines (LX),Swiss International Air Lines,4030,08:33,,,,,333,,,"Codeshare",1678,193,4559,
- -,ZRH,ZAG,Swiss International Air Lines (LX),Swiss International Air Lines,375,01:15,,,,,DH4,,,"Codeshare",1678,1208,4559,
- -,ZRH,ZAG,Croatia Airlines (OU),Croatia Airlines,375,01:15,,,,,DH4,,,"Direct",1678,1208,1925,